molecule_chembl_id,canonical_smiles,bioactivity_class,MolWt,MolLogP,NumHDonors,NumHAcceptors,pIC50
CHEMBL133897,CCOc1nn(-c2cccc(OCc3ccccc3)c2)c(=O)o1,active,312.32500000000005,2.8032000000000004,0,6,6.1249387366083
CHEMBL336398,O=C(N1CCCCC1)n1nc(-c2ccc(Cl)cc2)nc1SCC1CC1,active,376.9130000000002,4.554600000000004,0,5,7.0
CHEMBL131588,CN(C(=O)n1nc(-c2ccc(Cl)cc2)nc1SCC(F)(F)F)c1ccccc1,inactive,426.8510000000001,5.357400000000003,0,5,4.301029995663981
CHEMBL130628,O=C(N1CCCCC1)n1nc(-c2ccc(Cl)cc2)nc1SCC(F)(F)F,active,404.8450000000001,4.706900000000003,0,5,6.522878745280337
CHEMBL130478,CSc1nc(-c2ccc(OC(F)(F)F)cc2)nn1C(=O)N(C)C,active,346.33400000000006,3.095300000000001,0,6,6.096910013008056
CHEMBL130098,CSc1nc(-c2ccc(Cl)cc2)nn1C(=O)N(C)C,active,296.783,2.850100000000001,0,5,7.0
CHEMBL337486,CCCCCCSc1nc(-c2ccc(Cl)cc2)nn1C(=O)N1CCOCC1,inactive,408.95500000000027,4.571200000000005,0,6,4.301029995663981
CHEMBL336538,COc1ccc(-c2nc(SC)n(C(=O)N(C)C)n2)cc1,active,292.364,2.2053000000000003,0,6,6.096910013008056
CHEMBL131051,CSc1nc(-c2ccc(OC(F)(F)F)cc2)nn1C(=O)N(C)c1ccccc1,inactive,408.4050000000001,4.670100000000003,0,6,4.301029995663981
CHEMBL341437,CCSc1nc(-c2ccc(OC)cc2)nn1C(=O)N1CCOCC1,inactive,348.4280000000002,2.3659999999999997,0,7,4.301029995663981
CHEMBL335033,CSc1nc(-c2ccc3ccccc3c2)nn1C(=O)N(C)C,active,312.3980000000001,3.3499000000000017,0,5,7.301029995663981
CHEMBL122983,C[C@H]1C(=O)N(C(=O)NCc2ccccc2)[C@@H]1Oc1ccc(C(=O)C(C)(C)C)cc1,inactive,394.4710000000002,4.0084000000000035,1,4,4.0
CHEMBL338720,CSc1nc(-c2ccc(-c3ccccc3)cc2)nn1C(=O)N(C)C,active,338.4360000000001,3.8637000000000032,0,5,6.251811972993799
CHEMBL339995,CSc1nc(/C=C/c2ccccc2)nn1C(=O)N(C)C,active,288.37600000000003,2.700100000000001,0,5,8.0
CHEMBL335158,CCCCCCSc1nc(-c2ccc(Cl)cc2)nn1C(=O)N1CCCCC1,active,406.9830000000003,5.724900000000006,0,5,8.0
CHEMBL106126,Cc1c(C(C)C)c(=O)on1C(=O)N1CCC[C@H](C)C1,inactive,266.34099999999995,2.5731200000000003,0,4,4.769551078621726
CHEMBL336625,CCCCCCSc1nc(-c2ccc(C)cc2)nn1C(=O)N(C)c1ccccc1,inactive,408.57100000000014,6.0304200000000066,0,5,4.301029995663981
CHEMBL130666,CSc1nc(-c2ccc(Cl)cc2)nn1C(=O)N1CCCCC1,active,336.8480000000002,3.7744000000000026,0,5,7.585026652029182
CHEMBL134061,O=C(N1CCOCC1)n1nc(-c2ccc(Cl)cc2)nc1SCC(F)(F)F,inactive,406.81700000000006,3.553200000000002,0,6,4.301029995663981
CHEMBL133388,CSc1nc(-c2ccc(C)cc2)nn1C(=O)N(C)C,active,276.365,2.5051200000000007,0,5,6.096910013008056
CHEMBL130645,CSc1nc(-c2ccc(Cl)cc2)nn1C(=O)N1CCOCC1,inactive,338.82000000000016,2.620700000000001,0,6,4.301029995663981
CHEMBL133580,CCCCCCSc1nc(-c2ccc(Cl)cc2)nn1C(=O)N(C)c1ccccc1,inactive,428.98900000000015,6.375400000000006,0,5,4.301029995663981
CHEMBL336524,CCSc1nc(-c2ccc(Cl)cc2)nn1C(=O)N(C)C,active,310.81000000000006,3.2402000000000015,0,5,7.251811972993799
CHEMBL336276,CCCCCCSc1nc(-c2ccc(C)cc2)nn1C(=O)N(C)C,active,346.5000000000001,4.455620000000004,0,5,6.698970004336019
CHEMBL334395,CCCSc1nc(-c2ccc(Cl)cc2)nn1C(=O)N(C)C,active,324.8370000000001,3.6303000000000027,0,5,6.522878745280337
CHEMBL131320,Cc1ccc(-c2nc(SCC(F)(F)F)n(C(=O)N(C)C)n2)cc1,active,344.362,3.4376200000000017,0,5,6.698970004336019
CHEMBL339297,COc1nn(-c2ccc(NC(=O)c3ccc(C(C)(C)C)cc3)cc2)c(=O)o1,inactive,367.4050000000001,3.3839000000000015,1,6,4.301029995663981
CHEMBL337714,CSc1nc(-c2ccc(C(F)(F)F)cc2)nn1C(=O)N(C)C,active,330.33500000000004,3.2155000000000022,0,5,6.301029995663981
CHEMBL122575,C[C@H]1C(=O)N(C(=O)NCc2ccccc2)[C@@H]1Oc1ccc(C(=O)O)cc1,inactive,354.3620000000001,2.4778000000000002,2,4,4.0
CHEMBL130704,CSc1nc(-c2ccc(C)cc2)nn1C(=O)N1CCOCC1,inactive,318.40200000000016,2.2757199999999997,0,6,4.301029995663981
CHEMBL46151,CCN(CC)CCS/C(=N\O)C(=O)c1ccc(OC)cc1,inactive,310.41900000000004,2.7406000000000015,1,6,3.585026652029182
CHEMBL54126,CN(C)C(=O)Oc1cccc([N+](C)(C)C)c1.[Br-],active,303.19999999999993,-1.052299999999998,0,2,7.657577319177793
CHEMBL297316,C[N+](C)(C)CCS/C(=N\O)C(=O)c1ccc(F)cc1.[Cl-],inactive,320.817,-0.7604999999999988,1,4,3.0
CHEMBL431519,CN1CC[C@@]2(C)c3cc(OC(=O)NCCCCCCCCCCN4CCOCC4)ccc3N(C)[C@@H]12,active,486.7010000000004,4.597100000000005,1,6,7.3979400086720375
CHEMBL296429,Cc1ccc(C(=O)/C(=N/O)SCC[N+](C)(C)C)cc1.[Cl-],inactive,316.85400000000004,-0.5911799999999987,1,4,3.0
CHEMBL154972,N#CC(C#N)=C1Nc2ccccc2N1CCNCc1ccc(CN2CCCCC2)o1,active,402.5020000000003,3.5459600000000027,2,7,7.136677139879544
CHEMBL544022,CCN(CC)CCS/C(=N\O)C(=O)c1ccc(Cl)cc1.Cl,inactive,351.29900000000004,3.807200000000003,1,5,3.2839966563652006
CHEMBL45118,CC[N+](C)(CC)CCS/C(=N\O)C(=O)c1ccc(OC)cc1.[Cl-],inactive,360.90700000000004,-0.11079999999999801,1,5,3.0
CHEMBL542609,Cc1ccc(C(=O)/C(=N/O)SCCN(C)C)cc1.Cl,inactive,302.82699999999994,2.682020000000001,1,5,3.0
CHEMBL155322,CC1CCCCN1Cc1ccc(CNCCN2CCNC2=C(C#N)C#N)o1,active,368.4850000000001,1.90756,2,7,6.267606240177032
CHEMBL154211,N#CC(C#N)=C1NCCN1CCNCc1ccc(CN2CCCCC2)o1,active,354.4580000000002,1.519059999999999,2,7,7.522878745280337
CHEMBL1203537,CNC(NCCNCc1ccc(CN2CCCCC2)o1)=C(C#N)C#N.Cl,active,378.9080000000001,1.8446600000000002,3,7,6.080921907623926
CHEMBL86,CCN(CC)CCNC(=O)c1cc(Cl)c(N)cc1OC,inactive,299.8020000000001,2.0023999999999997,2,4,4.698970004336019
CHEMBL47375,COc1ccc(C(=O)/C(=N/O)SCC[N+](C)(C)C)cc1.[Cl-],inactive,332.85299999999995,-0.8909999999999978,1,5,3.0
CHEMBL542360,CN(C)CCS/C(=N\O)C(=O)c1ccc(Cl)cc1.Cl,inactive,323.24499999999995,3.0270000000000015,1,5,3.0
CHEMBL345849,N#CC(C#N)=C1NCCN1CCNCc1ccc(CN2CCC(O)CC2)o1,active,370.45700000000016,0.4898599999999996,3,8,6.4089353929735005
CHEMBL154689,CN(C)Cc1ccc(CNCCN2CCNC2=C(C#N)C#N)o1,active,314.39300000000003,0.5947600000000013,2,7,6.4089353929735005
CHEMBL346733,CCN(C)Cc1ccc(CNCCN2CCNC2=C(C#N)C#N)o1,active,328.42,0.9848600000000001,2,7,6.366531544420414
CHEMBL416464,COc1ccc(C(=O)/C(=N/O)SCCN(C)C)cc1,inactive,282.36499999999995,1.9604,1,6,3.0
CHEMBL1203539,CCN(CC)Cc1ccc(CNCCN2CCNC2=C(C#N)C#N)o1.Cl,active,378.9080000000001,1.7967600000000008,2,7,6.221848749616356
CHEMBL296786,CC[N+](C)(CC)CCS/C(=N\O)C(=O)c1ccc(Cl)cc1.[Cl-],inactive,365.326,0.534,1,4,3.0
CHEMBL63173,CN1CC[C@@]2(C)c3cc(OC(=O)NCCCCN4CCOCC4)ccc3N(C)[C@@H]12,inactive,402.5390000000002,2.2565,1,6,4.6777807052660805
CHEMBL433041,CCCCCCCNC(=O)Oc1ccc2c(c1)[C@]1(C)CCN(C)[C@@H]1N2C,active,359.5140000000002,4.114500000000003,1,4,6.5376020021010435
CHEMBL292788,CN1CC[C@@]2(C)c3cc(OC(=O)NCCN4CCOCC4)ccc3N(C)[C@@H]12,active,374.4850000000001,1.4763000000000004,1,6,6.154901959985743
CHEMBL33051,NC(=O)c1cc[n+](COC[n+]2ccccc2/C=N/O)cc1.[Cl-].[Cl-],inactive,359.21299999999997,-6.191599999999997,2,4,3.337242168318426
CHEMBL155392,CNC(NCCNCc1ccc(CN(C)C)o1)=C(C#N)C#N,active,302.38200000000006,0.4985600000000012,3,7,6.200659450546418
CHEMBL543546,CC(C)N(CCS/C(=N\O)C(=O)c1ccc(Cl)cc1)C(C)C.Cl,inactive,379.353,4.5842000000000045,1,5,3.4814860601221125
CHEMBL1420,C[n+]1ccccc1C=NO,inactive,137.162,0.3191999999999999,1,2,3.4685210829577446
CHEMBL556172,CCN(CC)CCS/C(=N\O)C(=O)c1ccccc1.Cl,inactive,316.854,3.1538000000000017,1,5,3.0
CHEMBL154263,CC1CCN(Cc2ccc(CNCCN3CCNC3=C(C#N)C#N)o2)CC1,active,368.4850000000001,1.76506,2,7,6.5376020021010435
CHEMBL544669,CCN(CC)CCS/C(=N\O)C(=O)c1ccc(Br)cc1.Cl,inactive,395.74999999999994,3.9163000000000037,1,5,3.677780705266081
CHEMBL62664,CN1CC[C@@]2(C)c3cc(OC(=O)NCCCCCCCCCCCN4CCOCC4)ccc3N(C)[C@@H]12,active,500.72800000000046,4.987200000000005,1,6,7.3979400086720375
CHEMBL155111,N#CC(C#N)=C1NCCN1CCNCc1ccc(CN2CCCC2)o1,active,340.43100000000015,1.1289599999999989,2,7,7.096910013008056
CHEMBL1203534,Cl.N#CC(C#N)=C1NCCN1CCNCc1ccc(CN2CC=CCC2)o1,active,388.9030000000002,1.7168599999999998,2,7,7.022276394711152
CHEMBL541044,CN(C)CCS/C(=N\O)C(=O)c1ccc(Br)cc1.Cl,inactive,367.69599999999997,3.136100000000002,1,5,3.1487416512809245
CHEMBL543779,CCN(CC)CCS/C(=N\O)C(=O)c1ccc(C#N)cc1.Cl,inactive,341.864,3.0254800000000013,1,6,3.744727494896694
CHEMBL155495,CNC(NCCNCc1ccc(COC)o1)=C(C#N)C#N,inactive,289.339,0.5833600000000008,3,7,4.698970004336019
CHEMBL64011,CN1CC[C@@]2(C)c3cc(OC(=O)NCCCCCCCCCN4CCOCC4)ccc3N(C)[C@@H]12,active,472.6740000000004,4.207000000000003,1,6,7.221848749616356
CHEMBL65585,CN1CC[C@@]2(C)c3cc(OC(=O)NCCCCCCCCCCCCN4CCOCC4)ccc3N(C)[C@@H]12,active,514.7550000000006,5.377300000000006,1,6,7.154901959985743
CHEMBL347539,CNC(NCCNCc1ccc(CN2CCCC2)o1)=C(C#N)C#N,active,328.4200000000001,1.0327600000000006,3,7,6.552841968657781
CHEMBL154433,N#CC(C#N)=C1NCCN1CCNCc1ccc(CN2CCOCC2)o1,inactive,356.4300000000002,0.36536000000000035,2,8,4.958607314841775
CHEMBL1790041,CNC(=C[N+](=O)[O-])NCCSCc1ccc(CN(C)C)o1,active,314.411,1.4589999999999999,2,7,6.187086643357144
CHEMBL65356,CN1CC[C@@]2(C)c3cc(OC(=O)NCCCCCCN4CCOCC4)ccc3N(C)[C@@H]12,active,430.59300000000025,3.0367000000000015,1,6,6.031517051446065
CHEMBL154366,CC1CCCN(Cc2ccc(CNCCN3CCNC3=C(C#N)C#N)o2)C1,active,368.4850000000001,1.7650599999999999,2,7,6.431798275933005
CHEMBL416644,CC[N+](C)(CC)CCS/C(=N\O)C(=O)c1ccc(F)cc1.[Cl-],inactive,348.871,0.01970000000000144,1,4,3.1426675035687315
CHEMBL94,CNC(=O)Oc1ccc2c(c1)[C@]1(C)CCN(C)[C@@H]1N2C,active,275.352,1.7739,1,4,7.522878745280337
CHEMBL65018,CN1CC[C@@]2(C)c3cc(OC(=O)NCCCCCCCCN4CCOCC4)ccc3N(C)[C@@H]12,active,458.64700000000033,3.816900000000002,1,6,7.096910013008056
CHEMBL296277,CC[N+](C)(CC)CCS/C(=N\O)C(=O)c1ccc(C#N)cc1.[Cl-],inactive,355.8910000000001,-0.2477199999999986,1,5,3.0
CHEMBL66309,CN1CC[C@@]2(C)c3cc(OC(=O)NCCCCCCCN4CCOCC4)ccc3N(C)[C@@H]12,active,444.6200000000003,3.426800000000002,1,6,6.42021640338319
CHEMBL296560,C[N+](C)(C)CCS/C(=N\O)C(=O)c1ccc(Br)cc1.[I-],inactive,473.174,-0.13709999999999978,1,4,3.0
CHEMBL152260,N#CC(C#N)=C1NCCN1CCNCc1ccc(CN2CCCC(O)C2)o1,active,370.45700000000016,0.4898599999999996,3,8,6.431798275933005
CHEMBL296669,CN(C)CCCS/C(=N\O)C(=O)c1ccc(Br)cc1.O=C(O)C(=O)O,inactive,435.2960000000001,2.26,3,7,3.0
CHEMBL1203538,Cl.N#CC(C#N)=C1NCCN1CCNCc1ccc(CN2CCCCCC2)o1,active,404.9460000000003,2.33096,2,7,6.920818753952375
CHEMBL11805,COc1ccccc1CN(C)CCCCCC(=O)N(C)CCCCCCCCN(C)C(=O)CCCCCN(C)Cc1ccccc1OC,active,666.9920000000003,7.64580000000001,0,6,6.770011163455189
CHEMBL94,CNC(=O)Oc1ccc2c(c1)[C@]1(C)CCN(C)[C@@H]1N2C,active,275.352,1.7739,1,4,7.849857838151442
CHEMBL132377,COc1ccccc1CNCCCCCC(=O)N(C)CCCCCCCCN(C)C(=O)CCCCCNCc1ccccc1OC,active,638.9380000000004,6.961400000000008,2,6,6.509999358109048
CHEMBL132133,NCCCCCCNCCSSCCNCCCCCCN,inactive,350.6420000000003,2.5851999999999995,4,6,3.300000003143145
CHEMBL95,Nc1c2c(nc3ccccc13)CCCC2,active,198.26899999999992,2.695800000000001,1,2,6.659992382003327
CHEMBL286990,C[n+]1ccn(COCC(C)(C)[N+](=O)[O-])c1/C=N/O.[Cl-],inactive,292.72299999999996,-2.8458999999999968,1,6,4.97469413473523
CHEMBL294891,C/C=C1\C2C=C(C(F)(F)F)CC1(N)c1ccc(O)nc1C2,active,296.29200000000003,2.9522000000000004,2,3,6.3979400086720375
CHEMBL1255901,C/C=C1\[C@H]2C=C(C)C[C@@]1(N)c1ccc(=O)[nH]c1C2,active,242.32199999999997,1.9975,2,2,8.301029995663981
CHEMBL95,Nc1c2c(nc3ccccc13)CCCC2,active,198.26899999999992,2.695800000000001,1,2,6.5951662833800615
CHEMBL89011,Nc1c2c(nc3ccccc13)-c1ccccc1CO2,inactive,248.28499999999997,3.376400000000002,1,3,3.6108339156354674
CHEMBL748,C[n+]1ccccc1/C=N/O.[Cl-],inactive,172.615,-2.6767999999999983,1,2,3.4365189146055894
CHEMBL50608,Nc1cc(-c2ccccc2)nc2ccccc12,inactive,220.275,3.4840000000000018,1,2,4.940058111938045
CHEMBL27675,C[n+]1ccn(COCCS(C)(=O)=O)c1/C=N/O.[Cl-],inactive,297.764,-3.856599999999996,1,6,4.576754126063192
CHEMBL60167,Nc1c2c(nc3ccccc13)-c1ccccc1C2,active,232.28599999999997,3.388200000000001,1,2,6.170053304058364
CHEMBL314800,Nc1c2c(nc3ccccc13)-c1ccccc1CS2,inactive,264.35299999999995,4.0897000000000014,1,3,4.730954290342377
CHEMBL553212,C[n+]1ccn(CCN2CCCC2)c1/C=N/O.[Cl-],inactive,258.753,-2.779499999999996,1,4,4.747146969020107
CHEMBL315013,COc1cc2cc(C(=O)CC(O)C3CC[N+](C)(Cc4ccccc4)CC3)sc2cc1OC.[Br-],active,534.5160000000002,1.9129999999999998,1,5,6.6595558851598815
CHEMBL155754,C/N=C1/CCc2c1n(C)c1ccc(OC(=O)NC)c(Cl)c21,active,305.76500000000004,2.915000000000001,1,4,6.638272163982407
CHEMBL314658,COc1cc2cc(C(=O)CC3=CC[N+](C)(Cc4ccccc4)CC3)sc2cc1OC.[Br-],active,502.47400000000016,2.472200000000001,0,4,6.1249387366083
CHEMBL87170,COc1cc2cc(C(=O)CCc3cc[n+](Cc4ccccc4)cc3)sc2cc1OC,active,418.53800000000007,5.069800000000005,0,4,8.337242168318426
CHEMBL87959,COc1cc2cc(C(=O)CCC3CC[N+](C)(CCOc4ccccc4)CC3)sc2cc1OC.[Br-],active,548.5430000000001,2.8210000000000015,0,5,6.4089353929735005
CHEMBL82810,COc1cc2cc(C(=O)CCc3cc[n+](CC4CCC4)cc3)sc2cc1OC.[Br-],active,476.4360000000001,1.8256000000000003,0,4,7.3979400086720375
CHEMBL157182,C/N=C1/CCc2c1n(C)c1cc(Cl)c(OC(=O)NC)cc21,active,305.765,2.915000000000001,1,4,6.173925197299173
CHEMBL88049,COc1cc2cc(C(=O)CCCCC3CC[N+](C)(Cc4ccccc4)CC3)sc2cc1OC.[Br-],active,546.5710000000001,3.722400000000003,0,4,6.958607314841775
CHEMBL87128,CC[n+]1ccc(CCC(=O)c2cc3cc(OC)c(OC)cc3s2)cc1.[Br-],active,436.37100000000004,1.0453999999999999,0,4,6.552841968657781
CHEMBL160219,CNC(=O)Oc1ccc2c(c1)c1c(n2C)/C(=N\CCc2ccccc2)CC1,active,361.4450000000001,3.874500000000003,1,4,6.795880017344075
CHEMBL445916,CCCn1c2c(c3c(Br)c(OC(=O)NC)ccc31)CC/C2=N/CC,active,392.2970000000002,4.287200000000003,1,4,6.638272163982407
CHEMBL85473,COc1cc2cc(C(O)C3CC[N+](C)(Cc4ccccc4)CC3)sc2cc1OC.[Br-],inactive,492.47900000000016,2.0126999999999997,1,4,4.708187312532881
CHEMBL314502,COc1cc2cc(C(=O)CCC3CC[N+](C)(CC#N)CC3)sc2cc1OC.[Br-],active,467.4290000000001,1.2655800000000001,0,5,6.0
CHEMBL87320,COCC[N+]1(C)CCC(CCC(=O)c2cc3cc(OC)c(OC)cc3s2)CC1.[Br-],active,486.4720000000002,1.3884000000000007,0,5,7.275724130399211
CHEMBL87280,COC(=O)c1ccc(C[n+]2ccc(CCC(=O)c3cc4cc(OC)c(OC)cc4s3)cc2)cc1,active,476.5740000000002,4.856400000000004,0,6,6.0
CHEMBL313809,COc1cc2cc(C(=O)C=C3CC[N+](C)(Cc4ccccc4)CC3)sc2cc1OC.[Br-],active,502.47400000000016,2.472200000000001,0,4,6.2839966563652006
CHEMBL87849,COc1cc2cc(C(=O)CCc3cc[n+](Cc4ccc(F)cc4)cc3)sc2cc1OC,active,436.5280000000001,5.208900000000005,0,4,8.585026652029182
CHEMBL314398,COc1cc2cc(C(=O)CC(OC)C3CC[N+](C)(Cc4ccccc4)CC3)sc2cc1OC.[Br-],active,548.5430000000002,2.567100000000001,0,5,6.920818753952375
CHEMBL87373,COc1cc2cc(C(=O)CCc3cc[n+](CC4CC4)cc3)sc2cc1OC.[Br-],active,462.40900000000005,1.4355,0,4,6.958607314841775
CHEMBL83005,COc1cc2cc(C(=O)CC3(O)CC[N+](C)(Cc4ccccc4)CC3)sc2cc1OC.[Br-],active,520.4890000000001,1.6669999999999998,1,5,7.045757490560675
CHEMBL315515,COc1cc2cc(C(=O)CCC3CC[N+](C)(CC4CCCCO4)CC3)sc2cc1OC.[Br-],active,526.5370000000003,2.3110999999999997,0,5,7.552841968657781
CHEMBL441632,COc1cc2cc(C(=O)CCc3cc[n+](C)cc3)sc2cc1OC.[Br-],active,422.34400000000005,0.5624999999999998,0,4,6.045757490560675
CHEMBL87937,COCC[n+]1ccc(CCC(=O)c2cc3cc(OC)c(OC)cc3s2)cc1,active,386.4930000000001,3.667900000000003,0,5,7.522878745280337
CHEMBL441808,COc1cc2cc(C(=O)CC(O)CCC3CC[N+](C)(Cc4ccccc4)CC3)sc2cc1OC.[Br-],active,562.5700000000002,2.693200000000001,1,5,6.42021640338319
CHEMBL87649,COc1cc2cc(C(=O)CCc3cc[n+](Cc4ccsc4)cc3)sc2cc1OC,active,424.56700000000006,5.131300000000005,0,5,8.221848749616356
CHEMBL160836,CC/N=C1/CCc2c1n(C)c1ccc(OC(=O)NC)c(Br)c21,active,364.24300000000005,3.414200000000002,1,4,6.853871964321762
CHEMBL156861,C/N=C1/CCc2c1n(C)c1ccc(OC(=O)NC)c(Br)c21,active,350.216,3.0241000000000016,1,4,6.7447274948966935
CHEMBL314766,COC(=O)C[N+]1(C)CCC(CCC(=O)c2cc3cc(OC)c(OC)cc3s2)CC1.[Br-],active,500.4550000000002,0.9150000000000009,0,6,7.267606240177032
CHEMBL315013,COc1cc2cc(C(=O)CC(O)C3CC[N+](C)(Cc4ccccc4)CC3)sc2cc1OC.[Br-],active,534.5160000000002,1.9129999999999998,1,5,6.1771783546968955
CHEMBL88026,COc1cc2cc(C(=O)CCC3CC[N+](C)(Cc4ccccc4)CC3)sc2cc1OC.[Br-],active,518.517,2.9422000000000015,0,4,8.096910013008056
CHEMBL86233,COc1cc2cc(CC3CC[N+](C)(Cc4ccccc4)CC3)sc2cc1OC.[Br-],inactive,476.48000000000013,2.5218000000000007,0,3,5.0
CHEMBL155350,CC/N=C1/CCc2c1n(C)c1ccc(OC(=O)NC)c(Cl)c21,active,319.7920000000001,3.3051000000000013,1,4,6.795880017344075
CHEMBL433041,CCCCCCCNC(=O)Oc1ccc2c(c1)[C@]1(C)CCN(C)[C@@H]1N2C,active,359.5140000000002,4.114500000000003,1,4,8.045757490560675
CHEMBL87980,C=CC[n+]1ccc(CCC(=O)c2cc3cc(OC)c(OC)cc3s2)cc1.[Br-],active,448.38200000000006,1.2114999999999998,0,4,6.267606240177032
CHEMBL87441,CCOCC[n+]1ccc(CCC(=O)c2cc3cc(OC)c(OC)cc3s2)cc1,active,400.5200000000001,4.058000000000003,0,5,8.154901959985743
CHEMBL315013,COc1cc2cc(C(=O)CC(O)C3CC[N+](C)(Cc4ccccc4)CC3)sc2cc1OC.[Br-],active,534.5160000000002,1.9129999999999998,1,5,7.366531544420414
CHEMBL158946,C/N=C1/CCc2c1n(C)c1ccc(OC(=O)N(C)C)c(Br)c21,active,364.24300000000005,3.3663000000000025,0,4,7.221848749616356
CHEMBL315013,COc1cc2cc(C(=O)CC(O)C3CC[N+](C)(Cc4ccccc4)CC3)sc2cc1OC.[Br-],active,534.5160000000002,1.9129999999999998,1,5,6.721246399047171
CHEMBL609440,COc1cc2cc(C(=O)CCc3cc[n+](Cc4ccc([N+](=O)[O-])o4)cc3)sc2cc1OC.[Br-],active,533.4000000000001,1.5750000000000004,0,7,8.346787486224656
CHEMBL313271,COc1cc2cc(C(=O)CCC3CC[N+](C)(Cc4ccc([N+](=O)[O-])o4)CC3)sc2cc1OC.[Br-],active,553.4750000000001,2.4434000000000005,0,7,7.494850021680094
CHEMBL423313,COc1cc2cc(C(=O)CCC3CC[N+](C)(CC(=O)OC(C)(C)C)CC3)sc2cc1OC.[Br-],active,542.5360000000003,2.0837,0,6,7.102372908709558
CHEMBL309667,CNC(=O)Oc1ccc2c(c1)[C@]1(C)CCNC1N2,active,247.29799999999997,1.4073999999999998,3,4,7.962573502059376
CHEMBL419470,C[C@@]12CCNC1Nc1ccc(OC(=O)Nc3ccccc3)cc12,active,309.369,3.3001000000000014,3,4,7.655607726314889
CHEMBL80221,CNC(=O)Oc1ccc2c(c1)[C@]1(C)CCN(C)C1N2Cc1ccccc1,active,351.45000000000005,3.3443000000000023,1,4,6.79317412396815
CHEMBL94,CNC(=O)Oc1ccc2c(c1)[C@]1(C)CCN(C)[C@@H]1N2C,active,275.352,1.7739,1,4,7.554395796726403
CHEMBL431844,Nc1c2c(nc3ccccc13)C1CCC2C1,active,210.27999999999994,3.181700000000002,1,2,7.501689446210399
CHEMBL80247,CN1c2ccc(OC(=O)Nc3ccccc3)cc2[C@]2(C)CCNC12,active,323.3960000000001,3.3244000000000016,2,4,7.860120913598763
CHEMBL418917,CN1CC[C@@]2(C)c3cc(OC(=O)Nc4ccccc4)ccc3NC12,active,323.396,3.6423000000000014,2,4,7.38933983691012
CHEMBL369661,Nc1c2c(nc3c(Cl)cccc13)CCCC2,active,232.71399999999997,3.3492000000000015,1,2,7.161780778092374
CHEMBL94,CNC(=O)Oc1ccc2c(c1)[C@]1(C)CCN(C)[C@@H]1N2C,active,275.352,1.7739,1,4,7.214670164989233
CHEMBL502,COc1cc2c(cc1OC)C(=O)C(CC1CCN(Cc3ccccc3)CC1)C2,active,379.50000000000017,4.361100000000004,0,4,8.63264407897398
CHEMBL74089,CNC(=O)Oc1ccc2c(c1)[C@]1(C)CCNC1N2C,active,261.325,1.4317,2,4,7.6777807052660805
CHEMBL134057,Nc1c2c(nc3cccc(Cl)c13)CCCC2,active,232.7139999999999,3.3492000000000015,1,2,8.0268721464003
CHEMBL76241,CNC(=O)Oc1ccc2c(c1)[C@]1(C)CCN(Cc3ccccc3)C1N2C,active,351.45,3.3443000000000023,1,4,6.481486060122113
CHEMBL431784,CNC(=O)Oc1ccc2c(c1)[C@]1(C)CCN(C)C1N2,active,261.32499999999993,1.7496,2,4,7.246416941107094
CHEMBL51934,Nc1c2c(nc3ccccc13)CCCC2O,active,214.26799999999994,2.1867000000000005,2,3,6.785156151952302
CHEMBL352500,Nc1c2c(nc3cc(Cl)ccc13)C1CCC2C1,active,244.72499999999997,3.8351000000000015,1,2,8.346787486224656
CHEMBL292314,Nc1c2c(nc3cc(Cl)ccc13)CCCC2,active,232.71399999999994,3.3492000000000015,1,2,8.744727494896694
CHEMBL355740,Nc1c2c(nc3c(Cl)cccc13)C1CCC2C1,active,244.725,3.8351000000000015,1,2,7.074172425375258
CHEMBL54727,CN1CC[C@@]2(C)c3cc(OC(=O)Nc4ccccc4)ccc3N(C)C12,active,337.42300000000006,3.6666000000000025,1,4,7.619788758288394
CHEMBL95,Nc1c2c(nc3ccccc13)CCCC2,active,198.26899999999992,2.695800000000001,1,2,7.474955192963154
CHEMBL309351,C[C@]12CCNC1Nc1ccc(OC(=O)Nc3ccccc3)cc12,active,309.369,3.3001000000000014,3,4,6.636388020107856
CHEMBL76135,C[C@@]12CCN(Cc3ccccc3)C1N(Cc1ccccc1)c1ccc(OC(=O)Nc3ccccc3)cc12,inactive,489.6190000000002,6.807400000000007,1,4,4.385841290490825
CHEMBL368196,Nc1c2c(nc3cccc(Cl)c13)C1CCC2C1,active,244.72499999999994,3.8351000000000015,1,2,7.374687549038326
CHEMBL62084,Nc1c2c(nc3ccc(Cl)cc13)CCCC2,active,232.7139999999999,3.3492000000000015,1,2,6.129011186239425
CHEMBL1202875,Cl.Cl.O.c1ccc(CN2CCC(CCOc3ccc(-c4ccccc4)nn3)CC2)cc1,active,464.4370000000001,4.843600000000005,0,4,6.1487416512809245
CHEMBL95,Nc1c2c(nc3ccccc13)CCCC2,active,198.26899999999992,2.695800000000001,1,2,6.844663962534939
CHEMBL134057,Nc1c2c(nc3cccc(Cl)c13)CCCC2,active,232.7139999999999,3.3492000000000015,1,2,7.4089353929735005
CHEMBL436367,Nc1c2c(nc3c1CCCO3)CCCC2,active,204.27299999999994,1.8676000000000001,1,3,6.341988603342887
CHEMBL132365,COc1cccc2nc3c(c(N)c12)CCCC3,active,228.29499999999993,2.7044000000000006,1,3,6.211124884224583
CHEMBL3215535,Cl.Cl.c1ccc(CN2CCC(CCNc3ccc(-c4ccccc4)nn3)CC2)cc1,active,445.4380000000001,5.701400000000006,1,4,6.853871964321762
CHEMBL1202865,Cl.Cl.O.c1ccc(CN2CCC(CCNc3cc4c(nn3)-c3ccccc3CCC4)CC2)cc1,active,503.5180000000003,5.365400000000004,1,4,6.920818753952375
CHEMBL133520,Nc1c2c(nc3cccc(F)c13)OCCC2,active,218.2309999999999,2.2811000000000003,1,3,6.474955192963154
CHEMBL130373,Nc1c2c(nc3cnccc13)OCCC2,active,201.22899999999996,1.537,1,4,7.376750709602099
CHEMBL95,Nc1c2c(nc3ccccc13)CCCC2,active,198.26899999999992,2.695800000000001,1,2,7.022276394711152
CHEMBL1202884,Cl.Cl.O.c1ccc(CN2CCC(CCNc3cc4ccc5ccccc5c4nn3)CC2)cc1,active,487.4750000000002,5.516100000000005,1,4,6.721246399047171
CHEMBL263198,Nc1c2c(nc3c1CCCC3)CCCC2,active,202.30099999999993,2.4214,1,2,6.443697499232712
CHEMBL133906,Cc1cccc2nc3c(c(N)c12)CCCC3,active,212.29599999999994,3.004220000000002,1,2,7.00436480540245
CHEMBL1204162,Cl.O.c1ccc(CN2CCC(CCN=c3cc4c(n[nH]3)-c3ccccc3C4)CC2)cc1,active,439.00300000000016,3.7810000000000024,1,3,7.130768280269024
CHEMBL132030,Nc1c2c(nc3cccc(F)c13)CCCC2,active,216.2589999999999,2.834900000000001,1,2,7.107905397309519
CHEMBL133448,Nc1c2c(nc3ncccc13)CCCC2,active,199.25699999999995,2.0907999999999998,1,3,6.367542707815276
CHEMBL130880,Nc1c2c(nc3c1CCC3)CCCC2,active,188.27399999999994,2.0313,1,2,6.181774106386045
CHEMBL1202874,Cl.Cl.c1ccc(CN2CCC(CCSc3ccc(-c4ccccc4)nn3)CC2)cc1,active,462.4900000000001,6.381600000000006,0,4,6.327902142064283
CHEMBL134154,COc1cccc2nc3c(c(N)c12)CCCO3,active,230.26699999999994,2.1506,1,4,6.217527375833714
CHEMBL132260,Nc1c2c(nc3ccccc13)OCCC2,active,200.24099999999993,2.1420000000000003,1,3,6.575118363368933
CHEMBL1204299,Cc1cc(=NCCC2CCN(Cc3ccccc3)CC2)[nH]nc1-c1ccccc1.Cl.Cl.O,active,477.48000000000013,4.607020000000007,1,3,7.4089353929735005
CHEMBL1204296,CCc1cc(=NCCC2CCN(Cc3ccccc3)CC2)[nH]nc1-c1ccccc1.Cl.Cl.O,active,491.5070000000002,4.861000000000009,1,3,7.180456064458132
CHEMBL1202885,Cl.Cl.O.c1ccc(CN2CCC(CCNc3cc4c(nn3)-c3ccccc3CC4)CC2)cc1,active,489.49100000000027,4.975300000000003,1,4,6.721246399047171
CHEMBL502,COc1cc2c(cc1OC)C(=O)C(CC1CCN(Cc3ccccc3)CC1)C2,active,379.50000000000017,4.361100000000004,0,4,7.795880017344075
CHEMBL337453,Nc1c2c(nc3cccc(Cl)c13)OCCC2,active,234.68599999999992,2.7954000000000017,1,3,6.504455662453552
CHEMBL132619,Cc1cccc2nc3c(c(N)c12)CCCO3,active,214.26799999999994,2.4504200000000003,1,3,6.823908740944319
CHEMBL293316,C=CC[N+](C)(C)c1cccc(OC)c1.[Br-],inactive,272.186,-0.5478999999999994,0,1,5.0
CHEMBL61515,C=CCC[N+](C)(C)c1ccccc1O.[Br-],inactive,272.186,-0.46080000000000004,1,1,5.0
CHEMBL54126,CN(C)C(=O)Oc1cccc([N+](C)(C)C)c1.[Br-],active,303.19999999999993,-1.052299999999998,0,2,8.698970004336019
CHEMBL442361,COc1ccc([N+](C)(C)Cc2ccccc2)cc1.[Br-],inactive,322.246,0.4662999999999997,0,1,5.0
CHEMBL58034,C[N+](C)(C)Cc1cccc(O)c1.[Br-],inactive,246.14799999999997,-1.3975999999999984,1,1,5.0
CHEMBL61965,COc1ccc(C(=O)COc2ccc([N+](C)(C)Cc3ccccc3)cc2)cc1OC.[Br-],inactive,486.4060000000001,1.7366,0,4,5.0
CHEMBL62210,CC(=O)Oc1ccc([N+](C)(C)Cc2ccccc2)cc1.[Br-],inactive,350.256,0.383,0,2,5.0
CHEMBL57003,C=CC[N+](C)(C)c1ccc(OC(C)=O)cc1.[Br-],inactive,300.19599999999997,-0.6311999999999989,0,2,5.0
CHEMBL291783,C[N+](C)(Cc1ccccc1)c1ccccc1O.[Br-],inactive,308.219,0.16329999999999983,1,1,5.0
CHEMBL294498,C=CC[N+](C)(C)Cc1cccc(O)c1.[Br-],inactive,272.18600000000004,-0.8413999999999988,1,1,5.0
CHEMBL293268,COc1cccc(C[N+](C)(C)Cc2ccccc2)c1.[Br-],inactive,336.27299999999997,0.4758000000000002,0,1,5.0
CHEMBL293751,COc1cccc([N+](C)(C)Cc2ccccc2)c1.[Br-],inactive,322.246,0.46629999999999994,0,1,5.0
CHEMBL59192,C=CC[N+](C)(C)c1cccc(OC(C)=O)c1.[Br-],active,300.19599999999997,-0.6311999999999989,0,2,6.0
CHEMBL300176,COc1cccc(C[N+](C)(C)C)c1.[Br-],inactive,260.17499999999995,-1.094599999999998,0,1,5.0
CHEMBL61905,COc1ccccc1[N+](C)(C)Cc1ccccc1.[Br-],inactive,322.246,0.46629999999999994,0,1,5.0
CHEMBL58511,C=CC[N+](C)(C)c1ccc(OCC(=O)c2ccc(OC)c(OC)c2)cc1.[Br-],inactive,436.34600000000006,0.7224000000000006,0,4,5.0
CHEMBL294674,C=C(C)C[N+](C)(C)c1ccccc1O.[Br-],inactive,272.186,-0.46080000000000004,1,1,5.0
CHEMBL57842,C=CC[N+](C)(C)c1ccc(OC)cc1.[Br-],inactive,272.186,-0.5478999999999994,0,1,5.0
CHEMBL299898,CC(=O)Oc1ccccc1[N+](C)(C)Cc1ccccc1.[Br-],inactive,350.256,0.383,0,2,5.0
CHEMBL62031,COc1ccc(C(=O)COc2cccc([N+](C)(C)C)c2)cc1OC.[Br-],inactive,410.3080000000001,0.16620000000000124,0,4,5.0
CHEMBL60074,COc1ccc(C(=O)COc2cccc([N+](C)(C)Cc3ccccc3)c2)cc1OC.[Br-],active,486.4060000000002,1.7366,0,4,6.481486060122113
CHEMBL59490,C=CC[N+](C)(C)Cc1cccc(OC)c1.[Br-],inactive,286.21299999999997,-0.5383999999999984,0,1,5.0
CHEMBL61180,C[N+](C)(Cc1ccccc1)Cc1cccc(O)c1.[Br-],inactive,322.246,0.17280000000000012,1,1,5.0
CHEMBL60180,COc1ccc(C(=O)COc2ccc([N+](C)(C)C)cc2)cc1OC.[Br-],inactive,410.30800000000005,0.16620000000000124,0,4,5.0
CHEMBL294152,C=C(C)C[N+](C)(C)c1ccccc1OC.[Br-],inactive,286.21299999999997,-0.15779999999999883,0,1,5.0
CHEMBL305386,C=C(C)C[N+](C)(C)c1cccc(OC)c1.[Br-],inactive,286.21299999999997,-0.15779999999999883,0,1,5.0
CHEMBL294897,C[N+](C)(Cc1ccccc1)c1ccc(O)cc1.[Br-],inactive,308.219,0.16329999999999983,1,1,5.0
CHEMBL58190,CC(=O)Oc1cccc([N+](C)(C)Cc2ccccc2)c1.[Br-],inactive,350.256,0.383,0,2,5.0
CHEMBL58252,C=CC[N+](C)(C)c1ccc(O)cc1.[Br-],inactive,258.159,-0.8508999999999998,1,1,5.0
CHEMBL58194,C=CC[N+](C)(C)c1ccccc1OC.[Br-],active,272.186,-0.5478999999999994,0,1,6.0
CHEMBL61126,C=C(C)C[N+](C)(C)c1cccc(O)c1.[Br-],inactive,272.186,-0.4608000000000001,1,1,5.0
CHEMBL294251,COc1ccc(C(=O)CCc2cccc([N+](C)(C)C)c2)cc1OC.[Br-],inactive,408.33600000000007,0.72,0,3,5.0
CHEMBL60874,C[N+](C)(Cc1ccccc1)c1cccc(O)c1.[Br-],inactive,308.219,0.16330000000000006,1,1,5.0
CHEMBL294292,C=C(C)C[N+](C)(C)c1ccc(O)cc1.[Br-],inactive,272.186,-0.4608000000000001,1,1,5.0
CHEMBL299435,C[C@@H]1C(=O)N(C(=O)C2CC2)[C@H]2CCN(C(=O)[C@@H]3CCCN3S(=O)(=O)c3cccc4c(N(C)C)cccc34)[C@H]12,inactive,538.6700000000002,2.4433000000000007,0,6,4.0
CHEMBL305670,CNC(=O)Oc1ccc2c(c1)[C@]1(C)CCN[C@@H]1N2C,active,261.325,1.4317,2,4,7.638272163982407
CHEMBL305670,CNC(=O)Oc1ccc2c(c1)[C@]1(C)CCN[C@@H]1N2C,active,261.325,1.4317,2,4,7.6777807052660805
CHEMBL94,CNC(=O)Oc1ccc2c(c1)[C@]1(C)CCN(C)[C@@H]1N2C,active,275.352,1.7739,1,4,7.508638306165727
CHEMBL94,CNC(=O)Oc1ccc2c(c1)[C@]1(C)CCN(C)[C@@H]1N2C,active,275.352,1.7739,1,4,7.455931955649724
CHEMBL75729,CNC(=O)Oc1ccc2c(c1)[C@]1(C)CCN(CCc3ccccc3)[C@@H]1N2C,active,365.477,3.3868000000000027,1,4,6.823908740944319
CHEMBL75729,CNC(=O)Oc1ccc2c(c1)[C@]1(C)CCN(CCc3ccccc3)[C@@H]1N2C,active,365.477,3.3868000000000027,1,4,6.657577319177793
CHEMBL74950,COc1ccc(NC(=O)Oc2ccc3c(c2)[C@]2(C)CCN(C)[C@@H]2N3C)cc1,active,367.4490000000001,3.675200000000002,1,5,6.638272163982407
CHEMBL74950,COc1ccc(NC(=O)Oc2ccc3c(c2)[C@]2(C)CCN(C)[C@@H]2N3C)cc1,active,367.4490000000001,3.675200000000002,1,5,6.455931955649724
CHEMBL74107,CCCCCCCCNC(=O)Oc1ccc2c(c1)[C@]1(C)CCN(C)[C@@H]1N2C,active,373.54100000000017,4.5046000000000035,1,4,7.823908740944319
CHEMBL74107,CCCCCCCCNC(=O)Oc1ccc2c(c1)[C@]1(C)CCN(C)[C@@H]1N2C,active,373.54100000000017,4.5046000000000035,1,4,7.795880017344075
CHEMBL94,CNC(=O)Oc1ccc2c(c1)[C@]1(C)CCN(C)[C@@H]1N2C,inactive,275.352,1.7739,1,4,4.657577319177793
CHEMBL94,CNC(=O)Oc1ccc2c(c1)[C@]1(C)CCN(C)[C@@H]1N2C,inactive,275.352,1.7739,1,4,4.6020599913279625
CHEMBL301610,CC(=O)N1C(=O)[C@@H](C)[C@@H]2[C@@H]1CCN2C(=O)[C@@H]1CCCN1S(=O)(=O)c1cccc2c(N(C)C)cccc12,inactive,512.6320000000002,2.053200000000001,0,6,4.0
CHEMBL74257,CNC(=O)Oc1ccc2c(c1)[C@]1(C)CCN(Cc3ccccc3)[C@@H]1N2C,active,351.45,3.3443000000000023,1,4,6.721246399047171
CHEMBL74257,CNC(=O)Oc1ccc2c(c1)[C@]1(C)CCN(Cc3ccccc3)[C@@H]1N2C,active,351.45,3.3443000000000023,1,4,6.481486060122113
CHEMBL307721,C=CCN1CC[C@@]2(C)c3cc(OC(=O)NC)ccc3N(C)[C@@H]12,active,301.39000000000004,2.3301000000000007,1,4,7.494850021680094
CHEMBL307721,C=CCN1CC[C@@]2(C)c3cc(OC(=O)NC)ccc3N(C)[C@@H]12,active,301.39000000000004,2.3301000000000007,1,4,7.346787486224656
CHEMBL308503,CN1CC[C@@]2(C)c3cc(OC(=O)NC(C)(C)C)ccc3N(C)[C@@H]12,inactive,317.43300000000005,2.9426000000000014,1,4,4.494850021680094
CHEMBL308503,CN1CC[C@@]2(C)c3cc(OC(=O)NC(C)(C)C)ccc3N(C)[C@@H]12,inactive,317.43300000000005,2.9426000000000014,1,4,4.638272163982407
CHEMBL308043,CN(C)C(=O)Oc1ccc2c(c1)[C@]1(C)CCN(C)[C@@H]1N2C,active,289.37899999999996,2.1161000000000003,0,4,6.508638306165727
CHEMBL308043,CN(C)C(=O)Oc1ccc2c(c1)[C@]1(C)CCN(C)[C@@H]1N2C,active,289.37899999999996,2.1161000000000003,0,4,6.6777807052660805
CHEMBL74926,CN1CC[C@@]2(C)c3cc(OC(=O)Nc4ccccc4)ccc3N(C)[C@@H]12,active,337.42300000000006,3.6666000000000025,1,4,7.443697499232712
CHEMBL74926,CN1CC[C@@]2(C)c3cc(OC(=O)Nc4ccccc4)ccc3N(C)[C@@H]12,active,337.42300000000006,3.6666000000000025,1,4,7.6777807052660805
CHEMBL340542,COc1ccc(C(=O)n2cc(/C=C3\CN(Cc4ccccc4)CCC3=O)c3ccccc32)cc1,inactive,450.5380000000002,5.196800000000005,0,5,4.154901959985743
CHEMBL128894,O=C1CCN(Cc2ccccc2)C/C1=C\c1cccn1C(=O)c1ccccc1,inactive,370.4520000000001,4.035000000000004,0,4,4.522878745280337
CHEMBL340866,O=C1/C(=C/c2ccc[nH]2)CN(Cc2ccccc2)C/C1=C\c1ccc[nH]1,inactive,343.43,3.894700000000002,2,2,4.7447274948966935
CHEMBL337002,N#Cc1ccc(C(=O)n2cc(/C=C3\CN(Cc4ccccc4)CCC3=O)c3ccccc32)cc1,inactive,445.5220000000002,5.059880000000004,0,5,4.698970004336019
CHEMBL340854,O=C1CCN(Cc2ccccc2)C/C1=C\c1c[nH]c2ccc(OCc3ccccc3)cc12,inactive,422.5280000000002,5.605300000000005,1,3,4.6020599913279625
CHEMBL340599,O=C1CCN(Cc2ccccc2)C/C1=C\c1cn(C(=O)c2ccc(Cl)cc2)c2ccccc12,inactive,454.9570000000001,5.841600000000005,0,4,4.301029995663981
CHEMBL128292,O=C1CCN(Cc2ccccc2)C/C1=C\c1cn(C(=O)c2ccc([N+](=O)[O-])cc2)c2ccccc12,inactive,465.5090000000002,5.0964000000000045,0,6,4.301029995663981
CHEMBL263322,CN1CCC(CCCC2Cc3ccccc3C2=O)CC1,active,271.40400000000005,3.5537000000000027,0,2,8.823908740944319
CHEMBL131286,O=C1CCN(Cc2ccccc2)C/C1=C\c1cn(C(=O)c2ccc(F)cc2)c2ccccc12,inactive,438.5020000000001,5.327300000000005,0,4,4.221848749616356
CHEMBL131318,COc1ccc2c(c1)c(/C=C1\CN(Cc3ccccc3)CCC1=O)cn2C(=O)c1ccccc1,inactive,450.53800000000024,5.196800000000004,0,5,4.096910013008056
CHEMBL340929,CC(C)(C)OC(=O)n1cc(/C=C2\CN(Cc3ccccc3)CCC2=O)c2ccccc21,inactive,416.5210000000002,5.282900000000005,0,5,4.522878745280337
CHEMBL156157,CN1CCN(CC2Cc3ccccc3C2=O)CC1,active,244.33799999999997,1.289,0,3,7.026872146400302
CHEMBL129684,CC(=O)n1cc(/C=C2\CN(Cc3ccccc3)CCC2=O)c2ccccc21,inactive,358.4410000000001,4.159800000000003,0,4,4.958607314841775
CHEMBL502,COc1cc2c(cc1OC)C(=O)C(CC1CCN(Cc3ccccc3)CC1)C2,active,379.50000000000017,4.361100000000004,0,4,7.3979400086720375
CHEMBL155121,CC1CCN(Cc2cccc3ccccc23)CC1,active,239.36199999999997,4.071700000000003,0,1,6.657577319177793
CHEMBL153865,CN1CCC(C[C@@H]2Cc3ccccc3C2=O)CC1,active,243.34999999999997,2.773500000000001,0,2,8.275724130399212
CHEMBL155945,CN1CCC(CC/C=C2\Cc3ccccc3C2=O)CC1,active,269.388,3.4738000000000024,0,2,9.086186147616283
CHEMBL158232,CC1CCN(Cc2ccccc2)CC1,active,189.30199999999996,2.9185000000000016,0,1,8.275724130399212
CHEMBL340409,O=C1CCN(Cc2ccccc2)C/C1=C\c1ccc[nH]1,inactive,266.344,2.873100000000001,1,2,4.958607314841775
CHEMBL335329,O=C1CCN(Cc2ccccc2)C/C1=C\c1ccn(C(=O)c2ccccc2)c1,inactive,370.4520000000001,4.035000000000004,0,4,4.522878745280337
CHEMBL155768,CC1CCN(C(=O)c2ccccc2)CC1,inactive,203.28499999999997,2.558700000000001,0,1,5.0
CHEMBL130831,O=C1CCN(Cc2ccccc2)C/C1=C\c1cn(C(=O)c2ccccc2)c2ccccc12,inactive,420.5120000000001,5.188200000000005,0,4,4.154901959985743
CHEMBL155746,CN1CCC(/C=C/C=C2\Cc3ccccc3C2=O)CC1,active,267.37199999999996,3.2498000000000022,0,2,8.522878745280337
CHEMBL347354,CC1CCN(Cc2ccccc2[N+](=O)[O-])CC1,active,234.29899999999995,2.8267000000000007,0,3,6.795880017344075
CHEMBL130738,Cc1[nH]c(C)c(/C=C2\CN(Cc3ccccc3)CCC2=O)c1C=O,inactive,322.4080000000001,3.3024400000000025,1,3,4.522878745280337
CHEMBL158174,Cc1ccccc1CN1CCC(C)CC1,active,203.32899999999995,3.2269200000000016,0,1,8.0
CHEMBL345241,CC1CCN(CC2CCCCC2)CC1,active,195.34999999999994,3.298600000000002,0,1,8.050609993355087
CHEMBL156763,CC1CCN(CC2Cc3ccccc3C2=O)CC1,active,243.34999999999997,2.773500000000001,0,2,6.318758762624412
CHEMBL343237,CC1CCN(CCc2ccccc2)CC1,active,203.32899999999998,2.961000000000001,0,1,6.7447274948966935
CHEMBL345905,CN1CCC(C[C@H]2Cc3ccccc3C2=O)CC1,active,243.34999999999997,2.773500000000001,0,2,8.113509274827518
CHEMBL54126,CN(C)C(=O)Oc1cccc([N+](C)(C)C)c1.[Br-],active,303.19999999999993,-1.052299999999998,0,2,6.221848749616356
CHEMBL345847,CN1CCC(CCN2C(=O)c3ccccc3C2=O)CC1,active,272.34800000000007,2.0145,0,3,9.045757490560675
CHEMBL158252,CN1CCC(CCC2C(=O)Nc3ccccc3C2=O)CC1,active,286.3750000000001,2.5596000000000005,1,3,8.3767507096021
CHEMBL156874,CN1CCC(/C=C2\Cc3ccccc3C2=O)CC1,active,241.33399999999997,2.693600000000001,0,2,8.075720713938118
CHEMBL95,Nc1c2c(nc3ccccc13)CCCC2,active,198.26899999999992,2.695800000000001,1,2,6.7447274948966935
CHEMBL445124,O=C1CCN(Cc2ccccc2)C/C1=C\c1cn(Cc2ccccc2)c2ccccc12,inactive,406.5290000000001,5.548000000000005,0,3,4.0
CHEMBL92142,c1ccc(CN2CCC(CCc3nccc4ccccc34)CC2)cc1,active,330.47500000000014,5.079600000000005,0,2,6.657992070982661
CHEMBL553187,CN(CCCCCNc1ccc(-c2ccccc2)nn1)Cc1ccccc1.Cl,active,396.96600000000007,5.279600000000006,1,4,6.031517051446065
CHEMBL130956,Cc1ccc(NC(=O)Oc2ccc3c(c2)[C@]2(C)CCN(C)[C@@H]2N3C)cc1,active,351.45000000000005,3.9750200000000024,1,4,6.853871964321762
CHEMBL93936,c1ccc(CN2CCC(CCc3noc4cc(N5CCOCC5)ccc34)CC2)cc1,active,405.54200000000026,4.509200000000004,0,5,9.097018600202498
CHEMBL92629,c1ccc(CN2CCC(CNc3noc4ccccc34)CC2)cc1,active,321.42400000000015,4.151900000000003,1,4,6.49499933607313
CHEMBL130270,CC(C)c1ccccc1NC(=O)Oc1ccc2c(c1)[C@]1(C)CCN(C)[C@@H]1N2C,active,379.50400000000013,4.7900000000000045,1,4,7.823908740944319
CHEMBL340867,Cc1cccc(C)c1NC(=O)Oc1ccc2c(c1)[C@]1(C)CCN(C)[C@@H]1N2C,active,365.47700000000015,4.283440000000003,1,4,6.105130343254747
CHEMBL330004,Brc1ccc2c(CCC3CCN(Cc4ccccc4)CC3)noc2c1,active,399.33200000000005,5.435100000000005,0,3,7.301029995663981
CHEMBL93123,O=C(Nc1ccc2c(CCC3CCN(Cc4ccccc4)CC3)noc2c1)c1ccccc1,active,439.55900000000014,5.924900000000005,1,4,8.027010773144651
CHEMBL420625,Nc1ccc2c(CCC3CCN(Cc4ccccc4)CC3)noc2c1,active,335.45100000000014,4.254800000000004,1,4,7.698970004336019
CHEMBL92460,c1ccc(CN2CCC(CCc3noc4ccccc34)CC2)cc1,active,320.4360000000001,4.6726000000000045,0,3,7.26003230324049
CHEMBL340391,CCc1ccccc1NC(=O)Oc1ccc2c(c1)[C@]1(C)CCN(C)[C@@H]1N2C,active,365.47700000000015,4.229000000000004,1,4,8.0
CHEMBL92955,O=S(=O)(Nc1ccc2c(CCC3CCN(Cc4ccccc4)CC3)noc2c1)c1ccccc1,active,475.61400000000015,5.473400000000005,1,5,7.853871964321762
CHEMBL502,COc1cc2c(cc1OC)C(=O)C(CC1CCN(Cc3ccccc3)CC1)C2,active,379.50000000000017,4.361100000000004,0,4,7.795880017344075
CHEMBL131210,Cc1cc(C)cc(NC(=O)Oc2ccc3c(c2)[C@]2(C)CCN(C)[C@@H]2N3C)c1,active,365.47700000000015,4.283440000000003,1,4,7.107905397309519
CHEMBL126939,C(=C/C1CCN(Cc2ccccc2)CC1)\c1noc2ccccc12,active,318.42,4.753200000000004,0,3,6.678008252452735
CHEMBL329531,c1ccc(CN2CCC(CCc3ncnc4ccccc34)CC2)cc1,active,331.46300000000014,4.474600000000004,0,3,6.467997690417565
CHEMBL418955,COc1ccc2c(CCC3CCN(Cc4ccccc4)CC3)noc2c1,active,350.4620000000001,4.681200000000004,0,4,8.08097423541264
CHEMBL94,CNC(=O)Oc1ccc2c(c1)[C@]1(C)CCN(C)[C@@H]1N2C,active,275.352,1.7739,1,4,7.721932669111338
CHEMBL94,CNC(=O)Oc1ccc2c(c1)[C@]1(C)CCN(C)[C@@H]1N2C,active,275.352,1.7739,1,4,7.552841968657781
CHEMBL92663,NC(=O)c1ccc2c(CCC3CCN(Cc4ccccc4)CC3)noc2c1,active,363.46100000000007,3.771500000000003,1,4,8.056011124926227
CHEMBL502,COc1cc2c(cc1OC)C(=O)C(CC1CCN(Cc3ccccc3)CC1)C2,active,379.50000000000017,4.361100000000004,0,4,8.097018600202498
CHEMBL131598,Cc1cccc(NC(=O)Oc2ccc3c(c2)[C@]2(C)CCN(C)[C@@H]2N3C)c1,active,351.4500000000001,3.9750200000000033,1,4,7.552841968657781
CHEMBL543711,Cl.c1ccc(-c2ccc(NCCCCCN3CCc4ccccc4C3)nn2)cc1,inactive,408.9770000000001,5.205900000000004,1,4,4.327902142064283
CHEMBL335962,Cc1cccc(NC(=O)Oc2ccc3c(c2)[C@]2(C)CCN(C)[C@@H]2N3C)c1C,active,365.47700000000015,4.283440000000004,1,4,7.638272163982407
CHEMBL131825,CN(C(=O)Oc1ccc2c(c1)[C@]1(C)CCN(C)[C@@H]1N2C)c1ccccc1,active,351.45000000000005,3.6909000000000027,0,4,6.161150909262744
CHEMBL93619,COc1cccc2c(CCC3CCN(Cc4ccccc4)CC3)noc12,active,350.4620000000001,4.681200000000004,0,4,8.14898639317633
CHEMBL134251,CNC(=O)Oc1cc2c(cc1C)N(C)[C@H]1N(C)CC[C@@]21C,inactive,289.3790000000001,2.08232,1,4,5.0
CHEMBL337675,Cc1ccc(C)c(NC(=O)Oc2ccc3c(c2)[C@]2(C)CCN(C)[C@@H]2N3C)c1,active,365.47700000000015,4.283440000000003,1,4,7.585026652029182
CHEMBL94186,COc1ccc2onc(CCC3CCN(Cc4ccccc4)CC3)c2c1,active,350.46200000000005,4.681200000000005,0,4,8.143029566517507
CHEMBL92463,Oc1ccc2c(CCC3CCN(Cc4ccccc4)CC3)noc2c1,active,336.4350000000001,4.378200000000004,1,4,7.585026652029182
CHEMBL95,Nc1c2c(nc3ccccc13)CCCC2,active,198.26899999999992,2.695800000000001,1,2,6.5690063480624525
CHEMBL335220,Cc1ccc(NC(=O)Oc2ccc3c(c2)[C@]2(C)CCN(C)[C@@H]2N3C)c(C)c1,active,365.4770000000001,4.283440000000003,1,4,7.853871964321762
CHEMBL92958,c1ccc(CN2CCC(CCc3n[nH]c4ccccc34)CC2)cc1,active,319.4520000000001,4.407700000000004,1,2,6.9209997476961505
CHEMBL130672,Cc1ccc(NC(=O)Oc2ccc3c(c2)[C@]2(C)CCN(C)[C@@H]2N3C)cc1C,active,365.4770000000001,4.283440000000003,1,4,7.508638306165727
CHEMBL74926,CN1CC[C@@]2(C)c3cc(OC(=O)Nc4ccccc4)ccc3N(C)[C@@H]12,active,337.42300000000006,3.6666000000000025,1,4,7.657577319177793
CHEMBL132531,Cc1cc2c(cc1OC(=O)Nc1ccccc1)[C@]1(C)CCN(C)[C@@H]1N2C,active,351.45000000000016,3.9750200000000033,1,4,6.585026652029182
CHEMBL433379,Cc1ccc2onc(CCC3CCN(Cc4ccccc4)CC3)c2c1,active,334.4630000000001,4.981020000000005,0,3,8.108016769148033
CHEMBL129837,CC(C)c1ccc(NC(=O)Oc2ccc3c(c2)[C@]2(C)CCN(C)[C@@H]2N3C)cc1,active,379.50400000000013,4.7900000000000045,1,4,6.119186407719209
CHEMBL328102,c1ccc(CN2CCC(CCc3nsc4ccccc34)CC2)cc1,active,336.50400000000013,5.141100000000005,0,3,7.010016541698601
CHEMBL130458,Cc1ccccc1NC(=O)Oc1ccc2c(c1)[C@]1(C)CCN(C)[C@@H]1N2C,active,351.4500000000001,3.9750200000000033,1,4,8.0
CHEMBL308043,CN(C)C(=O)Oc1ccc2c(c1)[C@]1(C)CCN(C)[C@@H]1N2C,active,289.37899999999996,2.1161000000000003,0,4,6.6777807052660805
CHEMBL95,Nc1c2c(nc3ccccc13)CCCC2,active,198.26899999999992,2.695800000000001,1,2,7.022276394711152
CHEMBL92775,N#Cc1ccc2c(CCC3CCN(Cc4ccccc4)CC3)noc2c1,active,345.44600000000014,4.544280000000004,0,4,6.995979726746758
CHEMBL92736,CC(=O)Nc1ccc2c(CCC3CCN(Cc4ccccc4)CC3)noc2c1,active,377.48800000000006,4.631000000000004,1,4,8.552997101533837
CHEMBL91291,Cc1cc2onc(CCC3CCN(Cc4ccccc4)CC3)c2cc1C,active,348.4900000000002,5.289440000000005,0,3,8.237021509132257
CHEMBL3215535,Cl.Cl.c1ccc(CN2CCC(CCNc3ccc(-c4ccccc4)nn3)CC2)cc1,active,445.4380000000001,5.701400000000006,1,4,6.853871964321762
CHEMBL94,CNC(=O)Oc1ccc2c(c1)[C@]1(C)CCN(C)[C@@H]1N2C,active,275.352,1.7739,1,4,6.892790030352131
CHEMBL413765,CCCCCCNC(=O)Oc1ccc2c(c1)[C@]1(C)CCN(CC)[C@@H]1C2,active,344.4990000000002,4.263300000000004,1,3,7.698970004336019
CHEMBL359198,CCCCCCNC(=O)Oc1ccc2c(c1)[C@@]1(C)CCN(CC)[C@H]1C2,active,344.4990000000002,4.263300000000004,1,3,6.632644078973981
CHEMBL609671,CCCCNC(=O)Oc1ccc2c(c1)[C@]1(C)CCN(C)C1N2C,active,317.433,2.9442000000000013,1,4,6.818156412055227
CHEMBL609672,CC(C)NC(=O)Oc1ccc2c(c1)[C@]1(C)CCN(C)C1N2C,inactive,303.406,2.552500000000001,1,4,4.455931955649724
CHEMBL612098,CCN(CC)C(=O)Oc1ccc2c(c1)[C@]1(C)CCN(C)C1N2C,inactive,317.433,2.896300000000001,0,4,4.3979400086720375
CHEMBL54126,CN(C)C(=O)Oc1cccc([N+](C)(C)C)c1.[Br-],active,303.19999999999993,-1.052299999999998,0,2,7.040958607678906
CHEMBL612100,CN1CC[C@@]2(C)c3cc(OC(=O)NCc4ccccc4)ccc3N(C)C12,active,351.45000000000005,3.3443000000000023,1,4,6.337242168318426
CHEMBL539109,CNC(=O)Oc1ccc2c(c1)[C@]1(C)CC[N+](C)(C)C1N2C.COS(=O)(=O)[O-],active,401.48500000000007,1.011500000000001,1,7,7.468521082957745
CHEMBL95,Nc1c2c(nc3ccccc13)CCCC2,active,198.26899999999992,2.695800000000001,1,2,7.119186407719209
CHEMBL54727,CN1CC[C@@]2(C)c3cc(OC(=O)Nc4ccccc4)ccc3N(C)C12,active,337.42300000000006,3.6666000000000025,1,4,6.455931955649724
CHEMBL609149,CN(C)C(=O)Oc1ccc2c(c1)[C@]1(C)CCN(C)C1N2C,active,289.37899999999996,2.1161000000000003,0,4,6.013228265733755
CHEMBL60745,CC[N+](C)(C)c1cccc(O)c1.[Br-],active,246.14799999999997,-1.0169999999999997,1,1,6.107905397309519
CHEMBL94,CNC(=O)Oc1ccc2c(c1)[C@]1(C)CCN(C)[C@@H]1N2C,active,275.352,1.7739,1,4,7.2441251443275085
CHEMBL609150,CCCCCCCCNC(=O)Oc1ccc2c(c1)[C@]1(C)CCN(C)C1N2C,active,373.54100000000017,4.5046000000000035,1,4,6.958607314841775
CHEMBL140020,C=CC[N+](C)(C)c1ccc(CCC(=O)CCc2ccc([N+](C)(C)CC=C)cc2)cc1,active,406.6140000000001,5.3269000000000055,0,1,8.096910013008056
CHEMBL542467,CNC(=O)Oc1cccc(CN(C)CCCCCCCCCOc2ccc3c(=O)c4ccccc4oc3c2)c1.Cl,active,567.1260000000003,7.327700000000008,1,6,7.931814138253839
CHEMBL540833,CNC(=O)Oc1ccc2c(c1)CN(CCCOc1ccc3c(=O)c4ccccc4oc3c1)CC2.Cl,active,494.9750000000002,4.9134000000000055,1,6,7.906578314837765
CHEMBL127465,CN(CCCOc1ccc2c(=O)c3ccccc3oc2c1)Cc1cccc(OC(=O)NCCCCCCCCN2CCOCC2)c1,active,629.798,6.608300000000006,1,8,7.562249437179612
CHEMBL340427,CNC(=O)Oc1cccc(CN(C)CCCOc2ccc3c(=O)c4ccccc4oc3c2)c1,active,446.5030000000001,4.565300000000004,1,6,9.522878745280337
CHEMBL544592,CNC(=O)Oc1cccc(CN(C)CCCOc2ccc(C(=O)c3ccccc3)cc2)c1.Cl,active,468.98100000000005,4.958500000000005,1,5,8.267606240177031
CHEMBL124933,CNC(=O)Oc1cccc(CN(C)CCCCCCOc2ccc3c(=O)c4ccccc4oc3c2)c1,active,488.5840000000002,5.735600000000006,1,6,8.853871964321762
CHEMBL542220,CNC(=O)Oc1cccc(CN(C)CCCOc2ccc3ccccc3c2)c1.Cl,active,414.93299999999994,4.880700000000005,1,4,7.083019952679618
CHEMBL127857,CN(CCCOc1ccc2c(=O)c3ccccc3oc2c1)Cc1cccc(OC(=O)NCCCCCCCCCN2CCOCC2)c1,active,643.8249999999999,6.998400000000007,1,8,7.533132379645891
CHEMBL557405,CNC(=O)Oc1cccc(CN(C)CCCCCCCCOc2ccc3c(=O)c4ccccc4oc3c2)c1.Cl,active,553.0990000000003,6.937600000000008,1,6,8.167491087293763
CHEMBL340228,CN(CCCOc1ccc2c(=O)c3ccccc3oc2c1)Cc1cccc(OC(=O)NCCCCCCN2CCOCC2)c1,active,601.7440000000001,5.828100000000005,1,8,7.675717544702307
CHEMBL94,CNC(=O)Oc1ccc2c(c1)[C@]1(C)CCN(C)[C@@H]1N2C,active,275.352,1.7739,1,4,7.85078088734462
CHEMBL544126,CNC(=O)Oc1cccc(CN(C)CCCOc2cccc(Cc3ccccc3)c2)c1.Cl,active,454.998,5.318300000000006,1,4,7.607303046740334
CHEMBL543655,CNC(=O)Oc1cccc(CN(C)CCCCCCCOc2ccc3c(=O)c4ccccc4oc3c2)c1.Cl,active,539.0720000000002,6.547500000000007,1,6,9.494850021680094
CHEMBL124156,CNC(=O)Oc1cccc(CN(C)CCCOc2ccc(-c3ccccc3)cc2)c1,active,404.51,4.972700000000005,1,4,7.262807357295262
CHEMBL340171,CN(CCCOc1ccc2c(=O)c3ccccc3oc2c1)Cc1cccc(OC(=O)NCCCCCCCN2CCOCC2)c1,active,615.7710000000001,6.218200000000006,1,8,7.581698708680254
CHEMBL539045,CNC(=O)Oc1cccc(CN(C)CCCOc2ccccc2)c1.Cl,active,364.8729999999999,3.727500000000003,1,4,7.099086932262331
CHEMBL553803,CNC(=O)Oc1cccc(CN(C)CC#CCOc2ccc3c(=O)c4ccccc4oc3c2)c1.Cl,active,492.9590000000001,4.600400000000005,1,6,6.6777807052660805
CHEMBL544823,CNC(=O)Oc1cccc(CN(C)CCCCCCCCCCOc2ccc3c(=O)c4ccccc4oc3c2)c1.Cl,active,581.1530000000004,7.717800000000009,1,6,7.661543506395395
CHEMBL418917,CN1CC[C@@]2(C)c3cc(OC(=O)Nc4ccccc4)ccc3NC12,active,323.396,3.6423000000000014,2,4,7.38933983691012
CHEMBL99581,CNC(=O)Oc1ccc2c(c1)[C@]1(C)CCN(C)C1N2C=O,active,289.335,1.3005,1,4,6.411728293157671
CHEMBL174228,CCN(CCCCCC(=O)N(C)CCCCCCCCN(C)C(=O)CCCCCN(CC)Cc1ccccc1C)Cc1ccccc1C,active,663.0480000000002,9.025640000000005,0,4,7.250031916490597
CHEMBL173935,CC[N+](C)(CCCCCC(=O)N(C)CCCCCCCCN(C)C(=O)CCCCC[N+](C)(CC)Cc1ccccc1Cl)Cc1ccccc1Cl,active,733.9540000000004,10.004799999999998,0,2,7.709965388637482
CHEMBL176521,CC[N+](C)(CCCCCC(=O)N(CCCCCCCCN(C(=O)CCCCC[N+](C)(CC)Cc1ccccc1OC)C(C)C)C(C)C)Cc1ccccc1OC,active,781.2240000000002,10.272399999999998,0,4,8.090016305060155
CHEMBL319541,CN1CC[C@@]2(C)c3cc(OC(=O)Nc4ccccc4)ccc3N(Cc3ccccc3)C12,active,413.52100000000013,5.2370000000000045,1,4,6.610302451793614
CHEMBL99655,CN1CC[C@]2(C)c3cc(OC(=O)Nc4ccccc4)ccc3N(Cc3ccccc3)C12,inactive,413.52100000000013,5.2370000000000045,1,4,4.949891037082132
CHEMBL143055,CCN(CCCCCC(=O)N(CCCCCCCCN(C(=O)CCCCCN(CC)Cc1ccccc1OC)C(C)C)C(C)C)Cc1ccccc1OC,active,751.1540000000001,9.983199999999998,0,6,7.739928612014925
CHEMBL609977,CC[N+](C)(CCCCCC(=O)N(C)CCCCCCCCN(C)C(=O)CCCCC[N+](C)(CC)Cc1ccccc1[N+](=O)[O-])Cc1ccccc1[N+](=O)[O-].[I-].[I-],active,1008.8660000000004,2.5224000000000073,0,6,7.910094888560602
CHEMBL609977,CC[N+](C)(CCCCCC(=O)N(C)CCCCCCCCN(C)C(=O)CCCCC[N+](C)(CC)Cc1ccccc1[N+](=O)[O-])Cc1ccccc1[N+](=O)[O-].[I-].[I-],active,1008.8660000000004,2.5224000000000073,0,6,7.899974269892137
CHEMBL609977,CC[N+](C)(CCCCCC(=O)N(C)CCCCCCCCN(C)C(=O)CCCCC[N+](C)(CC)Cc1ccccc1[N+](=O)[O-])Cc1ccccc1[N+](=O)[O-].[I-].[I-],active,1008.8660000000004,2.5224000000000073,0,6,7.890084136976206
CHEMBL609977,CC[N+](C)(CCCCCC(=O)N(C)CCCCCCCCN(C)C(=O)CCCCC[N+](C)(CC)Cc1ccccc1[N+](=O)[O-])Cc1ccccc1[N+](=O)[O-].[I-].[I-],active,1008.8660000000004,2.5224000000000073,0,6,7.910094888560602
CHEMBL174710,COc1ccccc1CN(CCCCCC(=O)N(C)CCCCCCCCN(C)C(=O)CCCCCN(Cc1ccccc1OC)C(C)C)C(C)C,active,723.1000000000003,9.203000000000005,0,6,7.140021558357979
CHEMBL94,CNC(=O)Oc1ccc2c(c1)[C@]1(C)CCN(C)[C@@H]1N2C,active,275.352,1.7739,1,4,7.7500682433658055
CHEMBL80221,CNC(=O)Oc1ccc2c(c1)[C@]1(C)CCN(C)C1N2Cc1ccccc1,active,351.45000000000005,3.3443000000000023,1,4,6.793713955587568
CHEMBL176773,COc1cccc(CN(C)CCCCCC(=O)N(C)CCCCCCCCN(C)C(=O)CCCCCN(C)Cc2cccc(OC)c2)c1,active,666.9920000000004,7.645800000000009,0,6,6.170001911302621
CHEMBL174046,CC[N+](C)(CCCCCC(=O)N(C)CCCCCCCCN(C)C(=O)CCCCC[N+](C)(CC)Cc1ccccc1C(F)(F)F)Cc1ccccc1C(F)(F)F,active,801.0580000000007,10.735599999999994,0,2,7.9299621333922445
CHEMBL176308,CCN(CCCCCC(=O)N(C)CCCCCCCCN(C)C(=O)CCCCCN(CC)Cc1ccccc1[N+](=O)[O-])Cc1ccccc1[N+](=O)[O-],active,724.9880000000003,8.22520000000001,0,8,6.0999990348465305
CHEMBL176308,CCN(CCCCCC(=O)N(C)CCCCCCCCN(C)C(=O)CCCCCN(CC)Cc1ccccc1[N+](=O)[O-])Cc1ccccc1[N+](=O)[O-],active,724.9880000000003,8.22520000000001,0,8,7.489991487059766
CHEMBL176308,CCN(CCCCCC(=O)N(C)CCCCCCCCN(C)C(=O)CCCCCN(CC)Cc1ccccc1[N+](=O)[O-])Cc1ccccc1[N+](=O)[O-],active,724.9880000000003,8.22520000000001,0,8,7.100015437450609
CHEMBL176308,CCN(CCCCCC(=O)N(C)CCCCCCCCN(C)C(=O)CCCCCN(CC)Cc1ccccc1[N+](=O)[O-])Cc1ccccc1[N+](=O)[O-],active,724.9880000000003,8.22520000000001,0,8,6.0999990348465305
CHEMBL94,CNC(=O)Oc1ccc2c(c1)[C@]1(C)CCN(C)[C@@H]1N2C,active,275.352,1.7739,1,4,7.554395796726403
CHEMBL137059,CC[N+](C)(CCCCCC(=O)N(C)CCCCCCCCN(C)C(=O)CCCCC[N+](C)(CC)Cc1ccccc1)Cc1ccccc1,active,665.0640000000005,8.698000000000006,0,2,7.430041181903406
CHEMBL263785,CCCOc1ccccc1C[N+](C)(CC)CCCCCC(=O)N(C)CCCCCCCCN(C)C(=O)CCCCC[N+](C)(CC)Cc1ccccc1OCCC,active,781.2239999999997,10.275599999999999,0,4,7.7599502278873524
CHEMBL173607,CC[N+](C)(CCCCCC(=O)N(C)CCCCCCCCN(C)C(=O)CCCCC[N+](C)(CC)Cc1ccccc1C)Cc1ccccc1C,active,693.1180000000004,9.314840000000002,0,2,7.779891911959945
CHEMBL95,Nc1c2c(nc3ccccc13)CCCC2,active,198.26899999999992,2.695800000000001,1,2,6.599997654072044
CHEMBL368075,CCCOc1ccccc1CN(CC)CCCCCC(=O)N(C)CCCCCCCCN(C)C(=O)CCCCCN(CC)Cc1ccccc1OCCC,active,751.1539999999998,9.9864,0,6,7.470056598341331
CHEMBL100366,CN1CC[C@@]2(C)c3cc(OC(=O)Nc4ccccc4)ccc3N(C=O)C12,active,351.40600000000006,3.193200000000002,1,4,6.10768273927752
CHEMBL173309,CCN(CCCCCC(=O)N(C)CCCCCCCCN(C)C(=O)CCCCCN(CC)Cc1ccccc1OC)Cc1ccccc1OC,active,695.0460000000003,8.426000000000007,0,6,7.730020323354676
CHEMBL173309,CCN(CCCCCC(=O)N(C)CCCCCCCCN(C)C(=O)CCCCCN(CC)Cc1ccccc1OC)Cc1ccccc1OC,active,695.0460000000003,8.426000000000007,0,6,7.789949150124863
CHEMBL173309,CCN(CCCCCC(=O)N(C)CCCCCCCCN(C)C(=O)CCCCCN(CC)Cc1ccccc1OC)Cc1ccccc1OC,active,695.0460000000003,8.426000000000007,0,6,7.7599502278873524
CHEMBL173309,CCN(CCCCCC(=O)N(C)CCCCCCCCN(C)C(=O)CCCCCN(CC)Cc1ccccc1OC)Cc1ccccc1OC,active,695.0460000000003,8.426000000000007,0,6,7.730020323354676
CHEMBL175047,CCN(CCCCCCOCCCCCCCCOCCCCCCN(CC)Cc1ccccc1OC)Cc1ccccc1OC,active,640.9940000000003,9.542400000000002,0,6,6.69000807121882
CHEMBL54727,CN1CC[C@@]2(C)c3cc(OC(=O)Nc4ccccc4)ccc3N(C)C12,active,337.42300000000006,3.6666000000000025,1,4,7.619788758288394
CHEMBL176585,CCN(CCCCCC(=O)N(C)CCCCCCCCN(C)C(=O)CCCCCN(CC)Cc1ccccc1)Cc1ccccc1,active,634.9940000000004,8.408800000000008,0,4,7.309981219211305
CHEMBL177052,CCN(CCCCCC(=O)N(C)CCCCCCCCN(C)C(=O)CCCCCN(CC)Cc1ccccc1Cl)Cc1ccccc1Cl,active,703.8840000000002,9.715600000000002,0,4,6.950007143079858
CHEMBL172442,CC[N+](C)(CCCCCCOCCCCCCCCOCCCCCC[N+](C)(CC)Cc1ccccc1OC)Cc1ccccc1OC,active,671.0640000000003,9.831600000000002,0,4,7.110026361596004
CHEMBL11805,COc1ccccc1CN(C)CCCCCC(=O)N(C)CCCCCCCCN(C)C(=O)CCCCCN(C)Cc1ccccc1OC,active,666.9920000000003,7.64580000000001,0,6,6.770011163455189
CHEMBL173018,CC[N+](C)(CCCCCC(=O)N(C)CCCCCCCCN(C)C(=O)CCCCC[N+](C)(CC)Cc1ccccc1OC)Cc1ccccc1OC,active,725.1160000000004,8.715200000000006,0,4,7.92009553233328
CHEMBL173018,CC[N+](C)(CCCCCC(=O)N(C)CCCCCCCCN(C)C(=O)CCCCC[N+](C)(CC)Cc1ccccc1OC)Cc1ccccc1OC,active,725.1160000000004,8.715200000000006,0,4,7.96018944585165
CHEMBL173018,CC[N+](C)(CCCCCC(=O)N(C)CCCCCCCCN(C)C(=O)CCCCC[N+](C)(CC)Cc1ccccc1OC)Cc1ccccc1OC,active,725.1160000000004,8.715200000000006,0,4,7.96018944585165
CHEMBL173018,CC[N+](C)(CCCCCC(=O)N(C)CCCCCCCCN(C)C(=O)CCCCC[N+](C)(CC)Cc1ccccc1OC)Cc1ccccc1OC,active,725.1160000000004,8.715200000000006,0,4,7.92009553233328
CHEMBL431784,CNC(=O)Oc1ccc2c(c1)[C@]1(C)CCN(C)C1N2,active,261.32499999999993,1.7496,2,4,7.246416941107094
CHEMBL11805,COc1ccccc1CN(C)CCCCCC(=O)N(C)CCCCCCCCN(C)C(=O)CCCCCN(C)Cc1ccccc1OC,active,666.9920000000003,7.64580000000001,0,6,6.770011163455189
CHEMBL59782,CCCCCCCNc1c2c(nc3cc(Cl)ccc13)CCCC2,active,330.9030000000002,6.1493000000000055,1,2,7.886056647693163
CHEMBL59782,CCCCCCCNc1c2c(nc3cc(Cl)ccc13)CCCC2,active,330.9030000000002,6.1493000000000055,1,2,7.880084589742009
CHEMBL25629,C[C@]12CC[C@H](O)[C@@](C)(CO)C1C[C@H](O)[C@@]1(C)Oc3cc(-c4cccnc4)oc(=O)c3C(=O)C21,inactive,455.5070000000002,2.1921999999999997,3,8,4.455931955649724
CHEMBL94546,CN1C(=O)Cc2cc3c(CCC4CCN(Cc5ccccc5)CC4)noc3cc21.CS(=O)(=O)O,active,485.6060000000002,3.6955000000000027,1,6,9.318758762624412
CHEMBL294745,Nc1ccc2c(N)c3c(nc2c1)-c1ccccc1C3,inactive,247.30100000000002,2.9704000000000015,2,3,4.539999925177879
CHEMBL61561,CCCCCCCNc1c2c(nc3cc(F)ccc13)CCCC2,active,314.4480000000002,5.635000000000005,1,2,7.346787486224656
CHEMBL61561,CCCCCCCNc1c2c(nc3cc(F)ccc13)CCCC2,active,314.4480000000002,5.635000000000005,1,2,7.339988778710669
CHEMBL11514,CNC(=O)Oc1ccc2c(c1)[C@@H]1[C@@H](CCN1C)CO2,inactive,262.30899999999997,1.79,1,4,4.790000026071145
CHEMBL329012,O=C(O)/C=C\C(=O)O.O=C1Cc2cc3c(CCC4CCN(Cc5ccccc5)CC4)noc3cc2N1,active,491.54400000000027,3.8790000000000022,3,6,9.481486060122112
CHEMBL95,Nc1c2c(nc3ccccc13)CCCC2,active,198.26899999999992,2.695800000000001,1,2,6.6020599913279625
CHEMBL60119,Cc1ccc2c(N)c3c(nc2c1)CCCC3,active,212.29599999999996,3.004220000000002,1,2,7.0
CHEMBL60119,Cc1ccc2c(N)c3c(nc2c1)CCCC3,active,212.29599999999996,3.004220000000002,1,2,7.0
CHEMBL61221,CCCCCCCNc1c2c(nc3cc(C)ccc13)CCCC2,active,310.4850000000002,5.804320000000006,1,2,6.886056647693163
CHEMBL61221,CCCCCCCNc1c2c(nc3cc(C)ccc13)CCCC2,active,310.4850000000002,5.804320000000006,1,2,6.890016705180107
CHEMBL294525,CCCCCCCNc1c2c(nc3cc([N+](=O)[O-])ccc13)CCCC2,active,341.4550000000002,5.404100000000005,1,4,6.5376020021010435
CHEMBL294525,CCCCCCCNc1c2c(nc3cc([N+](=O)[O-])ccc13)CCCC2,active,341.4550000000002,5.404100000000005,1,4,6.530001357781253
CHEMBL274107,CNC(=O)Oc1cccc2c1OC[C@@H]1CCN(C)[C@H]21,active,262.3089999999999,1.79,1,4,7.6399749108106025
CHEMBL24457,COc1cccc(-c2cc3c(c(=O)o2)C(=O)C2[C@@]4(C)CC[C@H](O)[C@@](C)(CO)C4C[C@H](O)[C@@]2(C)O3)c1,inactive,484.54500000000024,2.8058000000000005,3,8,4.031517051446065
CHEMBL268481,CN1CC[C@H]2COc3c(O)cccc3[C@H]21,inactive,205.257,1.7773999999999996,1,3,4.399999967876858
CHEMBL25524,C[C@]12CC[C@H](O)[C@@](C)(CO)C1C[C@H](O)[C@@]1(C)Oc3cc(-c4ccccn4)oc(=O)c3C(=O)C21,inactive,455.5070000000002,2.1921999999999997,3,8,3.9956786262173574
CHEMBL292121,Nc1c2c(nc3ccccc13)-c1ccc(F)cc1C2,active,250.27599999999995,3.527300000000001,1,2,6.359995853468939
CHEMBL61849,CCCCCCCNc1c2c(nc3ccc(C)cc13)CCCC2,active,310.4850000000002,5.804320000000005,1,2,6.4089353929735005
CHEMBL61849,CCCCCCCNc1c2c(nc3ccc(C)cc13)CCCC2,active,310.4850000000002,5.804320000000005,1,2,6.409994580348671
CHEMBL94,CNC(=O)Oc1ccc2c(c1)[C@]1(C)CCN(C)[C@@H]1N2C,active,275.352,1.7739,1,4,7.7500682433658055
CHEMBL278342,COc1ccc(-c2cc3c(c(=O)o2)C[C@]2(O)[C@@]4(C)C(=O)C=CC(C)(C)[C@]4(O)CC[C@@]2(C)O3)cc1,active,466.53000000000026,3.4364000000000026,2,7,7.585026652029182
CHEMBL62084,Nc1c2c(nc3ccc(Cl)cc13)CCCC2,active,232.7139999999999,3.3492000000000015,1,2,6.259637310505756
CHEMBL62084,Nc1c2c(nc3ccc(Cl)cc13)CCCC2,active,232.7139999999999,3.3492000000000015,1,2,6.260000690598032
CHEMBL25149,C[C@]12CC[C@H](O)[C@@](C)(CO)C1C[C@H](O)[C@@]1(C)Oc3cc(-c4ccc(Cl)nc4)oc(=O)c3C(=O)C21,inactive,489.9520000000002,2.845600000000001,3,8,4.096910013008056
CHEMBL94217,CC(=O)Nc1ccc2c(CCC3CCN(Cc4ccccc4)CC3)noc2c1.O=C(O)/C=C/C(=O)O,active,493.5600000000002,4.342800000000002,3,6,8.55284196865778
CHEMBL328468,O=C1Cc2cc3onc(CCC4CCN(Cc5ccccc5)CC4)c3cc2N1,active,375.4720000000001,4.167200000000003,1,4,9.022276394711152
CHEMBL302842,COc1ccc2c(N)c3c(nc2c1)CCCC3,active,228.29499999999996,2.7044000000000006,1,3,6.455931955649724
CHEMBL302842,COc1ccc2c(N)c3c(nc2c1)CCCC3,active,228.29499999999996,2.7044000000000006,1,3,6.450004148469349
CHEMBL329231,O=C1CCc2cc3c(CCC4CCN(Cc5ccccc5)CC4)noc3cc2N1,active,389.49900000000014,4.557300000000004,1,4,9.244125144327509
CHEMBL94,CNC(=O)Oc1ccc2c(c1)[C@]1(C)CCN(C)[C@@H]1N2C,active,275.352,1.7739,1,4,7.721246399047171
CHEMBL58122,Nc1c2c(nc3cc([N+](=O)[O-])ccc13)-c1ccccc1C2,inactive,277.2830000000001,3.296400000000001,1,4,4.169999984192581
CHEMBL283509,COc1ccc(-c2cc3c(c(=O)o2)C[C@]2(O)[C@@]4(C)C(=O)C=CC(C)(C)[C@]4(O)CC[C@@]2(C)O3)cc1OC,active,496.5560000000003,3.445000000000002,2,8,9.0
CHEMBL24686,COc1cc(-c2cc3c(c(=O)o2)C[C@]2(O)[C@@]4(C)C(=O)C=CC(C)(C)[C@]4(O)CC[C@@]2(C)O3)cc(OC)c1OC,active,526.5820000000003,3.4536000000000024,2,9,8.096910013008056
CHEMBL95020,O=C1Cc2c(ccc3c(CCC4CCN(Cc5ccccc5)CC4)noc23)N1,active,375.47200000000004,4.167200000000003,1,4,8.443697499232712
CHEMBL61533,Nc1c2c(nc3cc(F)ccc13)CCCC2,active,216.25899999999996,2.834900000000001,1,2,7.060480747381382
CHEMBL61533,Nc1c2c(nc3cc(F)ccc13)CCCC2,active,216.25899999999996,2.834900000000001,1,2,7.059981844992337
CHEMBL60167,Nc1c2c(nc3ccccc13)-c1ccccc1C2,active,232.28599999999997,3.388200000000001,1,2,6.170001911302621
CHEMBL24844,COc1ccc(-c2cc3c(c(=O)o2)C(=O)C2[C@@]4(C)CC[C@H](O)[C@@](C)(CO)C4C[C@H](O)[C@@]2(C)O3)cc1OC,inactive,514.5710000000003,2.814400000000001,3,9,4.236572006437063
CHEMBL61715,Nc1c2c(nc3cc([N+](=O)[O-])ccc13)CCCC2,active,243.26599999999993,2.604000000000001,1,4,7.552841968657781
CHEMBL61715,Nc1c2c(nc3cc([N+](=O)[O-])ccc13)CCCC2,active,243.26599999999993,2.604000000000001,1,4,7.550059011226662
CHEMBL274107,CNC(=O)Oc1cccc2c1OC[C@@H]1CCN(C)[C@H]21,active,262.3089999999999,1.79,1,4,7.130005999878258
CHEMBL274107,CNC(=O)Oc1cccc2c1OC[C@@H]1CCN(C)[C@H]21,active,262.3089999999999,1.79,1,4,7.5300307905000405
CHEMBL95,Nc1c2c(nc3ccccc13)CCCC2,active,198.26899999999992,2.695800000000001,1,2,6.769551078621726
CHEMBL61986,CCCCCCCNc1c2c(nc3cc(OC)ccc13)CCCC2,active,326.4840000000002,5.504500000000005,1,3,6.337242168318426
CHEMBL61986,CCCCCCCNc1c2c(nc3cc(OC)ccc13)CCCC2,active,326.4840000000002,5.504500000000005,1,3,6.329995488683631
CHEMBL292314,Nc1c2c(nc3cc(Cl)ccc13)CCCC2,active,232.71399999999994,3.3492000000000015,1,2,8.045757490560675
CHEMBL292314,Nc1c2c(nc3cc(Cl)ccc13)CCCC2,active,232.71399999999994,3.3492000000000015,1,2,8.0
CHEMBL61850,Nc1c2c(nc3cc(Br)ccc13)CCCC2,active,277.165,3.4583000000000013,1,2,7.180456064458132
CHEMBL24416,COc1ccc(-c2cc3c(c(=O)o2)C(=O)C2[C@@]4(C)CC[C@H](O)[C@@](C)(CO)C4C[C@H](O)[C@@]2(C)O3)cc1,inactive,484.54500000000024,2.8058000000000005,3,8,4.154901959985743
CHEMBL59628,Clc1ccc2c(NCc3ccccc3)c3c(nc2c1)CCCC3,active,322.83900000000017,5.379100000000004,1,2,6.769551078621726
CHEMBL59628,Clc1ccc2c(NCc3ccccc3)c3c(nc2c1)CCCC3,active,322.83900000000017,5.379100000000004,1,2,6.770011163455189
CHEMBL61930,Nc1c2c(nc3cc(Cl)c(Cl)cc13)CCCC2,active,267.159,4.002600000000001,1,2,6.327902142064283
CHEMBL61930,Nc1c2c(nc3cc(Cl)c(Cl)cc13)CCCC2,active,267.159,4.002600000000001,1,2,6.32000008377078
CHEMBL277665,C[C@]12CC[C@H](O)[C@@](C)(CO)C1C[C@H](O)[C@@]1(C)Oc3cc(-c4ccccc4)oc(=O)c3C(=O)C21,inactive,454.5190000000002,2.797200000000001,3,7,4.00436480540245
CHEMBL64465,Cc1ccc2c(NCc3ccccc3)c3c(nc2c1)CCCC3,active,302.4210000000002,5.034120000000004,1,2,6.1249387366083
CHEMBL64465,Cc1ccc2c(NCc3ccccc3)c3c(nc2c1)CCCC3,active,302.4210000000002,5.034120000000004,1,2,6.130000141365475
CHEMBL357551,CN(C)c1ccc(CC(=O)NCCCCCCCCNC23CC4CC(CC(C4)C2)C3)cc1,inactive,439.6880000000002,5.310300000000005,2,3,4.0
CHEMBL94,CNC(=O)Oc1ccc2c(c1)[C@]1(C)CCN(C)[C@@H]1N2C,active,275.352,1.7739,1,4,7.327902142064283
CHEMBL502,COc1cc2c(cc1OC)C(=O)C(CC1CCN(Cc3ccccc3)CC1)C2,active,379.50000000000017,4.361100000000004,0,4,8.096910013008056
CHEMBL153934,CN(C)c1ccc(CC(=O)NCCCCCCCCCCNC23CC4CC(CC(C4)C2)C3)cc1,inactive,467.7420000000003,6.090500000000007,2,3,4.0
CHEMBL157336,CN(C)c1ccc(CC(=O)NCCCCCCCCCCCCNC23CC4CC(CC(C4)C2)C3)cc1,inactive,495.7960000000004,6.870700000000008,2,3,4.0
CHEMBL139571,CC(C)c1ccc(NC(=O)N2CCC[C@H]2C(=O)N2CC[C@H]3[C@H]2[C@H](C)C(=O)N3C(=O)[C@@H]2[C@H](C)[C@@H]2C)cc1,inactive,494.63600000000025,3.6827000000000023,1,4,4.0
CHEMBL344656,CC(C)c1ccc(NC(=O)N2CCC[C@H]2C(=O)N2CC[C@H]3[C@H]2[C@H](C)C(=O)N3c2nc3ccccc3s2)cc1,inactive,531.6820000000002,5.068400000000005,1,5,4.0
CHEMBL332760,CC(C)c1ccc(NC(=O)Oc2ccc3c(c2)[C@]2(C)CCN(C)[C@@H]2N3C)cc1.O=C(O)C(O)C(O)C(=O)O,active,529.5900000000003,2.6674,5,8,6.119186407719209
CHEMBL348216,C#CC(C)OC[n+]1ccn(C)c1/C=N/O.[Cl-],inactive,243.694,-2.8794999999999975,1,4,4.924453038607469
CHEMBL150156,C#CCCCC[n+]1cn(C)c(/C=N/O)n1.[Cl-],inactive,242.71000000000004,-2.6767999999999974,1,4,4.204119982655925
CHEMBL333580,CC(C)c1ccc(NC(=O)Oc2ccc3c(c2)[C@]2(C)CCN(C)O[C@@H]2N3C)cc1,inactive,395.50300000000016,4.721600000000004,1,5,5.0
CHEMBL146319,CC#CC(C)OC[n+]1ccn(C)c1/C=N/O.[Cl-],inactive,257.721,-2.489399999999997,1,4,3.8416375079047502
CHEMBL659,COc1ccc2c3c1O[C@H]1C[C@@H](O)C=C[C@@]31CCN(C)C2,active,287.35900000000004,1.8503,1,4,6.096910013008056
CHEMBL147465,C#CCCOC[n+]1ccn(C)c1C.[Cl-],inactive,214.69599999999997,-2.3775799999999974,0,2,4.568636235841013
CHEMBL357987,CC#CC(C)(C)OC[n+]1ccn(C)c1/C=N/O.[Cl-],inactive,271.74800000000005,-2.099299999999997,1,4,3.7569619513137056
CHEMBL338975,CNC(=O)Oc1ccc2c(c1)[C@]1(C)CCN(C)[C@@H]1N2C.O=C(O)c1ccccc1O,active,413.4740000000001,2.8643000000000014,3,6,7.552841968657781
CHEMBL150212,C#CCCOC[n+]1ccc(/C=N/O)cc1.[Cl-],inactive,240.69000000000003,-2.2163999999999975,1,3,4.015472686656207
CHEMBL148832,C#CCOC[n+]1ccn(C)c1/C=N/O.[Cl-],inactive,229.667,-3.267999999999998,1,4,4.661543506395395
CHEMBL355986,C#CCCOC[n+]1ccn(C(C)(C)C)c1/C=N/O.[Cl-],inactive,285.775,-1.6598999999999964,1,4,3.469800301796918
CHEMBL356000,C#CC1CCCCC1OC[n+]1ccn(C)c1/C=N/O.[Cl-],inactive,297.78600000000006,-1.7091999999999967,1,4,4.692503962086787
CHEMBL423397,C#CCCCC[n+]1ccn(COC)c1/C=N/O.[Cl-],inactive,271.748,-2.0048999999999966,1,4,3.7328282715969863
CHEMBL149026,C#CCCOC[n+]1ccn(C)c1/C=N/O.[Cl-],inactive,243.694,-2.8778999999999977,1,4,4.838631997765025
CHEMBL1255901,C/C=C1\[C@H]2C=C(C)C[C@@]1(N)c1ccc(=O)[nH]c1C2,active,242.32199999999997,1.9975,2,2,7.327902142064283
CHEMBL357981,C#CC(C)C(C)OC[n+]1ccn(C)c1/C=N/O.[Cl-],inactive,271.74800000000005,-2.2433999999999967,1,4,4.896196279044043
CHEMBL347749,CC#CCCOC[n+]1ccn(C)c1/C=N/O.[Cl-],inactive,257.721,-2.4877999999999973,1,4,4.114638779968488
CHEMBL346399,C#CCCCOC[n+]1ccn(C)c1/C=N/O.[Cl-],inactive,257.721,-2.4877999999999973,1,4,4.554395796726403
CHEMBL124054,Cc1ccccc1NC(=O)Oc1ccc2c(c1)[C@]1(C)CCN(C)O[C@@H]1N2C,active,367.4490000000001,3.906620000000003,1,5,6.756961951313706
CHEMBL557400,CC(C)c1ccc(NC(=O)Oc2ccc3c(c2)[C@]2(C)CC[N@@+](C)([O-])[C@@H]2N3C)cc1.Cl,inactive,431.9640000000001,5.224400000000006,1,4,5.0
CHEMBL748,C[n+]1ccccc1/C=N/O.[Cl-],inactive,172.615,-2.6767999999999983,1,2,3.4365189146055894
CHEMBL123248,CNC(=O)Oc1ccc2c(c1)[C@]1(C)CCN(C)O[C@@H]1N2C,active,291.35099999999994,1.7055,1,5,6.823908740944319
CHEMBL556186,Cc1ccccc1NC(=O)Oc1ccc2c(c1)[C@]1(C)CC[N@@+](C)([O-])[C@@H]1N2C.Cl,active,403.91000000000014,4.409420000000005,1,4,6.7447274948966935
CHEMBL147517,C#CC(C)(C)OC[n+]1ccn(C)c1/C=N/O.[Cl-],inactive,257.721,-2.489399999999997,1,4,4.616184634019569
CHEMBL538109,CCc1ccccc1NC(=O)Oc1ccc2c(c1)[C@]1(C)CC[N@@+](C)([O-])[C@@H]1N2C.Cl,active,417.9370000000002,4.6634000000000055,1,4,6.903089986991944
CHEMBL120279,Cc1ccccc1NC(=O)Oc1ccc2c(c1)[C@]1(C)CCN(C)[C@@H]1N2C.O=C(O)C(O)C(O)C(=O)O,active,501.53600000000023,1.85242,5,8,8.0
CHEMBL538852,CNC(=O)Oc1ccc2c(c1)[C@]1(C)CC[N@@+](C)([O-])[C@@H]1N2C.Cl,active,327.81199999999995,2.208300000000001,1,4,7.0
CHEMBL149017,C#CCCCC[n+]1ccccc1/C=N/O.[Cl-],inactive,238.71800000000002,-1.4102999999999977,1,2,4.211124884224583
CHEMBL123249,CN1CC[C@@]2(C)c3cc(OC(=O)Nc4ccccc4)ccc3N(C)[C@@H]12.O=C(O)C(O)C(O)C(=O)O,active,487.5090000000002,1.5439999999999996,5,8,7.619788758288394
CHEMBL122834,CCc1ccccc1NC(=O)Oc1ccc2c(c1)[C@]1(C)CCN(C)[C@@H]1N2C.O=C(O)C(O)C(O)C(=O)O,active,515.5630000000003,2.1063999999999994,5,8,8.0
CHEMBL121810,CCc1ccccc1NC(=O)Oc1ccc2c(c1)[C@]1(C)CCN(C)O[C@@H]1N2C,active,381.47600000000017,4.160600000000003,1,5,7.187086643357144
CHEMBL433041,CCCCCCCNC(=O)Oc1ccc2c(c1)[C@]1(C)CCN(C)[C@@H]1N2C,active,359.5140000000002,4.114500000000003,1,4,7.657577319177793
CHEMBL149084,C#CCCCC[n+]1ccn(C(C)(C)C)c1/C=N/O.[Cl-],inactive,283.803,-0.853799999999997,1,3,4.115771230367396
CHEMBL502,COc1cc2c(cc1OC)C(=O)C(CC1CCN(Cc3ccccc3)CC1)C2,active,379.50000000000017,4.361100000000004,0,4,7.657577319177793
CHEMBL150164,C#CCCCC[n+]1ccc(/C=N/O)cc1.[Cl-],inactive,238.71800000000002,-1.4102999999999977,1,2,3.515700160653214
CHEMBL147025,C#CC1(OC[n+]2ccn(C)c2/C=N/O)CCCC1.[Cl-],inactive,283.75899999999996,-1.9551999999999972,1,4,4.616184634019569
CHEMBL123831,CN1CC[C@@]2(C)c3cc(OC(=O)Nc4ccccc4)ccc3N(C)[C@H]2O1,active,353.4220000000001,3.598200000000002,1,5,6.886056647693163
CHEMBL95,Nc1c2c(nc3ccccc13)CCCC2,active,198.26899999999992,2.695800000000001,1,2,6.721246399047171
CHEMBL538853,CN1c2ccc(OC(=O)Nc3ccccc3)cc2[C@]2(C)CC[N@@+](C)([O-])[C@H]12.Cl,active,389.8830000000001,4.1010000000000035,1,4,6.698970004336019
CHEMBL91291,Cc1cc2onc(CCC3CCN(Cc4ccccc4)CC3)c2cc1C,active,348.4900000000002,5.289440000000005,0,3,8.236572006437063
CHEMBL502,COc1cc2c(cc1OC)C(=O)C(CC1CCN(Cc3ccccc3)CC1)C2,active,379.50000000000017,4.361100000000004,0,4,8.096910013008056
CHEMBL92460,c1ccc(CN2CCC(CCc3noc4ccccc34)CC2)cc1,active,320.4360000000001,4.6726000000000045,0,3,7.259637310505756
CHEMBL93619,COc1cccc2c(CCC3CCN(Cc4ccccc4)CC3)noc12,active,350.4620000000001,4.681200000000004,0,4,8.148741651280925
CHEMBL93936,c1ccc(CN2CCC(CCc3noc4cc(N5CCOCC5)ccc34)CC2)cc1,active,405.54200000000026,4.509200000000004,0,5,9.096910013008056
CHEMBL94,CNC(=O)Oc1ccc2c(c1)[C@]1(C)CCN(C)[C@@H]1N2C,active,275.352,1.7739,1,4,7.721246399047171
CHEMBL92955,O=S(=O)(Nc1ccc2c(CCC3CCN(Cc4ccccc4)CC3)noc2c1)c1ccccc1,active,475.61400000000015,5.473400000000005,1,5,7.853871964321762
CHEMBL92958,c1ccc(CN2CCC(CCc3n[nH]c4ccccc34)CC2)cc1,active,319.4520000000001,4.407700000000004,1,2,6.920818753952375
CHEMBL433379,Cc1ccc2onc(CCC3CCN(Cc4ccccc4)CC3)c2c1,active,334.4630000000001,4.981020000000005,0,3,8.10790539730952
CHEMBL418955,COc1ccc2c(CCC3CCN(Cc4ccccc4)CC3)noc2c1,active,350.4620000000001,4.681200000000004,0,4,8.080921907623926
CHEMBL96246,C(=C\C1CCN(Cc2ccccc2)CC1)\c1noc2ccccc12,active,318.42,4.753200000000004,0,3,6.6777807052660805
CHEMBL95,Nc1c2c(nc3ccccc13)CCCC2,active,198.26899999999992,2.695800000000001,1,2,6.568636235841013
CHEMBL329531,c1ccc(CN2CCC(CCc3ncnc4ccccc34)CC2)cc1,active,331.46300000000014,4.474600000000004,0,3,6.468521082957745
CHEMBL330004,Brc1ccc2c(CCC3CCN(Cc4ccccc4)CC3)noc2c1,active,399.33200000000005,5.435100000000005,0,3,7.301029995663981
CHEMBL328102,c1ccc(CN2CCC(CCc3nsc4ccccc34)CC2)cc1,active,336.50400000000013,5.141100000000005,0,3,7.00436480540245
CHEMBL93241,c1ccc(CN2CCC(CCCc3noc4ccccc34)CC2)cc1,active,334.4630000000001,5.062700000000005,0,3,6.045757490560675
CHEMBL328715,c1ccc(CN2CCC(CCNc3noc4ccccc34)CC2)cc1,active,335.45100000000014,4.542000000000003,1,4,6.0915149811213505
CHEMBL92663,NC(=O)c1ccc2c(CCC3CCN(Cc4ccccc4)CC3)noc2c1,active,363.46100000000007,3.771500000000003,1,4,8.05551732784983
CHEMBL92142,c1ccc(CN2CCC(CCc3nccc4ccccc34)CC2)cc1,active,330.47500000000014,5.079600000000005,0,2,6.657577319177793
CHEMBL92629,c1ccc(CN2CCC(CNc3noc4ccccc34)CC2)cc1,active,321.42400000000015,4.151900000000003,1,4,6.494850021680094
CHEMBL92463,Oc1ccc2c(CCC3CCN(Cc4ccccc4)CC3)noc2c1,active,336.4350000000001,4.378200000000004,1,4,7.585026652029182
CHEMBL420625,Nc1ccc2c(CCC3CCN(Cc4ccccc4)CC3)noc2c1,active,335.45100000000014,4.254800000000004,1,4,7.698970004336019
CHEMBL93123,O=C(Nc1ccc2c(CCC3CCN(Cc4ccccc4)CC3)noc2c1)c1ccccc1,active,439.55900000000014,5.924900000000005,1,4,8.0268721464003
CHEMBL92775,N#Cc1ccc2c(CCC3CCN(Cc4ccccc4)CC3)noc2c1,active,345.44600000000014,4.544280000000004,0,4,6.995678626217358
CHEMBL92736,CC(=O)Nc1ccc2c(CCC3CCN(Cc4ccccc4)CC3)noc2c1,active,377.48800000000006,4.631000000000004,1,4,8.55284196865778
CHEMBL94186,COc1ccc2onc(CCC3CCN(Cc4ccccc4)CC3)c2c1,active,350.46200000000005,4.681200000000005,0,4,8.142667503568731
CHEMBL2448609,CCCCCCNC(=O)Oc1ccc2c(c1)[C@]1(C)CCN(CCC)C1C2.Cc1ccc(C(=O)OC(C(=O)O)C(OC(=O)c2ccc(C)cc2)C(=O)O)cc1.O,active,762.8970000000005,6.052340000000008,3,9,7.2076083105017466
CHEMBL34222,CCCCCCNC(=O)Oc1ccc2c(c1)[C@]1(C)CCN(CC)C1C2,active,344.4990000000002,4.263300000000004,1,3,7.698970004336019
CHEMBL416586,CCCCCCCNC(=O)Oc1ccc2c(c1)[C@]1(C)CCN(CC)C1C2,active,358.52600000000024,4.653400000000004,1,3,7.443697499232712
CHEMBL416586,CCCCCCCNC(=O)Oc1ccc2c(c1)[C@]1(C)CCN(CC)C1C2,active,358.52600000000024,4.653400000000004,1,3,7.236572006437063
CHEMBL32964,CCCNC(=O)Oc1ccc2c(c1)[C@]1(C)CCN(CC)C1C2,active,302.41800000000006,3.0930000000000017,1,3,6.812479279163537
CHEMBL288549,CCCCCCCNC(=O)Oc1ccc2c(c1)[C@]1(C)CCN(Cc3ccccc3)C1C2,active,420.59700000000026,5.833700000000006,1,3,6.295849483160201
CHEMBL34002,CCN1CC[C@@]2(C)c3cc(OC(=O)NC(C)(C)C)ccc3CC12,inactive,316.44500000000005,3.4815000000000023,1,3,4.903541888282547
CHEMBL33098,CCCCCCCNC(=O)Oc1ccc2c(c1)[C@@H]1CCN(CCC)C1C2,active,358.52600000000024,4.869400000000004,1,3,6.201349354554731
CHEMBL34222,CCCCCCNC(=O)Oc1ccc2c(c1)[C@]1(C)CCN(CC)C1C2,active,344.4990000000002,4.263300000000004,1,3,6.632644078973981
CHEMBL284938,CCCCCCNC(=O)Oc1ccc2c(c1)[C@]1(C)CCN(C)C1C2,active,330.47200000000015,3.8732000000000033,1,3,7.113509274827518
CHEMBL32966,CCCCCCCNC(=O)Oc1ccc2c(c1)[C@]1(C)CCN(C)C1C2,active,344.4990000000002,4.263300000000003,1,3,6.943095148663527
CHEMBL287691,CCN1CC[C@H]2c3cc(OC(=O)NC)ccc3CC21,active,260.337,2.1387,1,3,6.5968794788241825
CHEMBL32543,CCCCCCNC(=O)Oc1ccc2c(c1)[C@@H]1CCN(CCC)C1C2,active,344.4990000000002,4.479300000000004,1,3,6.285670240254767
CHEMBL416586,CCCCCCCNC(=O)Oc1ccc2c(c1)[C@]1(C)CCN(CC)C1C2,active,358.52600000000024,4.653400000000004,1,3,6.675717544702307
CHEMBL286690,CCN1CC[C@@]2(C)c3cc(OC(=O)NCc4ccccc4)ccc3CC12,active,350.46200000000005,3.883200000000003,1,3,7.161150909262744
CHEMBL32453,CCCCCCCNC(=O)Oc1ccc2c(c1)[C@@H]1CCN(CC)C1C2,active,344.4990000000002,4.479300000000004,1,3,6.419075024324381
CHEMBL34222,CCCCCCNC(=O)Oc1ccc2c(c1)[C@]1(C)CCN(CC)C1C2,active,344.4990000000002,4.263300000000004,1,3,7.346787486224656
CHEMBL62373,CCCN1CCCC(c2cccc(OC(=O)NC(C)C)c2)C1,inactive,304.4340000000001,3.772800000000003,1,3,5.0
CHEMBL32543,CCCCCCNC(=O)Oc1ccc2c(c1)[C@@H]1CCN(CCC)C1C2,active,344.4990000000002,4.479300000000004,1,3,6.262807357295262
CHEMBL33161,CCN1CC[C@@]2(C)c3cc(OC(=O)Nc4ccccc4)ccc3CC12,active,336.43500000000006,4.205500000000003,1,3,6.7544873321858505
CHEMBL32452,CCCCNC(=O)Oc1ccc2c(c1)[C@]1(C)CCN(CC)C1C2,active,316.44500000000005,3.483100000000002,1,3,7.045757490560675
CHEMBL33642,CCCCCCCNC(=O)Oc1ccc2c(c1)[C@]1(C)CCN(CCC)C1C2,active,372.5530000000003,5.043500000000004,1,3,7.031517051446065
CHEMBL433041,CCCCCCCNC(=O)Oc1ccc2c(c1)[C@]1(C)CCN(C)[C@@H]1N2C,active,359.5140000000002,4.114500000000003,1,4,6.958607314841775
CHEMBL284369,CCCCCCNC(=O)Oc1ccc2c(c1)[C@@H]1CCN(CC)C1C2,active,330.47200000000015,4.0892000000000035,1,3,6.681936665037238
CHEMBL284519,CCN1CC[C@@]2(C)c3cc(OC(=O)NC)ccc3CC12,active,274.36400000000003,2.3128,1,3,7.42021640338319
CHEMBL94,CNC(=O)Oc1ccc2c(c1)[C@]1(C)CCN(C)[C@@H]1N2C,active,275.352,1.7739,1,4,6.892790030352131
CHEMBL95,Nc1c2c(nc3ccccc13)CCCC2,active,198.26899999999992,2.695800000000001,1,2,7.107905397309519
CHEMBL95,Nc1c2c(nc3ccccc13)CCCC2,active,198.26899999999992,2.695800000000001,1,2,7.1249387366083
CHEMBL51934,Nc1c2c(nc3ccccc13)CCCC2O,active,214.26799999999994,2.1867000000000005,2,3,6.153662887870195
CHEMBL51934,Nc1c2c(nc3ccccc13)CCCC2O,active,214.26799999999994,2.1867000000000005,2,3,6.020451625295905
CHEMBL1127,Nc1c2c(nc3ccccc13)CC(O)CC2,active,214.26799999999994,1.6665999999999999,2,3,6.205511953340831
CHEMBL1127,Nc1c2c(nc3ccccc13)CC(O)CC2,active,214.26799999999994,1.6665999999999999,2,3,6.11975822410452
CHEMBL319451,Nc1c2c(nc3ccccc13)C(O)CCC2,active,214.26799999999994,2.1867,2,3,6.283162276700476
CHEMBL319451,Nc1c2c(nc3ccccc13)C(O)CCC2,active,214.26799999999994,2.1867,2,3,6.3223930472795065
CHEMBL325505,CCCCCCCCCN(Cc1ccccc1OC)C(=O)CCCCCN(C)Cc1ccc(-c2ccc(CN(C)CCCCCC(=O)NCc3ccccc3OC)cc2)cc1,inactive,833.2149999999999,11.450999999999992,1,6,3.9800000199290153
CHEMBL326308,CCCCCCCCCN(Cc1ccccc1OC)C(=O)CCCCCNCc1ccc(-c2ccc(-c3ccc(CNCCCCCC(=O)NCc4ccccc4OC)cc3)cc2)cc1,inactive,881.2589999999999,12.433599999999988,3,6,4.800000052738446
CHEMBL11805,COc1ccccc1CN(C)CCCCCC(=O)N(C)CCCCCCCCN(C)C(=O)CCCCCN(C)Cc1ccccc1OC,active,666.9920000000003,7.64580000000001,0,6,6.770011163455189
CHEMBL323655,COc1ccccc1CN(CCCCCCCCN(Cc1ccccc1OC)C(=O)CCCCCN)C(=O)CCCCCN,inactive,610.8839999999999,6.440000000000006,2,6,4.480000028175458
CHEMBL110045,COc1ccccc1CN1CCCCCC(=O)N(C)CCCCCCCCN(C)C(=O)CCCCCN(Cc2ccccc2OC)Cc2ccc(cc2)-c2ccc(cc2)C1,inactive,817.1720000000001,10.766999999999996,0,6,4.2699999970646445
CHEMBL357843,CC(OC[n+]1ccn(C)c1/C=N/O)C1CCCCC1.[Cl-],inactive,301.818,-0.9323999999999979,1,4,4.585026652029182
CHEMBL346605,Cc1ccc(F)cc1,active,110.131,2.1341200000000002,0,0,8.019996628416253
CHEMBL140020,C=CC[N+](C)(C)c1ccc(CCC(=O)CCc2ccc([N+](C)(C)CC=C)cc2)cc1,active,406.6140000000001,5.3269000000000055,0,1,8.097018600202498
CHEMBL288316,CC(C)OC[n+]1ccn(C)c1/C=N/O.[Cl-],inactive,233.699,-2.4927999999999964,1,4,4.309803919971486
CHEMBL45005,Cc1ccccc1C,active,106.16799999999999,2.30344,0,0,8.0
CHEMBL31561,Cc1ccc(C)cc1,active,106.16799999999999,2.30344,0,0,7.400007822415902
CHEMBL136870,COc1ccc(C)c([N+](C)(C)C)c1,inactive,180.271,2.2003199999999996,0,1,3.461999999164308
CHEMBL612100,CN1CC[C@@]2(C)c3cc(OC(=O)NCc4ccccc4)ccc3N(C)C12,active,351.45000000000005,3.3443000000000023,1,4,6.336996766870358
CHEMBL139330,CC(=O)Oc1cc([N+](C)(C)C)ccc1C,active,208.281,2.11702,0,2,6.1810025663760735
CHEMBL289890,COC[n+]1ccn(C)c1/C=N/O.[Cl-],inactive,205.645,-3.271399999999997,1,4,3.8728952016351923
CHEMBL538352,Cn1cc[n+](COC[n+]2ccccc2/C=N/O)c1/C=N/O.[Cl-].[Cl-],inactive,362.217,-6.1439,2,6,4.42021640338319
CHEMBL54126,CN(C)C(=O)Oc1cccc([N+](C)(C)C)c1.[Br-],active,303.19999999999993,-1.052299999999998,0,2,7.041006334969674
CHEMBL152826,COc1cc2c(c(OC)c1)C(=O)C(C)C2,active,206.24099999999999,2.0787,0,3,6.42021640338319
CHEMBL152826,COc1cc2c(c(OC)c1)C(=O)C(C)C2,active,206.24099999999999,2.0787,0,3,7.599980364934842
CHEMBL286727,Cc1cccc(C)c1,active,106.16799999999999,2.30344,0,0,8.700057099977233
CHEMBL140403,C=CCCC[N+](C)(C)C,inactive,128.23899999999998,1.6588,0,0,2.9470000017962272
CHEMBL347023,COc1ccc2c(c1)C(=O)C(C)C2,active,176.21499999999997,2.0701,0,2,6.42021640338319
CHEMBL347023,COc1ccc2c(c1)C(=O)C(C)C2,active,176.21499999999997,2.0701,0,2,7.090016305060156
CHEMBL612098,CCN(CC)C(=O)Oc1ccc2c(c1)[C@]1(C)CCN(C)C1N2C,inactive,317.433,2.896300000000001,0,4,4.398000054034892
CHEMBL139908,CCCC(=O)SCC[N+](C)(C)C,inactive,190.332,1.7525,0,2,3.9000000040686618
CHEMBL54727,CN1CC[C@@]2(C)c3cc(OC(=O)Nc4ccccc4)ccc3N(C)C12,active,337.42300000000006,3.6666000000000025,1,4,6.455994002150566
CHEMBL153848,COc1cc2c(cc1OC(C)C)CC(C)C2=O,active,234.29499999999996,2.8573000000000013,0,3,6.42021640338319
CHEMBL153848,COc1cc2c(cc1OC(C)C)CC(C)C2=O,active,234.29499999999996,2.8573000000000013,0,3,8.049976093476673
CHEMBL94,CNC(=O)Oc1ccc2c(c1)[C@]1(C)CCN(C)[C@@H]1N2C,active,275.352,1.7739,1,4,7.243972787026559
CHEMBL609671,CCCCNC(=O)Oc1ccc2c(c1)[C@]1(C)CCN(C)C1N2C,active,317.433,2.9442000000000013,1,4,6.818013575519849
CHEMBL147213,CC(CC(C)(C)C)OC[n+]1ccn(C)c1/C=N/O.[Cl-],inactive,289.807,-1.0764999999999962,1,4,4.488116639021126
CHEMBL358323,COC[n+]1c(/C=N/O)n(C)c2ccccc21.[Cl-],inactive,255.70499999999998,-2.118199999999997,1,4,3.703334809738469
CHEMBL136145,C[N+](C)(C)CCS,inactive,120.241,0.6224000000000001,1,1,3.3569999954922864
CHEMBL138988,COc1cc([N+](C)(C)C)ccc1C,inactive,180.27100000000002,2.2003200000000005,0,1,3.911999999739359
CHEMBL136526,CNC(=O)Oc1ccc2c(c1)[C@]1(C)CC[N+](C)(C)C1N2C,active,290.38699999999994,1.9185,1,3,7.469032318428085
CHEMBL145971,Cn1cc[n+](COCC2CCCc3ccccc32)c1/C=N/O.[Cl-],inactive,335.83500000000004,-0.7810999999999979,1,4,4.251811972993799
CHEMBL352247,Cc1cccc2c1CC(C)C2=O,active,160.21599999999998,2.3699200000000005,0,1,6.42021640338319
CHEMBL352247,Cc1cccc2c1CC(C)C2=O,active,160.21599999999998,2.3699200000000005,0,1,8.15002808767115
CHEMBL334938,C[N+]1(C)CCO[C@@](O)(c2ccc(C#N)cc2)C1,inactive,233.291,0.8099799999999999,1,3,1.9360000000581392
CHEMBL345698,Cc1cccc(F)c1,active,110.131,2.1341200000000002,0,0,9.0
CHEMBL341956,C[N+](C)(C)CCCl,inactive,122.619,0.9314,0,0,2.622000000529848
CHEMBL58521,Cc1ccc(N)cc1,active,107.156,1.5772199999999998,1,1,7.439973751087107
CHEMBL337142,C[N+](C)(C)CCCCI,inactive,242.124,1.9078000000000002,0,0,3.326999996677582
CHEMBL95,Nc1c2c(nc3ccccc13)CCCC2,active,198.26899999999992,2.695800000000001,1,2,7.119015009513246
CHEMBL748,C[n+]1ccccc1/C=N/O.[Cl-],inactive,172.615,-2.6767999999999983,1,2,3.4365189146055894
CHEMBL95,Nc1c2c(nc3ccccc13)CCCC2,active,198.26899999999992,2.695800000000001,1,2,7.2839966563652006
CHEMBL609672,CC(C)NC(=O)Oc1ccc2c(c1)[C@]1(C)CCN(C)C1N2C,inactive,303.406,2.552500000000001,1,4,4.455999959081013
CHEMBL34000,Cn1cc[n+](COCCCc2ccccc2)c1/C=N/O.[Cl-],inactive,309.797,-1.2683999999999973,1,4,4.673664139071248
CHEMBL347667,COc1cc2c(cc1O)C(=O)C(C)C2,active,192.21399999999997,1.7757,1,3,6.42021640338319
CHEMBL347667,COc1cc2c(cc1O)C(=O)C(C)C2,active,192.21399999999997,1.7757,1,3,8.880084589742008
CHEMBL135086,C=CCC[N+](C)(C)C,inactive,114.21199999999997,1.2687,0,0,3.072000002122498
CHEMBL422695,CC1Cc2cc3c(cc2C1=O)OCO3,active,190.19799999999995,1.7901999999999996,0,3,6.42021640338319
CHEMBL422695,CC1Cc2cc3c(cc2C1=O)OCO3,active,190.19799999999995,1.7901999999999996,0,3,7.6399749108106025
CHEMBL155191,CC1Cc2ccccc2C1=O,active,146.18899999999996,2.0615,0,1,6.42021640338319
CHEMBL155191,CC1Cc2ccccc2C1=O,active,146.18899999999996,2.0615,0,1,6.83000246293343
CHEMBL352215,Cc1ccccc1F,active,110.131,2.1341200000000002,0,0,8.019996628416253
CHEMBL342370,CC(=O)Nc1ccc([C@@]2(O)C[N+](C)(C)CCO2)cc1,inactive,265.3329999999999,0.8966999999999996,2,3,2.683999999746373
CHEMBL136229,CCCCCC[N+](C)(C)C,inactive,144.28199999999998,2.2729,0,0,3.0880000007225594
CHEMBL137226,CC(=O)Nc1cccc([N+](C)(C)C)c1,inactive,193.26999999999995,1.8417,1,1,3.0
CHEMBL136669,CCC(=O)Oc1ccc(C)c([N+](C)(C)C)c1,inactive,222.30799999999996,2.5071200000000005,0,2,4.161000002416256
CHEMBL539108,O/N=C\c1cccc[n+]1COCCOC[n+]1ccccc1/C=N/O.[Cl-].[Cl-],inactive,403.26599999999996,-5.465799999999996,2,6,3.469032318428085
CHEMBL422338,COc1cccc2c1CC(C)C2=O,active,176.21499999999997,2.0701,0,2,6.42021640338319
CHEMBL422338,COc1cccc2c1CC(C)C2=O,active,176.21499999999997,2.0701,0,2,7.92009553233328
CHEMBL350916,COc1ccc2c(c1OC)C(=O)C(C)C2,active,206.24099999999996,2.0787,0,3,6.42021640338319
CHEMBL350916,COc1ccc2c(c1OC)C(=O)C(C)C2,active,206.24099999999996,2.0787,0,3,7.059981844992337
CHEMBL125278,NC(=O)O,inactive,61.040000000000006,-0.37690000000000007,2,1,4.173925197299173
CHEMBL136916,CC(=O)CCC[N+](C)(C)C,inactive,144.238,1.0618,0,1,4.072000007248565
CHEMBL344196,C[N+](C)(C)CCCCCBr,inactive,209.15099999999998,2.2578000000000005,0,0,3.2719999995100837
CHEMBL136719,CC(=O)Oc1cccc([N+](C)(C)C)c1C,inactive,208.28099999999995,2.11702,0,2,4.3889999854632515
CHEMBL136670,CCC(=O)Oc1cccc([N+](C)(C)C)c1C,inactive,222.30799999999996,2.5071200000000005,0,2,3.1230000021524136
CHEMBL416772,CCCCOC[n+]1ccn(C)c1/C=N/O.[Cl-],inactive,247.726,-2.101099999999996,1,4,4.560667306169737
CHEMBL156487,COc1cc2c(cc1O)CC(C)C2=O,active,192.21399999999997,1.7757,1,3,6.42021640338319
CHEMBL156487,COc1cc2c(cc1O)CC(C)C2=O,active,192.21399999999997,1.7757,1,3,6.41999931041096
CHEMBL342903,C[C@@]1(O)C[N+](C)(C)CCO1,inactive,146.20999999999998,-0.19850000000000012,1,2,2.7619999998029403
CHEMBL134914,CCOCC[N+](C)(C)C,inactive,132.227,0.7291000000000001,0,1,2.9359999985589917
CHEMBL342902,CCCC(=O)OCC[N+](C)(C)C,inactive,174.26399999999998,1.0359,0,2,3.6399999910458836
CHEMBL335108,COc1cccc([N+](C)(C)C)c1C,inactive,180.271,2.2003199999999996,0,1,3.6219999968922534
CHEMBL609150,CCCCCCCCNC(=O)Oc1ccc2c(c1)[C@]1(C)CCN(C)C1N2C,active,373.54100000000017,4.5046000000000035,1,4,6.959002307576509
CHEMBL359412,Cn1cc[n+](COCC2CCCCC2)c1/C=N/O.[Cl-],inactive,287.79099999999994,-1.3208999999999964,1,4,4.376750709602099
CHEMBL423419,COc1ccc(OC)c2c1CC(C)C2=O,active,206.24099999999996,2.0787,0,3,6.42021640338319
CHEMBL423419,COc1ccc(OC)c2c1CC(C)C2=O,active,206.24099999999996,2.0787,0,3,7.439973751087107
CHEMBL9113,Cc1ccccc1,active,92.14099999999999,1.99502,0,0,8.280006173632396
CHEMBL155320,Cc1ccc([N+](=O)[O-])cc1,active,137.138,1.90322,0,2,7.0
CHEMBL155499,CC1Cc2ccc(F)cc2C1=O,active,164.17899999999997,2.2005999999999997,0,1,6.42021640338319
CHEMBL155499,CC1Cc2ccc(F)cc2C1=O,active,164.17899999999997,2.2005999999999997,0,1,6.699991797446187
CHEMBL16645,Cc1ccc(O)cc1,active,108.13999999999999,1.7006199999999998,1,1,8.739928612014925
CHEMBL920,C[N+](C)(C)CCO,inactive,104.17299999999999,-0.3150999999999999,1,1,2.521000000603387
CHEMBL136568,CCSCC[N+](C)(C)C,inactive,148.29500000000002,1.4457,0,1,2.8210000011975964
CHEMBL344924,C[N+](C)(C)CCCCBr,inactive,195.124,1.8677,0,0,3.22399999751502
CHEMBL343319,Cc1c(O)cccc1[N+](C)(C)C,inactive,166.24399999999997,1.89732,1,1,3.8500000137195762
CHEMBL60745,CC[N+](C)(C)c1cccc(O)c1.[Br-],active,246.14799999999997,-1.0169999999999997,1,1,6.1080000615514125
CHEMBL298312,Cc1cccc(O)c1,active,108.13999999999999,1.7006199999999998,1,1,7.339988778710669
CHEMBL423352,CC(C)(C)[C@@]1(O)C[N+](C)(C)CCO1,inactive,188.29099999999994,0.8276999999999999,1,2,2.430999999745263
CHEMBL609149,CN(C)C(=O)Oc1ccc2c(c1)[C@]1(C)CCN(C)C1N2C,active,289.37899999999996,2.1161000000000003,0,4,6.012999985342652
CHEMBL32585,CC(OC[n+]1ccn(C)c1/C=N/O)C(C)(C)C.[Cl-],inactive,275.78,-1.4665999999999964,1,4,4.939302159646388
CHEMBL149427,Cn1c(/C=N/O)[n+](C)c2ccccc21.[Cl-],inactive,225.679,-2.1850999999999985,1,3,3.910094888560602
CHEMBL135503,C=CC[N+](C)(C)C,inactive,100.18499999999999,0.8785999999999999,0,0,2.5350000005956224
CHEMBL147968,CCCCCCOC[n+]1ccn(C)c1/C=N/O.[Cl-],inactive,275.78000000000003,-1.3208999999999964,1,4,4.6020599913279625
CHEMBL284692,Cn1cc[n+](COCc2ccccc2)c1/C=N/O.[Cl-],inactive,281.74300000000005,-1.7009999999999972,1,4,4.251811972993799
CHEMBL440185,COc1cc2c(c(OC)c1OC)C(=O)C(C)C2,active,236.26699999999997,2.0873,0,4,6.42021640338319
CHEMBL440185,COc1cc2c(c(OC)c1OC)C(=O)C(C)C2,active,236.26699999999997,2.0873,0,4,7.880084589742009
CHEMBL345031,C[N+]1(C)CCO[C@H](O)C1,inactive,132.18299999999996,-0.5886000000000002,1,2,2.753999999115533
CHEMBL94,CNC(=O)Oc1ccc2c(c1)[C@]1(C)CCN(C)[C@@H]1N2C,active,275.352,1.7739,1,4,9.366531544420413
CHEMBL609719,C[N+]1(C)CCO[C@@](O)(c2ccc([N+](=O)[O-])cc2)C1.[Cl-],inactive,288.731,-2.149499999999997,1,4,2.290999999609832
CHEMBL136148,COc1cccc([N+](C)(C)C)c1,inactive,166.244,1.8919,0,1,3.22399999751502
CHEMBL154848,COc1cc2c(cc1OC)C(=O)C(C)C2,active,206.24099999999996,2.0787,0,3,6.42021640338319
CHEMBL154848,COc1cc2c(cc1OC)C(=O)C(C)C2,active,206.24099999999996,2.0787,0,3,8.280006173632396
CHEMBL335439,C[N+]1(C)CCO[C@@](O)(c2ccc(Cl)cc2)C1,inactive,242.726,1.5917,1,2,2.090000000087678
CHEMBL344864,C[N+]1(C)CCO[C@@](O)(C(F)(F)F)C1,inactive,200.17999999999995,0.3438999999999998,1,2,2.4170000003594185
CHEMBL33051,NC(=O)c1cc[n+](COC[n+]2ccccc2/C=N/O)cc1.[Cl-].[Cl-],inactive,359.21299999999997,-6.191599999999997,2,4,4.050609993355087
CHEMBL422459,C[N+](C)(C)c1cccc(O)c1,active,152.21699999999998,1.5889,1,1,6.01199876052422
CHEMBL147793,Cc1n(C)cc[n+]1COC(C)C(C)(C)C.[Cl-],inactive,246.78199999999998,-0.9662799999999969,0,2,4.481486060122112
CHEMBL349791,COc1cccc(C)c1,active,122.16699999999997,2.0036199999999997,0,1,6.659992382003327
CHEMBL139259,C[N+]1(C)CCO[C@@](O)(c2ccc(N)cc2)C1,inactive,223.296,0.5204999999999996,2,3,3.1610000024162557
CHEMBL158242,CCOc1cc2c(cc1OCC)C(=O)C(C)C2,active,234.29499999999993,2.858900000000001,0,3,6.42021640338319
CHEMBL158242,CCOc1cc2c(cc1OCC)C(=O)C(C)C2,active,234.29499999999993,2.858900000000001,0,3,8.199970640755867
CHEMBL157327,Cc1ccc2c(c1)C(=O)C(C)C2,active,160.21599999999998,2.3699200000000005,0,1,6.42021640338319
CHEMBL157327,Cc1ccc2c(c1)C(=O)C(C)C2,active,160.21599999999998,2.3699200000000005,0,1,7.160019442321658
CHEMBL114059,Cc1cccc([N+](=O)[O-])c1,active,137.138,1.90322,0,2,8.400007822415901
CHEMBL139684,C[N+](C)(C)CCCBr,inactive,181.09699999999998,1.4776,0,0,4.056000008315555
CHEMBL609718,C[N+](C)(C)c1cccc([N+](=O)[O-])c1.[Cl-],inactive,216.66799999999995,-1.2044999999999992,0,2,3.2019999991794243
CHEMBL1626784,C[N+](C)(C)c1cccc(N)c1,inactive,151.23299999999995,1.4655,1,1,3.717000009205801
CHEMBL149230,CCC(OC[n+]1ccn(C)c1/C=N/O)C(C)(C)C.[Cl-],inactive,289.807,-1.0764999999999967,1,4,4.619788758288394
CHEMBL155371,COc1ccc2c(c1OC)CC(C)C2=O,active,206.24099999999996,2.0787,0,3,6.42021640338319
CHEMBL155371,COc1ccc2c(c1OC)CC(C)C2=O,active,206.24099999999996,2.0787,0,3,7.700057099977233
CHEMBL1128,CC[N+](C)(C)c1cccc(O)c1.[Cl-],active,201.69699999999997,-1.0169999999999997,1,1,6.698970004336019
CHEMBL1128,CC[N+](C)(C)c1cccc(O)c1.[Cl-],active,201.69699999999997,-1.0169999999999997,1,1,6.301029995663981
CHEMBL309131,O/N=C/c1nc(-c2cccc3ccccc23)no1,inactive,239.234,2.6979000000000006,1,5,3.0
CHEMBL102637,CCSC(=O)OCC[N+](C)(C)C.[Cl-],inactive,227.75699999999998,-1.413699999999997,0,3,2.0
CHEMBL102637,CCSC(=O)OCC[N+](C)(C)C.[Cl-],inactive,227.75699999999998,-1.413699999999997,0,3,2.0
CHEMBL103959,CCc1ccc(SC(=O)OCC[N+](C)(C)C)cc1.[Cl-],inactive,303.8549999999999,0.1879000000000004,0,3,3.3010299956639813
CHEMBL103959,CCc1ccc(SC(=O)OCC[N+](C)(C)C)cc1.[Cl-],inactive,303.8549999999999,0.1879000000000004,0,3,4.301029995663981
CHEMBL435763,O/N=C/c1nc(-c2ccccc2)no1,inactive,189.174,1.5446999999999997,1,5,3.0
CHEMBL748,C[n+]1ccccc1/C=N/O.[Cl-],inactive,172.615,-2.6767999999999983,1,2,3.0
CHEMBL54577,CC(C)c1ccc(NC(=O)Oc2ccc3c(c2)[C@]2(C)CCN(CCc4ccccc4)C2N3C)cc1,inactive,469.62900000000025,6.402900000000008,1,4,4.522878745280337
CHEMBL322628,CC(C)CCSC(=O)OCC[N+](C)(C)C.[Cl-],inactive,269.83799999999997,-0.38749999999999796,0,3,4.301029995663981
CHEMBL322628,CC(C)CCSC(=O)OCC[N+](C)(C)C.[Cl-],inactive,269.83799999999997,-0.38749999999999796,0,3,4.301029995663981
CHEMBL54420,CC(C)c1ccc(NC(=O)Oc2ccc3c(c2)[C@]2(C)CCNC2N3C)cc1,active,365.4770000000001,4.4478000000000035,2,4,6.489454989793388
CHEMBL300143,Cc1ccccc1NC(=O)Oc1ccc2c(c1)[C@]1(C)CCN(C)C1N2C,active,351.4500000000001,3.9750200000000033,1,4,7.987162775294828
CHEMBL102077,CCCCCCSC(=O)OCC[N+](C)(C)C.[Cl-],inactive,283.86499999999995,0.14670000000000138,0,3,4.096910013008056
CHEMBL102077,CCCCCCSC(=O)OCC[N+](C)(C)C.[Cl-],inactive,283.86499999999995,0.14670000000000138,0,3,4.0
CHEMBL293720,CC(C)c1ccc(NC(=O)Oc2ccc3c(c2)[C@]2(C)CCN(C)C2N3Cc2ccccc2)cc1,inactive,455.6020000000002,6.3604000000000065,1,4,4.886056647693163
CHEMBL304820,O/N=C/c1nc(-c2cccs2)no1,inactive,195.203,1.6061999999999996,1,6,3.4436974992327127
CHEMBL102078,CCCCSC(=O)OCC[N+](C)(C)C.[Cl-],inactive,255.81099999999995,-0.633499999999998,0,3,3.3010299956639813
CHEMBL102078,CCCCSC(=O)OCC[N+](C)(C)C.[Cl-],inactive,255.81099999999995,-0.633499999999998,0,3,3.0
CHEMBL318749,C[N+](C)(C)CCOC(=O)Sc1ccccc1.[Cl-],inactive,275.80100000000004,-0.37449999999999894,0,3,3.0
CHEMBL103153,CCc1ccccc1SC(=O)OCC[N+](C)(C)C.[Cl-],inactive,303.8549999999999,0.1879000000000004,0,3,4.301029995663981
CHEMBL435763,O/N=C/c1nc(-c2ccccc2)no1,inactive,189.174,1.5446999999999997,1,5,3.0
CHEMBL311849,C[n+]1c(/C=N/O)cccc1CCO[n+]1ccc(C(N)=O)cc1.[Cl-].[Cl-],inactive,373.24,-6.6151000000000035,2,4,3.0
CHEMBL69059,CCN(CC)CC/N=C(\NO)c1nc(-c2ccccc2)no1,inactive,303.36600000000004,1.8037999999999998,2,6,3.585026652029182
CHEMBL54470,CC(C)c1ccc(NC(=O)Oc2ccc3c(c2)[C@]2(C)CCNC2N3)cc1,active,351.45000000000005,4.423500000000002,3,4,6.958607314841775
CHEMBL19557,CCN(CC)CCS/C(=N\O)c1nc(C)no1,inactive,258.34700000000004,1.58882,1,7,4.045757490560675
CHEMBL101482,CCC(C)CSC(=O)OCC[N+](C)(C)C.[Cl-],inactive,269.83799999999997,-0.38749999999999796,0,3,3.0
CHEMBL71740,CCCCCCCCc1noc(/C(=N/O)SCCN(CC)CC)n1,active,356.5360000000002,4.183400000000003,1,7,6.0
CHEMBL2079593,Cc1noc(/C=N\O)n1,inactive,127.103,0.18612,1,5,3.0
CHEMBL2079593,Cc1noc(/C=N\O)n1,inactive,127.103,0.18612,1,5,3.0
CHEMBL278826,Cc1noc(/C=N/O)n1,inactive,127.103,0.18612,1,5,3.0
CHEMBL417915,CC(C)c1ccc(NC(=O)Oc2ccc3c(c2)[C@]2(C)CCN(C)C2N3C)cc1,active,379.50400000000013,4.7900000000000045,1,4,6.120330794367947
CHEMBL70182,O/N=C/c1nc(Cc2ccccc2)no1,inactive,203.20100000000002,1.4685,1,5,3.0
CHEMBL68953,CC(C)(C)c1noc(/C=N/O)n1,inactive,169.184,1.1752,1,5,3.0
CHEMBL55315,Cc1ccccc1NC(=O)Oc1ccc2c(c1)[C@]1(C)CCN(C)C1N2,active,337.42300000000006,3.950720000000003,2,4,7.3979400086720375
CHEMBL103890,CCC(C)(C)SC(=O)OCC[N+](C)(C)C.[Cl-],inactive,269.83799999999997,-0.2449999999999981,0,3,4.3979400086720375
CHEMBL53623,Cc1ccccc1NC(=O)Oc1ccc2c(c1)[C@]1(C)CCNC1N2C,active,337.42300000000006,3.6328200000000024,2,4,7.769551078621726
CHEMBL54864,Cc1ccccc1NC(=O)Oc1ccc2c(c1)[C@]1(C)CCNC1N2,active,323.396,3.6085200000000013,3,4,6.54515513999149
CHEMBL102226,CCCCCCCSC(=O)OCC[N+](C)(C)C.[Cl-],inactive,297.89199999999994,0.536800000000001,0,3,4.301029995663981
CHEMBL102226,CCCCCCCSC(=O)OCC[N+](C)(C)C.[Cl-],inactive,297.89199999999994,0.536800000000001,0,3,3.3010299956639813
CHEMBL300808,CC(C)c1ccc(NC(=O)Oc2ccc3c(c2)[C@]2(C)CCN(Cc4ccccc4)C2N3Cc2ccccc2)cc1,inactive,531.7000000000003,7.930800000000009,1,4,4.522878745280337
CHEMBL54014,Cc1ccccc1NC(=O)Oc1ccc2c(c1)[C@]1(C)CCN(C)C1N2Cc1ccccc1,active,427.5480000000002,5.545420000000005,1,4,7.0
CHEMBL103873,CCCCCSC(=O)OCC[N+](C)(C)C.[Cl-],active,269.83799999999997,-0.24339999999999828,0,3,6.096910013008056
CHEMBL103873,CCCCCSC(=O)OCC[N+](C)(C)C.[Cl-],inactive,269.83799999999997,-0.24339999999999828,0,3,4.301029995663981
CHEMBL65891,CCN(CC)CCS/C(=N\O)c1nc(C(C)(C)C)no1,inactive,300.42800000000005,2.5779000000000005,1,7,3.408935392973501
CHEMBL71994,CCN(CC)CCS/C(=N\O)c1nc(Cc2ccccc2)no1,inactive,334.44500000000005,2.8712000000000018,1,7,4.522878745280337
CHEMBL54956,Cc1ccccc1NC(=O)Oc1ccc2c(c1)[C@]1(C)CCN(CCc3ccccc3)C1N2C,active,441.5750000000002,5.587920000000006,1,4,6.259637310505756
CHEMBL67397,O/N=C/c1nc(-c2ccncc2)no1,inactive,190.162,0.9396999999999998,1,6,3.0
CHEMBL54727,CN1CC[C@@]2(C)c3cc(OC(=O)Nc4ccccc4)ccc3N(C)C12,active,337.42300000000006,3.6666000000000025,1,4,7.619788758288394
CHEMBL104891,CCCSC(=O)OCC[N+](C)(C)C.[Cl-],inactive,241.78399999999996,-1.0235999999999974,0,3,2.3010299956639813
CHEMBL104891,CCCSC(=O)OCC[N+](C)(C)C.[Cl-],inactive,241.78399999999996,-1.0235999999999974,0,3,3.0
CHEMBL71982,CCCCCCCCc1noc(/C=N/O)n1,inactive,225.292,2.7807000000000004,1,5,3.0
CHEMBL640,CCN(CC)CCNC(=O)c1ccc(N)cc1,active,235.33100000000002,1.3403999999999996,2,3,6.0
CHEMBL640,CCN(CC)CCNC(=O)c1ccc(N)cc1,active,235.33100000000002,1.3403999999999996,2,3,6.0
CHEMBL165726,Clc1ccc2c(c1)CN1CCCCCC1=N2,active,234.7299999999999,3.7596000000000025,0,2,6.301029995663981
CHEMBL341658,CCC1=CC2Cc3nc4cc(F)ccc4c(N)c3C(C1)C2,active,282.3620000000001,4.342200000000003,1,2,8.675717544702307
CHEMBL208599,CCC1=CC2Cc3nc4cc(Cl)ccc4c(N)c3[C@@H](C1)C2,active,298.8170000000001,4.856500000000003,1,2,9.1249387366083
CHEMBL659,COc1ccc2c3c1O[C@H]1C[C@@H](O)C=C[C@@]31CCN(C)C2,active,287.35900000000004,1.8503,1,4,7.0
CHEMBL341658,CCC1=CC2Cc3nc4cc(F)ccc4c(N)c3C(C1)C2,active,282.3620000000001,4.342200000000003,1,2,6.97469413473523
CHEMBL539072,CC1=CC2CC(C1)Cc1nc3ccccc3c(N)c12.Cl,active,286.806,4.2348000000000035,1,2,6.360513510731414
CHEMBL95,Nc1c2c(nc3ccccc13)CCCC2,active,198.26899999999992,2.695800000000001,1,2,7.522878745280337
CHEMBL357207,CCC1=CC2Cc3nc4cc(Cl)cc(Cl)c4c(N)c3C(C1)C2,active,333.26200000000017,5.509900000000004,1,2,8.856985199745905
CHEMBL1677,Cl.Nc1c2c(nc3ccccc13)CCCC2,active,234.72999999999996,3.1176000000000013,1,2,6.688246138944246
CHEMBL541344,CC1=CC2Cc3nc4ccccc4c(N)c3C(C1)C2.Cl,active,286.806,4.2348000000000035,1,2,7.287350298372789
CHEMBL165292,O=c1c2ccc(Cl)cc2nc2n1CCCCC2,inactive,248.71299999999994,2.776300000000001,0,3,4.0
CHEMBL140476,CC1=CC2Cc3nc4cc(Cl)ccc4c(N)c3C(C1)C2,active,284.7900000000001,4.466400000000003,1,2,9.10790539730952
CHEMBL142491,CCC1=CC2Cc3nc4cccc(F)c4c(N)c3C(C1)C2,active,282.3620000000001,4.342200000000003,1,2,7.530177984021837
CHEMBL142816,CCC1=CC2Cc3nc4ccc(Cl)cc4c(N)c3C(C1)C2,active,298.8170000000001,4.856500000000003,1,2,6.371611069949688
CHEMBL143290,CC1=CC2Cc3nc4cc(F)cc(F)c4c(N)c3C(C1)C2,active,286.32500000000005,4.091200000000002,1,2,8.657577319177793
CHEMBL95,Nc1c2c(nc3ccccc13)CCCC2,active,198.26899999999992,2.695800000000001,1,2,6.688246138944246
CHEMBL539051,CCC1=CC2Cc3nc4ccccc4c(N)c3C(C1)C2.Cl,active,300.833,4.624900000000004,1,2,7.422508200162775
CHEMBL208599,CCC1=CC2Cc3nc4cc(Cl)ccc4c(N)c3[C@@H](C1)C2,active,298.8170000000001,4.856500000000003,1,2,7.636388020107856
CHEMBL109869,CC1=CC2Cc3nc4cccc(F)c4c(N)c3C(C1)C2,active,268.33500000000004,3.9521000000000024,1,2,7.450996737974212
CHEMBL433041,CCCCCCCNC(=O)Oc1ccc2c(c1)[C@]1(C)CCN(C)[C@@H]1N2C,active,359.5140000000002,4.114500000000003,1,4,6.903089986991944
CHEMBL143094,CCC1=CC2Cc3nc4cc(C)cc(C)c4c(N)c3C(C1)C2,active,292.42600000000004,4.819940000000003,1,2,8.304518323509802
CHEMBL208599,CCC1=CC2Cc3nc4cc(Cl)ccc4c(N)c3[C@@H](C1)C2,active,298.8170000000001,4.856500000000003,1,2,9.494850021680094
CHEMBL1255901,C/C=C1\[C@H]2C=C(C)C[C@@]1(N)c1ccc(=O)[nH]c1C2,active,242.32199999999997,1.9975,2,2,6.585026652029182
CHEMBL4524111,CC1=C[C@@H]2Cc3nc4cc(F)ccc4c(N)c3[C@H](C1)C2,active,268.33500000000004,3.9521000000000024,1,2,8.339134521996131
CHEMBL542497,CCC1=CC2CC(C1)Cc1nc3ccccc3c(N)c12.Cl,active,300.833,4.624900000000004,1,2,7.114073660198569
CHEMBL1255901,C/C=C1\[C@H]2C=C(C)C[C@@]1(N)c1ccc(=O)[nH]c1C2,active,242.32199999999997,1.9975,2,2,6.585026652029182
CHEMBL445130,Clc1ccc2c(c1)N=C1CCCCCN1C2,active,234.7299999999999,3.7596000000000025,0,2,6.801342913045577
CHEMBL166359,c1ccc2c(c1)CN1CCCCCCCC1=N2,inactive,228.3389999999999,3.8864000000000027,0,2,4.869344650977969
CHEMBL350496,S=c1c2ccc(Cl)cc2nc2n1CCCCC2,inactive,264.78099999999995,4.145590000000002,0,3,4.0
CHEMBL139819,CCC1=CC2Cc3nc4cccc(Cl)c4c(N)c3C(C1)C2,active,298.8170000000001,4.856500000000003,1,2,7.931814138253839
CHEMBL335355,CCC1=CC2Cc3nc4cc(F)cc(F)c4c(N)c3C(C1)C2,active,300.3520000000001,4.481300000000003,1,2,8.75448733218585
CHEMBL341658,CCC1=CC2Cc3nc4cc(F)ccc4c(N)c3C(C1)C2,active,282.3620000000001,4.342200000000003,1,2,8.421360790031928
CHEMBL289890,COC[n+]1ccn(C)c1/C=N/O.[Cl-],inactive,205.645,-3.271399999999997,1,4,3.537602002101044
CHEMBL140476,CC1=CC2Cc3nc4cc(Cl)ccc4c(N)c3C(C1)C2,active,284.7900000000001,4.466400000000003,1,2,9.494850021680094
CHEMBL1255901,C/C=C1\[C@H]2C=C(C)C[C@@]1(N)c1ccc(=O)[nH]c1C2,active,242.32199999999997,1.9975,2,2,6.823908740944319
CHEMBL140476,CC1=CC2Cc3nc4cc(Cl)ccc4c(N)c3C(C1)C2,active,284.7900000000001,4.466400000000003,1,2,6.910094888560602
CHEMBL557181,Cl.O=C(CCC1CCN(Cc2ccccc2)CC1)c1ccc2c(c1)OCCO2,active,401.93400000000025,4.754700000000004,0,4,7.522878745280337
CHEMBL87014,Cc1cc(C(=O)CCC2CC[N+](C)(Cc3ccccc3)CC2)nn1-c1ccccc1,active,402.5620000000001,5.200420000000006,0,3,7.657577319177793
CHEMBL107254,CN(C)Cc1ccc(CSCCNc2cc(Nc3ccc(F)cc3)c([N+](=O)[O-])cc2[N+](=O)[O-])o1,active,489.5290000000002,5.385600000000005,2,9,6.167491087293763
CHEMBL313231,C[N+]1(Cc2ccccc2)CCC(CCC(=O)c2ccc3c(c2)OCO3)CC1,active,366.4810000000001,4.435000000000004,0,3,6.619788758288394
CHEMBL537908,Cl.O=C(CCC1CCN(Cc2ccccc2)CC1)c1ccc2[nH]c(-c3ccccc3)nc2c1,active,460.0210000000002,6.526800000000007,1,3,7.481486060122112
CHEMBL502,COc1cc2c(cc1OC)C(=O)C(CC1CCN(Cc3ccccc3)CC1)C2,active,379.50000000000017,4.361100000000004,0,4,8.096910013008056
CHEMBL106932,CC(C)=NNc1cc(NCCSCc2ccc(CN(C)C)o2)c([N+](=O)[O-])cc1[N+](=O)[O-],active,450.52100000000024,4.3106000000000035,2,10,6.356547323513812
CHEMBL94,CNC(=O)Oc1ccc2c(c1)[C@]1(C)CCN(C)[C@@H]1N2C,active,275.352,1.7739,1,4,7.366531544420414
CHEMBL104355,CN(C)Cc1ccc(CSCCNc2ccc(F)cc2[N+](=O)[O-])o1,active,353.4190000000001,3.7338000000000022,1,6,6.187086643357144
CHEMBL87823,COc1ccc2cc(C(=O)CCC3CC[N+](C)(Cc4ccccc4)CC3)ccc2c1,active,402.5580000000001,5.868100000000006,0,2,7.301029995663981
CHEMBL107673,CN(C)Cc1ccc(CSCCNc2cc(NCc3cccnc3)c([N+](=O)[O-])cc2[N+](=O)[O-])o1,active,486.55400000000026,4.510000000000003,2,10,6.508638306165727
CHEMBL87344,C[N+]1(Cc2ccccc2)CCC(CCC(=O)c2ccc3c(c2)CCO3)CC1,active,364.5090000000001,4.641200000000004,0,2,7.769551078621726
CHEMBL86835,C[N@+]1(Cc2ccccc2)CC[C@H](CCC(=O)c2ccc3c(c2)CCO3)CC1,active,364.5090000000001,4.641200000000004,0,2,7.180456064458132
CHEMBL75121,COc1cc2cc(-c3ccc(CN(C)Cc4ccccc4)cc3)c(=O)oc2cc1OC,active,415.48900000000015,5.109200000000005,0,5,7.351639989019068
CHEMBL104681,CN(C)Cc1ccc(CSCCNc2cc(F)c([N+](=O)[O-])cc2[N+](=O)[O-])o1,active,398.4160000000001,3.642000000000002,1,8,6.920818753952375
CHEMBL107892,CN(C)Cc1ccc(CSCCNc2cc(N)c([N+](=O)[O-])cc2[N+](=O)[O-])o1,active,395.44100000000014,3.0851000000000006,2,9,7.080921907623926
CHEMBL502,COc1cc2c(cc1OC)C(=O)C(CC1CCN(Cc3ccccc3)CC1)C2,active,379.50000000000017,4.361100000000004,0,4,7.636388020107856
CHEMBL432376,COc1cc2cc(C(=O)CCC3CC[N+](C)(Cc4ccccc4)CC3)n(C)c2cc1OC,active,435.58800000000014,5.215200000000006,0,4,6.920818753952375
CHEMBL321605,CN(C)Cc1ccc(CSCCNc2cc(NN)c([N+](=O)[O-])cc2[N+](=O)[O-])o1,active,410.4560000000002,2.7885,3,10,7.119186407719209
CHEMBL502,COc1cc2c(cc1OC)C(=O)C(CC1CCN(Cc3ccccc3)CC1)C2,active,379.50000000000017,4.361100000000004,0,4,7.7447274948966935
CHEMBL106782,CCCNc1cc(NCCSCc2ccc(CN(C)C)o2)c([N+](=O)[O-])cc1[N+](=O)[O-],active,437.52200000000016,4.324800000000003,2,9,6.585026652029182
CHEMBL104334,CN(C)Cc1ccc(CSCCNc2cc(Nc3ncccc3[N+](=O)[O-])c([N+](=O)[O-])cc2[N+](=O)[O-])o1,active,517.5240000000002,4.549700000000003,2,12,6.187086643357144
CHEMBL94,CNC(=O)Oc1ccc2c(c1)[C@]1(C)CCN(C)[C@@H]1N2C,active,275.352,1.7739,1,4,7.723538195826756
CHEMBL320291,CNc1cc(NCCSCc2ccc(CN(C)C)o2)c([N+](=O)[O-])cc1[N+](=O)[O-],active,409.4680000000002,3.5446000000000026,2,9,6.795880017344075
CHEMBL659,COc1ccc2c3c1O[C@H]1C[C@@H](O)C=C[C@@]31CCN(C)C2,active,287.35900000000004,1.8503,1,4,6.301029995663981
CHEMBL315385,C[N+]1(Cc2ccccc2)CCC(CCC(=O)c2ccc3c(c2)NCCCC3)CC1,active,391.5790000000002,5.454500000000005,1,2,6.301029995663981
CHEMBL542543,Cc1nc2ccc(C(=O)CCC3CCN(Cc4ccccc4)CC3)cc2s1.Cl,active,415.002,5.901620000000006,0,4,8.167491087293763
CHEMBL85404,COc1ccc2c3c1OC1C[C@@H](O)C=C[C@@]31CC[N+](C)(C)C2,active,302.39400000000006,1.9949000000000001,1,3,6.301029995663981
CHEMBL106082,CN(C)Cc1ccc(CSCCNc2cc(Nc3ccccc3C#N)c([N+](=O)[O-])cc2[N+](=O)[O-])o1,active,496.54900000000026,5.118180000000005,2,10,6.200659450546418
CHEMBL245079,CC1=C[C@H]2Cc3[nH]c(=O)ccc3[C@]3(C1)NCCC[C@H]23,active,256.349,2.0921000000000003,2,2,7.522878745280337
CHEMBL555075,CCn1c(C)nc2cc(C(=O)CCC3CCN(Cc4ccccc4)CC3)ccc21.Cl,active,426.0040000000001,5.661520000000007,0,4,8.366531544420413
CHEMBL106348,CN(C)CCNc1cc(NCCSCc2ccc(CN(C)C)o2)c([N+](=O)[O-])cc1[N+](=O)[O-],active,466.56400000000025,3.4764000000000026,2,10,6.2839966563652006
CHEMBL552832,Cl.O=C(CCC1CCN(Cc2ccccc2)CC1)c1ccccc1,active,343.8980000000001,4.983500000000005,0,2,6.515700160653214
CHEMBL318517,CN(C)Cc1ccc(CSCCNc2cc(NCCCN3CCOCC3)c([N+](=O)[O-])cc2[N+](=O)[O-])o1,active,522.6280000000005,3.637100000000003,2,11,6.431798275933005
CHEMBL321808,CN(C)Cc1ccc(CSCCNc2nnccc2[N+](=O)[O-])o1,active,337.4050000000001,2.3847000000000005,1,8,6.327902142064283
CHEMBL106936,CN(C)Cc1ccc(CSCCNc2cc(NCc3ccccc3)c([N+](=O)[O-])cc2[N+](=O)[O-])o1,active,485.56600000000026,5.115000000000005,2,9,6.161150909262744
CHEMBL327135,CN(C)Cc1ccc(CSCCNc2cc(Oc3ccc([N+](=O)[O-])cc3)c([N+](=O)[O-])cc2[N+](=O)[O-])o1,active,517.5200000000002,5.203400000000005,1,11,6.568636235841013
CHEMBL75013,O=C(CCC1CCN(Cc2ccccc2)CC1)c1ccc2c(c1)NCCCC2,active,376.5440000000002,5.309900000000005,1,3,6.301029995663981
CHEMBL314989,COc1cc2c(cc1OC)C(=O)C(CC1CC[N+](C)(Cc3ccccc3)CC1)C2,active,394.5350000000002,4.5057000000000045,0,3,7.6020599913279625
CHEMBL95,Nc1c2c(nc3ccccc13)CCCC2,active,198.26899999999992,2.695800000000001,1,2,6.7447274948966935
CHEMBL542297,Cc1nc2cc(C(=O)CCC3CCN(Cc4ccccc4)CC3)ccc2[nH]1.Cl,active,397.95,5.168220000000006,1,3,7.920818753952375
CHEMBL87273,COc1cc2cc(C(=O)CCC3CC[N+](C)(Cc4ccccc4)CC3)sc2cc1OC,active,438.6130000000001,5.938200000000007,0,4,8.096910013008056
CHEMBL86031,C[N+]1(Cc2ccccc2)CCC(CCC(=O)c2ccc3c(c2)OCCO3)CC1,active,380.50800000000015,4.4775000000000045,0,3,7.0
CHEMBL95,Nc1c2c(nc3ccccc13)CCCC2,active,198.26899999999992,2.695800000000001,1,2,6.573488738635425
CHEMBL316973,CN(C)Cc1ccc(CSCCNc2ccc([N+](=O)[O-])cc2[N+](=O)[O-])o1,active,380.4260000000001,3.502900000000002,1,8,6.698970004336019
CHEMBL313582,C[N+]1(Cc2ccccc2)CCC(CCC(=O)c2ccc3c(c2)CCCCO3)CC1,active,392.5630000000002,5.4214000000000055,0,2,6.856985199745905
CHEMBL108163,CN(C)Cc1ccc(CSCCNc2cc(Nc3ccccc3)c([N+](=O)[O-])cc2[N+](=O)[O-])o1,active,471.5390000000002,5.246500000000005,2,9,6.1938200260161125
CHEMBL611808,CC1=CC2Cc3nc(O)ccc3C3(C1)C2CCCN3C,inactive,270.376,2.8466000000000014,1,3,4.0
CHEMBL148882,CC(c1cccc(OC(=O)N(C)C)c1)N(C)C,active,236.31499999999997,2.369600000000001,0,3,7.522878745280337
CHEMBL544636,C#CCNC1CCc2ccc(OC(=O)N(C)CC)cc21.Cl,inactive,308.8089999999999,2.7690000000000015,1,3,4.327902142064283
CHEMBL151369,CCN(C)C(=O)Oc1cccc(CCNC)c1,inactive,236.31499999999997,1.8989999999999998,1,3,4.684029654543083
CHEMBL553498,C#CCNC1CCc2ccc(OC(=O)NCC)cc21.Cl,inactive,294.782,2.4268000000000014,2,3,4.863279432843593
CHEMBL545104,CCNC1CCc2ccc(OC(=O)N(C)C)cc21.Cl,inactive,284.787,2.7656000000000014,1,3,4.610833915635467
CHEMBL544635,C#CCNC1CCc2cccc(OC(=O)N(C)CC)c21.Cl,inactive,308.809,2.7690000000000015,1,3,3.279840696594043
CHEMBL554452,CN(C)C(=O)Oc1cccc2c1CCC2N.Cl,active,256.73299999999995,2.1148000000000002,1,3,8.045757490560675
CHEMBL555506,C#CCN(C)C1CCc2ccc(OC(=O)N(C)C)cc21.Cl,inactive,308.809,2.721100000000001,0,3,4.889410289700751
CHEMBL545333,CCN(C)C(=O)Oc1ccc2c(c1)C(NC)CC2.Cl,inactive,284.787,2.7656000000000014,1,3,4.413412695328245
CHEMBL1788299,C#CCN[C@@H]1CCc2ccc(OC(=O)N(C)CC)cc21.Cl,inactive,308.8089999999999,2.7690000000000015,1,3,4.497572880015567
CHEMBL151236,CCN(C)C(=O)Oc1cccc(CCN)c1,inactive,222.28799999999995,1.6382999999999999,1,3,4.449771646944906
CHEMBL343673,C#CCN(C)C(C)Cc1cccc(OC(=O)N(C)CCC)c1,inactive,302.41800000000006,3.023200000000002,0,3,4.480172006224281
CHEMBL545801,C#CCNC1CCc2ccc(OC(=O)N(C)c3ccc(OC)cc3)cc21.Cl,active,386.8790000000001,3.962300000000004,1,4,6.0655015487564325
CHEMBL147527,C#CCN(C)C(C)Cc1cccc(OC(=O)N(C)CC)c1,inactive,288.391,2.6331000000000007,0,3,3.630784142589857
CHEMBL555773,CCCCCCN(C)C(=O)Oc1ccc2c(c1)C(N)CC2.Cl,active,326.8680000000001,4.065300000000003,1,3,6.275724130399211
CHEMBL542018,CCNC(=O)Oc1ccc2c(c1)C(N)CC2.Cl,inactive,256.73299999999995,2.1627000000000005,2,3,4.752026733638194
CHEMBL357492,CCN(C)C(=O)Oc1ccc2c(c1)CC(N)CC2,inactive,248.32599999999994,1.9530999999999998,1,3,4.099086932262331
CHEMBL150638,C#CCN(C)CCc1cccc(OC(=O)N(C)C)c1,active,260.337,1.8545000000000003,0,3,6.070581074285707
CHEMBL151923,C#CCNC(C)Cc1cccc(OC(=O)N(C)CC)c1,inactive,274.364,2.2909000000000006,1,3,4.4698003017969175
CHEMBL151922,C#CCNC(C)Cc1cccc(OC(=O)N(C)CCC)c1,inactive,288.391,2.681000000000001,1,3,4.718966632752273
CHEMBL1788297,C#CCN(C)[C@@H]1CCc2ccc(OC(=O)N(C)CC)cc21.Cl,inactive,322.83599999999996,3.1112000000000024,0,3,2.9208187539523753
CHEMBL542749,CCN(C)C(=O)Oc1cccc2c1C(N)CC2.Cl,inactive,270.75999999999993,2.5049000000000006,1,3,4.978810700930062
CHEMBL544396,CCN(C)C(=O)Oc1cccc2c1CCC2N.Cl,active,270.75999999999993,2.5048999999999997,1,3,7.585026652029182
CHEMBL1788306,C#CCN[C@@H]1CCc2ccc(OC(=O)N(C)CCCC)cc21.Cl,inactive,336.863,3.549200000000003,1,3,4.935542010773082
CHEMBL151225,C#CCNC1CCc2ccc(OC(=O)N(C)CC)cc2C1,inactive,286.375,2.2172,1,3,3.6903698325741012
CHEMBL148771,C#CCC1CCCc2ccc(OC(=O)N(C)CC)cc21,inactive,271.36,3.580300000000002,0,2,4.280668713016273
CHEMBL347503,C#CCNCCc1cccc(OC(=O)N(C)C)c1,active,246.30999999999997,1.5123000000000002,1,3,6.657577319177793
CHEMBL542016,C#CCN(C)C1CCc2c(OC(=O)N(C)CC)cccc21.Cl,inactive,322.83599999999996,3.1112000000000024,0,3,4.826813731587726
CHEMBL545566,CCN(C)C(=O)Oc1ccc2c(c1)C(N)CC2.Cl,inactive,270.75999999999993,2.5049000000000006,1,3,4.721246399047171
CHEMBL543217,COc1ccc(N(C)C(=O)Oc2ccc3c(c2)C(N)CC3)cc1.Cl,active,348.8300000000001,3.698200000000002,1,4,6.522878745280337
CHEMBL554179,C#CCNC1CCc2c(OC(=O)N(C)C)cccc21.Cl,active,294.782,2.378900000000001,1,3,7.275724130399211
CHEMBL556147,CNC1CCc2cccc(OC(=O)N(C)C)c21.Cl,active,270.75999999999993,2.375500000000001,1,3,6.292429823902063
CHEMBL544398,CN(C)C(=O)Oc1cccc2c1CCC2N(C)C.Cl,active,284.7869999999999,2.717700000000002,0,3,7.886056647693163
CHEMBL555641,CN(C)C(=O)Oc1ccc2c(c1)C(N)CC2.Cl,active,256.73299999999995,2.1148000000000002,1,3,6.119186407719209
CHEMBL538071,CN(C)C(=O)Oc1cccc2c1C(N)CC2.Cl,active,256.73299999999995,2.1148000000000002,1,3,6.337242168318426
CHEMBL541363,C#CCN(C)C1CCc2cccc(OC(=O)N(C)CC)c21.Cl,inactive,322.83600000000007,3.1112000000000024,0,3,3.3575354797578787
CHEMBL347527,CNCCc1cccc(OC(=O)N(C)C)c1,active,222.28799999999995,1.5089000000000001,1,3,6.552841968657781
CHEMBL636,CCN(C)C(=O)Oc1cccc([C@H](C)N(C)C)c1,active,250.34199999999998,2.7597000000000014,0,3,6.036212172654444
CHEMBL2093014,C#CCN[C@H]1CCc2ccc(OC(=O)N(C)CC)cc21.Cl,inactive,308.8089999999999,2.7690000000000015,1,3,4.45717457304082
CHEMBL556161,C#CCNC1CCc2c(Cl)cc(OC(=O)N(C)CCC)cc21.Cl,inactive,357.2810000000001,3.812500000000003,1,3,4.357535479757878
CHEMBL151368,CN(C)CCc1cccc(OC(=O)N(C)C)c1,active,236.31499999999997,1.8511000000000002,0,3,6.795880017344075
CHEMBL2093013,C#CCN[C@@H]1CCc2ccc(OC(=O)N(C)CCC)cc21.Cl,inactive,322.83599999999996,3.1591000000000027,1,3,4.966576244513051
CHEMBL541885,C#CCNC1CCc2ccc(OC(=O)N(C)CCCC)cc21.Cl,inactive,336.863,3.549200000000003,1,3,4.94692155651658
CHEMBL147524,CN(C)C(=O)Oc1cccc(CCN)c1,active,208.26099999999994,1.2482000000000002,1,3,6.638272163982407
CHEMBL147031,C#CCNC(C)Cc1cccc(OC(=O)N(C)CCCC)c1,inactive,302.41800000000006,3.0711000000000013,1,3,4.913640169325252
CHEMBL544166,C#CCN(C)C1CCc2cccc(OC(=O)N(C)CCC)c21.Cl,inactive,336.8630000000001,3.5013000000000027,0,3,3.0
CHEMBL357953,C#CC(C)NCCc1cccc(OC(=O)N(C)CC)c1,inactive,274.364,2.2909000000000006,1,3,4.856985199745905
CHEMBL539571,C#CCNC1CCc2ccc(OC(=O)N(CC)CCCC)cc21.Cl,inactive,350.89000000000004,3.9393000000000034,1,3,4.140261433802853
CHEMBL450931,C#CCNCCc1cccc(OC(=O)N(C)CCC)c1,inactive,274.364,2.2925000000000004,1,3,4.8124792791635365
CHEMBL358026,C#CCNC(C)Cc1cccc(OC(=O)N(C)C)c1,active,260.337,1.9008,1,3,6.267606240177032
CHEMBL543216,C#CCNC1CCc2ccc(OC(=O)N(C)c3ccccc3)cc21.Cl,active,356.853,3.9537000000000035,1,3,6.259637310505756
CHEMBL554056,C#CCNC1CCc2ccc(OC(=O)N(CC)C3CCCCC3)cc21.Cl,inactive,376.92800000000017,4.471900000000005,1,3,4.747146969020107
CHEMBL544165,C#CCNC1CCc2c(Cl)cc(OC(=O)N(C)CC)cc21.Cl,inactive,343.2540000000001,3.4224000000000028,1,3,4.5934598195660445
CHEMBL542981,C#CCNC1CCc2cccc(OC(=O)N(C)CCC)c21.Cl,inactive,322.83600000000007,3.1591000000000027,1,3,4.33913452199613
CHEMBL545798,C#CCN(C)C1CCc2ccc(OC(=O)N(C)CCC)cc21.Cl,inactive,336.863,3.5013000000000027,0,3,3.0
CHEMBL541620,C#CCNC1CCc2ccc(OC(=S)N(C)CC)cc21.Cl,inactive,324.877,2.9339000000000017,1,3,3.3010299956639813
CHEMBL554055,C#CCN(C)C1CCc2ccc(OC(=O)N(C)CC)cc21.Cl,inactive,322.83599999999996,3.1112000000000024,0,3,2.886056647693163
CHEMBL555592,C#CCNC1CCc2ccc(OC(=O)N(C)CCC)cc21.Cl,inactive,322.83599999999996,3.1591000000000027,1,3,4.835647144215563
CHEMBL556028,C#CCNC1CCc2ccc(OC(=O)N(C)CCCCCC)cc21.Cl,inactive,364.9170000000001,4.329400000000005,1,3,4.804100347590766
CHEMBL151861,C#CC(C)NCCc1cccc(OC(=O)N(C)C)c1,active,260.337,1.9008,1,3,6.769551078621726
CHEMBL545797,C#CCN(CC)C1CCc2ccc(OC(=O)N(C)C)cc21.Cl,inactive,322.83599999999996,3.1112000000000024,0,3,4.747146969020107
CHEMBL543215,C#CCNC1CCc2ccc(OC(=O)N(C)C3CCCCC3)cc21.Cl,inactive,362.9010000000001,4.081800000000005,1,3,4.3851027839668655
CHEMBL545334,C#CCNC1CCc2ccc(OC(=S)N(C)C)cc21.Cl,inactive,310.84999999999997,2.5438000000000014,1,3,3.3010299956639813
CHEMBL151883,C#CCNCCc1cccc(OC(=O)N(C)CC)c1,inactive,260.33699999999993,1.9024,1,3,4.519993057042849
CHEMBL151559,C#CCN(C)CCc1cccc(OC(=O)N(C)CC)c1,inactive,274.364,2.2446,0,3,4.779891911959945
CHEMBL2368067,C/C=C(\C)C(=O)N[C@H]1CC[C@@]2(C)C(=CC[C@H]3[C@@H]4CC[C@H]([C@H](C)N(C)C)[C@@]4(C)CC[C@@H]32)[C@H]1O,inactive,442.6880000000002,4.937300000000006,2,3,4.519999959791458
CHEMBL13426,CN(C)Cc1ccc(CSCCCCCCCSCc2ccc(CN(C)C)o2)o1,active,438.70300000000015,6.112900000000007,0,6,6.214670164989233
CHEMBL418714,CN(C)Cc1ccc(CSCCCCCCCCSCc2ccc(CN(C)C)o2)o1,active,452.7300000000002,6.503000000000008,0,6,6.327902142064283
CHEMBL60380,CCCCNC(=O)Oc1ccc2c(c1)C1CCN(CC)C2C1,active,302.41800000000006,3.829100000000003,1,3,6.686132779630847
CHEMBL136933,C[C@@H]([C@H]1CC[C@H]2[C@@H]3CC[C@H]4C[C@@H](NC(=O)c5ccccc5)CC[C@]4(C)[C@H]3CC[C@]12C)N(C)C,inactive,450.71100000000035,6.394000000000007,1,2,4.539999925177879
CHEMBL136611,CN[C@@H](C)C1=CC[C@H]2[C@@H]3CC=C4C[C@@H](OC)CC[C@]4(C)[C@H]3CC[C@]12C,inactive,343.5550000000001,5.108400000000005,1,2,4.079999984911641
CHEMBL64633,CCCCCCNC(=O)Oc1ccc2c(c1)C1(C)CCN(CC)C2C1,active,344.4990000000002,4.783400000000004,1,3,6.876148359032914
CHEMBL94,CNC(=O)Oc1ccc2c(c1)[C@]1(C)CCN(C)[C@@H]1N2C,active,275.352,1.7739,1,4,6.892790030352131
CHEMBL433041,CCCCCCCNC(=O)Oc1ccc2c(c1)[C@]1(C)CCN(C)[C@@H]1N2C,active,359.5140000000002,4.114500000000003,1,4,6.958607314841775
CHEMBL413765,CCCCCCNC(=O)Oc1ccc2c(c1)[C@]1(C)CCN(CC)[C@@H]1C2,active,344.4990000000002,4.263300000000004,1,3,7.698970004336019
CHEMBL12781,CN(C)Cc1ccc(CSCc2ccc(-c3ccc(CSCc4ccc(CN(C)C)o4)cc3)cc2)o1,active,520.7640000000002,7.529600000000008,0,6,6.7447274948966935
CHEMBL60379,CCN1CCC2CC1c1ccc(OC(=O)NC)cc12,active,260.337,2.6588000000000003,1,3,6.767003889607846
CHEMBL268499,CN(C)Cc1ccc(CSCCCCCCSCc2ccc(CN(C)C)o2)o1,active,424.67600000000016,5.7228000000000065,0,6,6.130768280269024
CHEMBL13206,CN(C)Cc1ccc(CSCCN/C=C(/NCCSCc2ccc(CN(C)C)o2)[N+](=O)[O-])o1,active,497.6870000000003,3.417200000000003,2,10,7.130768280269024
CHEMBL418712,CN(C)Cc1ccc(CSCCCCCCCCCSCc2ccc(CN(C)C)o2)o1,active,466.75700000000023,6.893100000000008,0,6,6.337242168318426
CHEMBL413039,CC(=O)O[C@H]1[C@@H](NC(=O)c2ccccc2)[C@@H](O)C[C@]2(C)[C@H]3CC[C@]4(C)[C@@H]([C@H](C)N(C)C)CC[C@H]4[C@@H]3CC[C@@H]12,inactive,524.7460000000005,4.906400000000005,2,5,3.6399999910458836
CHEMBL64529,CCCCCCCNC(=O)Oc1ccc2c(c1)C1CCN(C)C2C1,active,330.47200000000015,4.609300000000004,1,3,6.844663962534939
CHEMBL136135,C/C=C(\C)C(=O)NC1=CC[C@@]2(C)[C@@H](CC[C@H]3C4CC[C@H]([C@H](C)N(C)C)[C@@]4(C)CC[C@@H]32)C1=O,inactive,440.67200000000025,5.350600000000006,1,3,4.860000083248981
CHEMBL13522,CN(C)Cc1ccc(CSCc2ccc(CN(C)C)o2)o1,inactive,308.44700000000006,3.4292000000000025,0,5,4.356547323513812
CHEMBL94,CNC(=O)Oc1ccc2c(c1)[C@]1(C)CCN(C)[C@@H]1N2C,active,275.352,1.7739,1,4,7.366531544420414
CHEMBL13214,CN(C)Cc1ccc(CSCCNC(=O)NCCSCc2ccc(CN(C)C)o2)o1,inactive,454.66200000000026,3.4616000000000025,2,7,4.318758762624412
CHEMBL12937,CN(C)Cc1ccc(CSCCCCSCc2ccc(CN(C)C)o2)o1,active,396.6220000000001,4.942600000000005,0,6,6.6777807052660805
CHEMBL139424,C/C=C(\C)C(=O)N[C@@H]1C=C2CC[C@H]3[C@@H]4CC[C@H]([C@H](C)N(C)C)[C@@]4(C)CC[C@@H]3[C@@]2(C)C[C@@H]1O,inactive,442.6880000000003,4.937300000000006,2,3,4.800000052738446
CHEMBL343054,C/C=C(\C)C(=O)N[C@@H]1[C@H](OC(C)=O)[C@@H]2CC[C@H]3C4=CC[C@H]([C@H](C)N(C)C)[C@@]4(C)CC[C@@H]3[C@@]2(C)C[C@@H]1O,inactive,500.72400000000033,4.478900000000005,2,5,4.210000001311122
CHEMBL292421,CCCCCCCNC(=O)Oc1ccc2c(c1)C1CCN(CC)C2C1,active,344.4990000000002,4.999400000000005,1,3,6.772113295386326
CHEMBL343365,C[C@@H]([C@H]1CC[C@H]2[C@@H]3CC[C@H]4C[C@@H](NC(=O)c5ccccc5)[C@@H](O)C[C@]4(C)[C@H]3CC[C@]12C)N(C)C,inactive,466.7100000000003,5.364800000000005,2,3,4.110000009303415
CHEMBL12858,CN(C)Cc1ccc(CSCCNC(=NC#N)NCCSCc2ccc(CN(C)C)o2)o1,active,478.6880000000003,3.1786800000000017,2,8,6.5376020021010435
CHEMBL13166,CN(C)Cc1ccc(CSCCCCCSCc2ccc(CN(C)C)o2)o1,active,410.64900000000017,5.332700000000005,0,6,6.045757490560675
CHEMBL13122,CN(C)Cc1ccc(CSCCNc2cc(NCCSCc3ccc(CN(C)C)o3)c([N+](=O)[O-])cc2[N+](=O)[O-])o1,active,592.7440000000004,5.502800000000005,2,12,7.552841968657781
CHEMBL137721,CN[C@H]1CC[C@@]2(C)[C@@H](CC[C@@H]3[C@@H]2CC[C@]2(C)C([C@H](C)N(C)C)=CC[C@@H]32)C1,inactive,358.61400000000015,5.103500000000006,1,2,4.6899999882307535
CHEMBL342245,C/C=C(\C)C(=O)N[C@H]1C(OC(C)=O)C[C@@]2(C)C(CC[C@H]3C4CC=C([C@H](C)N(C)C)[C@@]4(C)CC[C@@H]32)[C@H]1OC(C)=O,inactive,542.7610000000003,5.049700000000005,1,6,4.300000029139088
CHEMBL275537,CN(C)Cc1ccc(CSCCCSCc2ccc(CN(C)C)o2)o1,active,382.5950000000001,4.552500000000005,0,6,6.481486060122113
CHEMBL409854,C[C@@H]([C@H]1CC[C@H]2[C@@H]3CC[C@H]4C[C@@H](N(C)C(=O)/C=C/c5ccccc5)CC[C@]4(C)[C@H]3CC[C@]12C)N(C)C,inactive,490.77600000000035,7.135800000000009,0,2,4.70999991085297
CHEMBL95,Nc1c2c(nc3ccccc13)CCCC2,active,198.26899999999992,2.695800000000001,1,2,6.7447274948966935
CHEMBL337494,C/C=C(\C)C(=O)N[C@@H]1[C@H](O)C2CC[C@H]3C4=CC[C@H]([C@H](C)N(C)C)[C@@]4(C)CC[C@@H]3[C@@]2(C)C[C@@H]1O,inactive,458.6870000000003,3.9081000000000032,3,4,4.480000028175458
CHEMBL13308,CN(C)Cc1ccc(CSCCSCc2ccc(CN(C)C)o2)o1,active,368.5680000000001,4.162400000000003,0,6,6.301029995663981
CHEMBL344384,C[C@@H]([C@H]1CC[C@H]2[C@@H]3CC=C4C[C@@H](N(C)C)CC[C@]4(C)[C@H]3CC[C@]12C)N(C)C,inactive,372.64100000000013,5.445700000000007,0,2,4.399999967876858
CHEMBL136765,CC(=O)N(C)[C@@H](C)[C@H]1CC[C@H]2[C@@H]3CC=C4C[C@@H](N(C)C)CC[C@]4(C)[C@H]3CC[C@]12C,inactive,400.6510000000003,5.362400000000005,0,2,4.70000006855703
CHEMBL140241,CO[C@H]1CC[C@@]2(C)C(=CC[C@@H]3[C@@H]2CC[C@]2(C)C([C@H](C)N(C)C=O)=CC[C@@H]32)C1,inactive,371.5650000000001,4.977200000000005,0,2,4.3100000171743025
CHEMBL422098,CC(=O)N[C@H]1CC[C@@]2(C)[C@@H](CC[C@@H]3[C@@H]2CC[C@]2(C)[C@@H]([C@H](C)N(C)C)CC[C@@H]32)C1,inactive,388.64000000000016,5.100100000000006,1,2,4.159999981744464
CHEMBL434042,CC(=O)N(C)[C@H]1CC[C@@]2(C)[C@@H](CC[C@@H]3[C@@H]2CC[C@]2(C)[C@@H]([C@H](C)N(C)C)CC[C@@H]32)C1,inactive,402.6670000000002,5.442300000000006,0,2,4.149999990420336
CHEMBL136052,CC(=O)N(C)[C@@H](C)[C@H]1CC[C@H]2[C@@H]3CC[C@H]4C[C@@H](N(C)C)CC[C@]4(C)[C@H]3CC[C@]12C,inactive,402.66700000000026,5.442300000000006,0,2,4.300000029139088
CHEMBL413549,CCCCCCNC(=O)Oc1ccc2c(c1)C1CCN(CC)C2C1,active,330.47200000000015,4.609300000000004,1,3,6.903089986991944
CHEMBL12472,CN(C)Cc1ccc(CSCc2ccc(CSCc3ccc(CN(C)C)o3)cc2)o1,active,444.6660000000002,5.862600000000007,0,6,6.585026652029182
CHEMBL421920,C/C=C(\C)C(=O)N[C@@H]1[C@H](OC(C)=O)[C@@H]2CC[C@@H]3[C@H](CC[C@]4(C)[C@@H]([C@H](C)N(C)C)CC[C@@H]34)[C@@]2(C)C[C@@H]1O,inactive,502.74000000000035,4.558800000000005,2,5,3.739999990121752
CHEMBL302168,CCCCCCCNC(=O)Oc1ccc2c(c1)C1(C)CCN(CC)C2C1,active,358.52600000000024,5.173500000000005,1,3,6.798602875679548
CHEMBL61274,CCCCCCNC(=O)Oc1ccc2c(c1)C1CCN(C)C2C1,active,316.4450000000001,4.219200000000003,1,3,7.142667503568731
CHEMBL136686,CO[C@@H]1CC2=CC[C@@H]3[C@H](CC[C@]4(C)C([C@H](C)N(C)C)=CC[C@@H]34)[C@@]2(C)C[C@@H]1O,inactive,373.58100000000013,4.421400000000005,1,3,3.6000000054478725
CHEMBL342394,CO[C@H]1CC[C@@]2(C)C(=CC[C@H]3[C@@H]4CC[C@H]([C@H](C)N(C)C)[C@@]4(C)CC[C@@H]32)C1,inactive,359.5980000000002,5.530500000000006,0,2,4.3700000191416315
CHEMBL338755,CN(CCCNc1c2c(nc3ccccc13)CCCC2)CCCNc1c2c(nc3ccccc13)CCCC2,active,507.72600000000045,6.776600000000006,2,5,9.522878745280337
CHEMBL362444,CNC(=O)Oc1ccc2c(c1)[C@]1(C)CCOC1N2C,active,262.30899999999997,1.8587,1,4,7.568636235841013
CHEMBL367795,CCNC(=O)Oc1ccc2c(c1)[C@]1(C)CCOC1N2C,active,276.33599999999996,2.2488,1,4,7.086186147616283
CHEMBL362049,Cc1ccccc1NC(=O)Oc1ccc2c(c1)[C@]1(C)CCOC1N2C,active,338.4070000000001,4.059820000000003,1,4,7.886056647693163
CHEMBL94,CNC(=O)Oc1ccc2c(c1)[C@]1(C)CCN(C)[C@@H]1N2C,active,275.352,1.7739,1,4,7.552841968657781
CHEMBL361409,CCNC(=O)Oc1ccc2c(c1)[C@]1(C)CCN(C)C1N2C,active,289.37899999999996,2.1640000000000006,1,4,7.026872146400302
CHEMBL300143,Cc1ccccc1NC(=O)Oc1ccc2c(c1)[C@]1(C)CCN(C)C1N2C,active,351.4500000000001,3.9750200000000033,1,4,8.0
CHEMBL417915,CC(C)c1ccc(NC(=O)Oc2ccc3c(c2)[C@]2(C)CCN(C)C2N3C)cc1,active,379.50400000000013,4.7900000000000045,1,4,6.119186407719209
CHEMBL369554,CCNC(=O)Oc1ccc2c(c1)C1(C)CCOC1O2,active,263.29299999999995,2.1914,1,4,6.443697499232712
CHEMBL178770,Cc1ccccc1NC(=O)Oc1ccc2c(c1)C1(C)CCOC1O2,active,325.3640000000001,4.0024200000000025,1,4,7.638272163982407
CHEMBL362704,CCNC(=O)Oc1ccc2c(c1)C1(C)COC(C1)O2,active,263.29299999999995,2.1914,1,4,6.080921907623926
CHEMBL178294,Cc1ccccc1NC(=O)Oc1ccc2c(c1)C1(C)COC(C1)O2,active,325.3640000000001,4.002420000000003,1,4,7.251811972993799
CHEMBL95,Nc1c2c(nc3ccccc13)CCCC2,active,198.26899999999992,2.695800000000001,1,2,6.721246399047171
CHEMBL502,COc1cc2c(cc1OC)C(=O)C(CC1CCN(Cc3ccccc3)CC1)C2,active,379.50000000000017,4.361100000000004,0,4,7.657577319177793
CHEMBL659,COc1ccc2c3c1O[C@H]1C[C@@H](O)C=C[C@@]31CCN(C)C2,active,287.35900000000004,1.8503,1,4,6.096910013008056
CHEMBL74926,CN1CC[C@@]2(C)c3cc(OC(=O)Nc4ccccc4)ccc3N(C)[C@@H]12,active,337.42300000000006,3.6666000000000025,1,4,7.657577319177793
CHEMBL539624,CCc1ccccc1NC(=O)Oc1ccc2c(c1)[C@]1(C)CC[N+](C)([O-])[C@@H]1N2C.Cl,active,417.9370000000002,4.6634000000000055,1,4,6.903089986991944
CHEMBL433041,CCCCCCCNC(=O)Oc1ccc2c(c1)[C@]1(C)CCN(C)[C@@H]1N2C,active,359.5140000000002,4.114500000000003,1,4,7.657577319177793
CHEMBL1255901,C/C=C1\[C@H]2C=C(C)C[C@@]1(N)c1ccc(=O)[nH]c1C2,active,242.32199999999997,1.9975,2,2,7.327902142064283
CHEMBL95,Nc1c2c(nc3ccccc13)CCCC2,active,198.26899999999992,2.695800000000001,1,2,6.372634143407267
CHEMBL345124,CC[N+](C)(CC)CCC[n+]1c(-c2ccccc2)c2cc(N)ccc2c2ccc(N)cc21.[I-].[I-],inactive,668.4050000000002,-1.0035999999999945,2,2,4.490797477668897
CHEMBL11805,COc1ccccc1CN(C)CCCCCC(=O)N(C)CCCCCCCCN(C)C(=O)CCCCCN(C)Cc1ccccc1OC,active,666.9920000000003,7.64580000000001,0,6,6.769551078621726
CHEMBL179455,Nc1ccc2c(c1)c(-c1ccccc1)[n+](CCCNCCCNCCCNc1c3c(nc4ccccc14)CCCC3)c1cc(N)ccc21,active,638.884,7.000500000000006,5,6,8.809668301829708
CHEMBL361165,COc1ccccc1CN(C)CCCN(C)CCCNCCC[n+]1c(-c2ccccc2)c2cc(N)ccc2c2ccc(N)cc21,active,605.851,5.944200000000005,3,6,6.021363051615525
CHEMBL535812,CCC1=CC2Cc3nc4ccccc4c(NCCCCCCCCNc4c5c(nc6ccccc46)CCCC5)c3C(C1)C2.Cl.Cl,active,645.7630000000003,10.756099999999988,2,4,9.086186147616283
CHEMBL183507,COc1ccc(-c2cc3c(c(=O)o2)C[C@@]2(O)[C@@]4(C)C(=O)[C@@]5(OC)C(=O)O[C@]4(CC[C@@]2(C)O3)C5(C)C)cc1,active,510.5390000000004,2.829900000000001,1,9,6.638272163982407
CHEMBL424984,COc1ccc(-c2cc3c(c(=O)o2)C[C@@]2(O)[C@@]4(C)C=CC(=O)C(C)(C)[C@@]4(O)CC[C@@]2(C)O3)cc1,active,466.53000000000026,3.4364000000000026,2,7,7.045757490560675
CHEMBL183813,COc1ccc(-c2cc3c(c(=O)o2)C[C@@]2(O)[C@@]4(C)CCC(=O)C(C)(C)[C@@]4(O)CC[C@@]2(C)O3)cc1,active,468.54600000000033,3.6604000000000028,2,7,7.221848749616356
CHEMBL367571,COC1=CC(=O)[C@]2(C)[C@]3(O)Cc4c(cc(-c5cc(OC)c(OC)c(OC)c5)oc4=O)O[C@]3(C)CC[C@]2(O)C1(C)C,active,556.6080000000004,3.4277000000000024,2,10,6.376750709602099
CHEMBL95,Nc1c2c(nc3ccccc13)CCCC2,active,198.26899999999992,2.695800000000001,1,2,7.045757490560675
CHEMBL1161674,NC1=C2CCCCC2=NC2CCCCC12,active,204.31699999999998,2.7866000000000017,1,2,6.439997673226633
CHEMBL95,Nc1c2c(nc3ccccc13)CCCC2,active,198.26899999999992,2.695800000000001,1,2,7.470056598341331
CHEMBL95,Nc1c2c(nc3ccccc13)CCCC2,active,198.26899999999992,2.695800000000001,1,2,6.599997654072044
CHEMBL369661,Nc1c2c(nc3c(Cl)cccc13)CCCC2,active,232.71399999999997,3.3492000000000015,1,2,7.160019442321658
CHEMBL292314,Nc1c2c(nc3cc(Cl)ccc13)CCCC2,active,232.71399999999994,3.3492000000000015,1,2,8.739928612014925
CHEMBL292314,Nc1c2c(nc3cc(Cl)ccc13)CCCC2,active,232.71399999999994,3.3492000000000015,1,2,8.0
CHEMBL62084,Nc1c2c(nc3ccc(Cl)cc13)CCCC2,active,232.7139999999999,3.3492000000000015,1,2,6.130000141365475
CHEMBL62084,Nc1c2c(nc3ccc(Cl)cc13)CCCC2,active,232.7139999999999,3.3492000000000015,1,2,6.260000690598032
CHEMBL134057,Nc1c2c(nc3cccc(Cl)c13)CCCC2,active,232.7139999999999,3.3492000000000015,1,2,8.029978734171634
CHEMBL60119,Cc1ccc2c(N)c3c(nc2c1)CCCC3,active,212.29599999999996,3.004220000000002,1,2,7.0
CHEMBL61715,Nc1c2c(nc3cc([N+](=O)[O-])ccc13)CCCC2,active,243.26599999999993,2.604000000000001,1,4,7.550059011226662
CHEMBL61533,Nc1c2c(nc3cc(F)ccc13)CCCC2,active,216.25899999999996,2.834900000000001,1,2,7.059981844992337
CHEMBL1161714,Nc1c2c(nc3cccc(F)c13)C1CC(C2)C1,active,228.26999999999992,3.0058000000000016,1,2,7.540004743952609
CHEMBL302842,COc1ccc2c(N)c3c(nc2c1)CCCC3,active,228.29499999999996,2.7044000000000006,1,3,6.459996055149973
CHEMBL61930,Nc1c2c(nc3cc(Cl)c(Cl)cc13)CCCC2,active,267.159,4.002600000000001,1,2,6.329995488683631
CHEMBL1161715,Nc1c2c(nc3ccc(O)cc13)CCCC2,active,214.26799999999994,2.4014000000000006,2,3,6.790002703917631
CHEMBL431844,Nc1c2c(nc3ccccc13)C1CCC2C1,active,210.27999999999994,3.181700000000002,1,2,7.50003813440381
CHEMBL355740,Nc1c2c(nc3c(Cl)cccc13)C1CCC2C1,active,244.725,3.8351000000000015,1,2,7.070019409484486
CHEMBL352500,Nc1c2c(nc3cc(Cl)ccc13)C1CCC2C1,active,244.72499999999997,3.8351000000000015,1,2,8.349984047528162
CHEMBL368196,Nc1c2c(nc3cccc(Cl)c13)C1CCC2C1,active,244.72499999999994,3.8351000000000015,1,2,7.36997914888659
CHEMBL140476,CC1=CC2Cc3nc4cc(Cl)ccc4c(N)c3C(C1)C2,active,284.7900000000001,4.466400000000003,1,2,9.489991487059765
CHEMBL341658,CCC1=CC2Cc3nc4cc(F)ccc4c(N)c3C(C1)C2,active,282.3620000000001,4.342200000000003,1,2,8.680061560019691
CHEMBL143812,CCC1=CC2Cc3nc4cc(Cl)ccc4c(N)c3C(C1)C2,active,298.8170000000001,4.856500000000003,1,2,9.489991487059765
CHEMBL1161717,C=C1c2ccc(Cl)cc2N=C2CCCCCN12,active,246.74099999999993,4.230300000000003,0,2,6.799998134593398
CHEMBL1161718,C=C1c2cc(Cl)ccc2N=C2CCCCCN12,active,246.74099999999993,4.230300000000003,0,2,6.299997602857746
CHEMBL165292,O=c1c2ccc(Cl)cc2nc2n1CCCCC2,inactive,248.71299999999994,2.776300000000001,0,3,4.0
CHEMBL350496,S=c1c2ccc(Cl)cc2nc2n1CCCCC2,inactive,264.78099999999995,4.145590000000002,0,3,4.0
CHEMBL132030,Nc1c2c(nc3cccc(F)c13)CCCC2,active,216.2589999999999,2.834900000000001,1,2,7.100015437450609
CHEMBL132260,Nc1c2c(nc3ccccc13)OCCC2,active,200.24099999999993,2.1420000000000003,1,3,6.579994715040948
CHEMBL132365,COc1cccc2nc3c(c(N)c12)CCCC3,active,228.29499999999993,2.7044000000000006,1,3,6.209996479609511
CHEMBL134240,Nc1c2c(nc3ccc(Cl)cc13)OCCC2,inactive,234.68599999999992,2.7954000000000008,1,3,5.0
CHEMBL130373,Nc1c2c(nc3cnccc13)OCCC2,inactive,201.22899999999996,1.537,1,4,4.379999982779397
CHEMBL92460,c1ccc(CN2CCC(CCc3noc4ccccc34)CC2)cc1,active,320.4360000000001,4.6726000000000045,0,3,7.259637310505756
CHEMBL433379,Cc1ccc2onc(CCC3CCN(Cc4ccccc4)CC3)c2c1,active,334.4630000000001,4.981020000000005,0,3,8.10790539730952
CHEMBL188823,COc1cc2onc(CCC3CCN(Cc4ccccc4)CC3)c2cc1C,active,364.48900000000015,4.989620000000005,0,4,8.236572006437063
CHEMBL94186,COc1ccc2onc(CCC3CCN(Cc4ccccc4)CC3)c2c1,active,350.46200000000005,4.681200000000005,0,4,8.142667503568731
CHEMBL93619,COc1cccc2c(CCC3CCN(Cc4ccccc4)CC3)noc12,active,350.4620000000001,4.681200000000004,0,4,8.148741651280925
CHEMBL92736,CC(=O)Nc1ccc2c(CCC3CCN(Cc4ccccc4)CC3)noc2c1,active,377.48800000000006,4.631000000000004,1,4,8.55284196865778
CHEMBL92955,O=S(=O)(Nc1ccc2c(CCC3CCN(Cc4ccccc4)CC3)noc2c1)c1ccccc1,active,475.61400000000015,5.473400000000005,1,5,7.853871964321762
CHEMBL93936,c1ccc(CN2CCC(CCc3noc4cc(N5CCOCC5)ccc34)CC2)cc1,active,405.54200000000026,4.509200000000004,0,5,9.096910013008056
CHEMBL420625,Nc1ccc2c(CCC3CCN(Cc4ccccc4)CC3)noc2c1,active,335.45100000000014,4.254800000000004,1,4,7.698970004336019
CHEMBL330004,Brc1ccc2c(CCC3CCN(Cc4ccccc4)CC3)noc2c1,active,399.33200000000005,5.435100000000005,0,3,7.301029995663981
CHEMBL92775,N#Cc1ccc2c(CCC3CCN(Cc4ccccc4)CC3)noc2c1,active,345.44600000000014,4.544280000000004,0,4,6.995678626217358
CHEMBL92663,NC(=O)c1ccc2c(CCC3CCN(Cc4ccccc4)CC3)noc2c1,active,363.46100000000007,3.771500000000003,1,4,8.05551732784983
CHEMBL93241,c1ccc(CN2CCC(CCCc3noc4ccccc34)CC2)cc1,active,334.4630000000001,5.062700000000005,0,3,8.045757490560675
CHEMBL92629,c1ccc(CN2CCC(CNc3noc4ccccc34)CC2)cc1,active,321.42400000000015,4.151900000000003,1,4,6.494850021680094
CHEMBL328102,c1ccc(CN2CCC(CCc3nsc4ccccc34)CC2)cc1,active,336.50400000000013,5.141100000000005,0,3,7.00436480540245
CHEMBL92142,c1ccc(CN2CCC(CCc3nccc4ccccc34)CC2)cc1,active,330.47500000000014,5.079600000000005,0,2,6.657577319177793
CHEMBL92958,c1ccc(CN2CCC(CCc3n[nH]c4ccccc34)CC2)cc1,active,319.4520000000001,4.407700000000004,1,2,6.920818753952375
CHEMBL329231,O=C1CCc2cc3c(CCC4CCN(Cc5ccccc5)CC4)noc3cc2N1,active,389.49900000000014,4.557300000000004,1,4,9.244125144327509
CHEMBL328468,O=C1Cc2cc3onc(CCC4CCN(Cc5ccccc5)CC4)c3cc2N1,active,375.4720000000001,4.167200000000003,1,4,9.022276394711152
CHEMBL426441,CN1C(=O)Cc2cc3onc(CCC4CCN(Cc5ccccc5)CC4)c3cc21,active,389.4990000000001,4.191500000000004,0,4,9.318758762624412
CHEMBL95020,O=C1Cc2c(ccc3c(CCC4CCN(Cc5ccccc5)CC4)noc23)N1,active,375.47200000000004,4.167200000000003,1,4,8.443697499232712
CHEMBL185799,COc1cc2c(cc1OC)C(=O)C(C1CC[N+](C)(Cc3ccccc3)CC1)=C2,active,378.49200000000013,4.340300000000004,0,3,6.6020599913279625
CHEMBL186144,COc1cc2cc(C(=O)C3CCC[N+](C)(Cc4ccccc4)CC3)sc2cc1OC,active,424.5860000000001,5.548100000000006,0,4,8.096910013008056
CHEMBL361869,COc1cc2cc(C(=O)C3CC[N+](C)(Cc4ccccc4)CCC3O)sc2cc1OC,active,440.58500000000015,4.518900000000005,1,5,7.366531544420414
CHEMBL189283,COc1cc2cc(C(=O)CC3CCC(O)C[N+](C)(Cc4ccccc4)CC3)sc2cc1OC,active,468.63900000000024,5.2991000000000055,1,5,6.42021640338319
CHEMBL362711,COc1cc2cc(C(=O)CC3CCCC[N+](C)(Cc4ccccc4)CC3)sc2cc1OC,active,452.64000000000016,6.328300000000008,0,4,6.958607314841775
CHEMBL185976,COc1cc2cc(C(=O)C3CC[N+](C)(Cc4ccccc4)CCC3OC)sc2cc1OC,active,454.6120000000002,5.173000000000005,0,5,6.920818753952375
CHEMBL188325,COc1cc2cc(C(=O)C3=CC[N+](C)(Cc4ccccc4)CC3)sc2cc1OC,active,408.5430000000002,5.078100000000006,0,4,6.2839966563652006
CHEMBL187812,COc1cc2cc(C3CC[N+](C)(Cc4ccccc4)CC3O)sc2cc1OC,inactive,398.5480000000001,4.413500000000004,1,4,4.708187312532881
CHEMBL364125,COCC[N+]1(C)CCCC(C(=O)c2cc3cc(OC)c(OC)cc3s2)CC1,active,392.54100000000017,3.9943000000000035,0,5,7.275724130399211
CHEMBL610243,COc1cc2cc(C(=O)C3CCC[N+](C)(Cc4ccc([N+](=O)[O-])o4)CC3)sc2cc1OC.[I-],active,586.4480000000002,2.0533,0,7,7.494850021680094
CHEMBL372491,COc1cc2cc(C(=O)C3CCC[N+](C)(CC4CCCCO4)CC3)sc2cc1OC,active,432.6060000000003,4.917000000000005,0,5,7.552841968657781
CHEMBL364585,COc1cc2cc(C(=O)C3CCC[N+](C)(CC(=O)OC(C)(C)C)CC3)sc2cc1OC,active,448.60500000000025,4.689600000000005,0,6,7.102372908709558
CHEMBL188917,COc1cc2cc(C(=O)C3CCC[N+](C)(CCOc4ccccc4)CC3)sc2cc1OC,active,454.61200000000014,5.426900000000006,0,5,6.4089353929735005
CHEMBL188338,COc1cc2cc(C(=O)C3CCC[N+](C)(CC#N)CC3)sc2cc1OC,active,373.4980000000001,3.8714800000000036,0,5,6.0
CHEMBL366114,COc1cc2c(cc1OC)SC(C(=O)CCc1cc[n+](C)cc1)C2,active,344.456,2.7470000000000008,0,4,6.045757490560675
CHEMBL188753,CC[n+]1ccc(CCC(=O)C2Cc3cc(OC)c(OC)cc3S2)cc1,active,358.48300000000006,3.2299000000000024,0,4,6.552841968657781
CHEMBL189122,C=CC[n+]1ccc(CCC(=O)C2Cc3cc(OC)c(OC)cc3S2)cc1,active,370.4940000000001,3.3960000000000026,0,4,8.202732459169283
CHEMBL189517,COc1cc2c(cc1OC)SC(C(=O)CCc1cc[n+](CC3CC3)cc1)C2,active,384.52100000000013,3.6200000000000028,0,4,6.958607314841775
CHEMBL365904,COc1cc2c(cc1OC)SC(C(=O)CCc1cc[n+](CC3CCC3)cc1)C2,active,398.5480000000002,4.010100000000003,0,4,7.3979400086720375
CHEMBL186264,CCOCC[n+]1ccc(CCC(=O)C2Cc3cc(OC)c(OC)cc3S2)cc1,active,402.5360000000001,3.246500000000001,0,5,8.154901959985743
CHEMBL187818,COc1cc2c(cc1OC)SC(C(=O)CCc1cc[n+](Cc3ccc(F)cc3)cc1)C2,active,438.5440000000001,4.397400000000004,0,4,8.585026652029182
CHEMBL188011,COC(=O)c1ccc(C[n+]2ccc(CCC(=O)C3Cc4cc(OC)c(OC)cc4S3)cc2)cc1,active,478.5900000000002,4.044900000000003,0,6,6.0
CHEMBL362752,COc1cc2c(cc1OC)SC(C(=O)CCc1cc[n+](Cc3ccsc3)cc1)C2,active,426.5830000000001,4.319800000000003,0,5,8.221848749616356
CHEMBL610242,COc1cc2c(cc1OC)SC(C(=O)CCc1cc[n+](Cc3coc([N+](=O)[O-])c3)cc1)C2.[I-],active,582.4160000000002,0.7634999999999998,0,7,8.346787486224656
CHEMBL86031,C[N+]1(Cc2ccccc2)CCC(CCC(=O)c2ccc3c(c2)OCCO3)CC1,active,380.50800000000015,4.4775000000000045,0,3,7.0
CHEMBL313231,C[N+]1(Cc2ccccc2)CCC(CCC(=O)c2ccc3c(c2)OCO3)CC1,active,366.4810000000001,4.435000000000004,0,3,7.3819519032879075
CHEMBL313582,C[N+]1(Cc2ccccc2)CCC(CCC(=O)c2ccc3c(c2)CCCCO3)CC1,active,392.5630000000002,5.4214000000000055,0,2,6.856985199745905
CHEMBL87823,COc1ccc2cc(C(=O)CCC3CC[N+](C)(Cc4ccccc4)CC3)ccc2c1,active,402.5580000000001,5.868100000000006,0,2,7.301029995663981
CHEMBL432376,COc1cc2cc(C(=O)CCC3CC[N+](C)(Cc4ccccc4)CC3)n(C)c2cc1OC,active,435.58800000000014,5.215200000000006,0,4,6.920818753952375
CHEMBL87014,Cc1cc(C(=O)CCC2CC[N+](C)(Cc3ccccc3)CC2)nn1-c1ccccc1,active,402.5620000000001,5.200420000000006,0,3,7.657577319177793
CHEMBL418955,COc1ccc2c(CCC3CCN(Cc4ccccc4)CC3)noc2c1,active,350.4620000000001,4.681200000000004,0,4,8.080921907623926
CHEMBL93123,O=C(Nc1ccc2c(CCC3CCN(Cc4ccccc4)CC3)noc2c1)c1ccccc1,active,439.55900000000014,5.924900000000005,1,4,8.0268721464003
CHEMBL92463,Oc1ccc2c(CCC3CCN(Cc4ccccc4)CC3)noc2c1,active,336.4350000000001,4.378200000000004,1,4,7.585026652029182
CHEMBL92460,c1ccc(CN2CCC(CCc3noc4ccccc34)CC2)cc1,active,320.4360000000001,4.6726000000000045,0,3,6.6777807052660805
CHEMBL328715,c1ccc(CN2CCC(CCNc3noc4ccccc34)CC2)cc1,active,335.45100000000014,4.542000000000003,1,4,6.0915149811213505
CHEMBL362350,C=[N+]1N=C(CCC2CCN(Cc3ccccc3)CC2)c2ccccc21,active,332.47100000000006,4.4413000000000045,0,2,6.468521082957745
CHEMBL359570,O=C1Cc2cc3c(CCC4CCN(Cc5ccccc5)CC4)noc3cc2N1,active,375.47200000000015,4.167200000000003,1,4,9.481486060122112
CHEMBL187603,COc1cc2c(cc1OC)SC(C(=O)CC(O)C1CC[N+](C)(Cc3ccccc3)CC1)C2,active,456.6280000000003,4.097500000000004,1,5,6.721246399047171
CHEMBL360832,COc1cc2c(cc1OC)SC(C(=O)CC1(O)CC[N+](C)(Cc3ccccc3)CC1)C2,active,442.6010000000003,3.8515000000000033,1,5,7.045757490560675
CHEMBL186090,COc1cc2c(cc1OC)SC(C(=O)CC1C=CC[N+](C)(Cc3ccccc3)CC1)C2,active,438.6130000000003,4.902700000000005,0,4,6.1249387366083
CHEMBL187591,COc1cc2c(cc1OC)SC(CC1CC[N+](C)(Cc3ccccc3)CC1)C2,inactive,398.5920000000002,5.167500000000005,0,3,4.522878745280337
CHEMBL188714,COC(=O)C[N+]1(C)CCC(CCC(=O)C2Cc3cc(OC)c(OC)cc3S2)CC1,active,422.56700000000023,3.099500000000001,0,6,7.267606240177032
CHEMBL189774,COCC[n+]1ccc(CCC(=O)C2Cc3cc(OC)c(OC)cc3S2)cc1,active,388.50900000000007,2.8564000000000007,0,5,7.522878745280337
CHEMBL186042,COc1cc2c(cc1OC)SC(C(=O)CCc1cc[n+](Cc3ccccc3)cc1)C2,active,420.5540000000001,4.258300000000004,0,4,8.337242168318426
CHEMBL363455,O=C(CCc1cc[n+](Cc2ccccc2)cc1)c1ccc2c(c1)OCO2,active,346.4060000000002,3.566600000000003,0,3,6.619788758288394
CHEMBL188274,CNC(=O)Oc1cccc(C(C)N(C)C)c1.Cl,active,258.74899999999997,2.4492000000000007,1,3,7.0
CHEMBL189906,CNC(=O)Oc1cccc2c1OCC1CCN(C)C21,active,262.3089999999999,1.79,1,4,7.522878745280337
CHEMBL189907,CNC(=O)Oc1cccc2c1CCC1CCN(C)C21,active,260.33699999999993,2.3438000000000008,1,3,7.761953896871204
CHEMBL190322,CNC(=O)Oc1cccc2c1SCC1CCN(C)C21,active,278.37699999999995,2.503300000000001,1,4,8.090979145788843
CHEMBL187870,CCCCCCCNC(=O)Oc1cccc2c1OCC1CCN(C)C21,active,346.4710000000002,4.130600000000003,1,4,7.692503962086787
CHEMBL187385,CCNC(=O)Oc1cccc2c1OCC1CCN(C)C21,active,276.33599999999996,2.1801000000000004,1,4,6.376750709602099
CHEMBL363557,CCNC(=O)Oc1cccc2c1CCC1CCN(C)C21,active,274.3639999999999,2.733900000000001,1,3,6.405607449624573
CHEMBL340427,CNC(=O)Oc1cccc(CN(C)CCCOc2ccc3c(=O)c4ccccc4oc3c2)c1,active,446.5030000000001,4.565300000000004,1,6,6.522878745280337
CHEMBL189957,CNC(=O)Oc1cccc(CN(C)CCCCCCCOc2ccc3c(=O)c4ccccc4oc3c2)c1,active,502.6110000000002,6.125700000000006,1,6,6.494850021680094
CHEMBL190528,CNC(=O)Oc1cccc(CN(C)CCCCCCCOc2ccc3c(c2)O/C(=C\c2cc(OC)c(OC)c(OC)c2)C3=O)c1,active,618.7270000000002,6.508100000000008,1,9,6.2839966563652006
CHEMBL191314,CNC(=O)Oc1cccc(CN(C)CCCCCCCOc2ccc3c(c2)O/C(=C\c2c4ccccc4cc4ccccc24)C3=O)c1,inactive,628.7690000000002,8.788700000000004,1,6,4.101823516502323
CHEMBL364678,CNC(=O)Oc1cccc(CN(C)CCCCCCCOc2ccc3c(c2)O/C(=C\c2cc(Cl)cc(Cl)c2)C3=O)c1,inactive,597.5390000000002,7.7891000000000075,1,6,4.350665141287858
CHEMBL371798,CN(CCCCCCCOc1ccc2c(c1)O/C(=C\c1cccc3ccccc13)C2=O)Cc1cccc(O)c1,inactive,521.6570000000003,7.6229000000000084,1,5,1.3045183235098026
CHEMBL189797,CNC(=O)Oc1cccc(CN(C)CCCCCCCOc2ccc3c(c2)OCC3=O)c1,inactive,440.5400000000002,4.441200000000004,1,6,2.7931741239681505
CHEMBL94,CNC(=O)Oc1ccc2c(c1)[C@]1(C)CCN(C)[C@@H]1N2C,inactive,275.352,1.7739,1,4,4.853871964321762
CHEMBL372071,CCN(CC)CCCN1CC(=O)N(C2CC2)CC1=O,inactive,267.37299999999993,0.5515000000000005,0,3,4.698970004336019
CHEMBL192953,CCN(CC)CCN1CC(=O)N(CCc2ccccc2)CC1=O,inactive,317.43300000000005,1.2417,0,3,4.698970004336019
CHEMBL372279,CC(C)N(CCN1CC(=O)N(CCc2ccc(Cl)cc2Cl)CC1=O)C(C)C,inactive,414.37700000000024,3.3255000000000026,0,3,4.698970004336019
CHEMBL191315,COc1ccc(CCN2CC(=O)N(CCc3ccccn3)CC2=O)cc1OC,inactive,383.44800000000015,1.5548,0,5,4.698970004336019
CHEMBL191930,O=C1CN(CCN2CCCC2)C(=O)CN1CCCn1ccnc1,inactive,319.40899999999993,0.03980000000000117,0,5,4.698970004336019
CHEMBL434948,CC1CCCCN1CCCN1CC(=O)N(CCc2ccc(F)cc2)CC1=O,inactive,375.48800000000006,2.3034999999999997,0,3,4.698970004336019
CHEMBL190152,O=C1CN(CCN2CCOCC2)C(=O)CN1CCC(c1ccccc1)c1ccccc1,inactive,421.54100000000005,2.2116000000000007,0,4,4.698970004336019
CHEMBL372262,CCOC(=O)c1c(C)c(N2CCN(C)CC2)nc2ccccc12,inactive,313.40099999999995,2.4717200000000004,0,5,5.0
CHEMBL191084,Cc1c(N2CCN(C)CC2)nc2ccccc2c1C(=O)N(C)Cc1ccccc1,inactive,388.51500000000016,3.5672200000000025,0,4,5.0
CHEMBL95,Nc1c2c(nc3ccccc13)CCCC2,active,198.26899999999992,2.695800000000001,1,2,6.573488738635425
CHEMBL32823,c1ccc2c(NCCCCCCCNc3c4c(nc5ccccc35)CCCC4)c3c(nc2c1)CCCC3,active,492.7110000000004,8.015100000000007,2,4,9.229147988357855
CHEMBL195418,Cc1c(Cl)nc2ccccc2c1C(=O)NCCCCCCCNc1c2c(nc3ccccc13)CCCC2,active,515.1010000000005,7.416020000000006,2,4,8.522878745280337
CHEMBL195241,Cc1c(N2CCN(C)CC2)nc2ccccc2c1C(=O)NCCCCCCCNc1c2c(nc3ccccc13)CCCC2,active,578.8050000000002,6.5144200000000065,2,6,8.387216143280265
CHEMBL192682,O=C(CCCCC1CCSS1)NCCNc1c2c(nc3ccccc13)CCCC2,active,429.6550000000003,5.355800000000004,2,5,7.013228265733755
CHEMBL195179,O=C(CCCCC1CCSS1)NCCCNc1c2c(nc3ccccc13)CCCC2,active,443.6820000000003,5.745900000000005,2,5,8.157390760389438
CHEMBL424833,O=C(CCCCC1CCSS1)NCCCCNc1c2c(nc3ccccc13)CCCC2,active,457.70900000000034,6.1360000000000054,2,5,7.453457336521869
CHEMBL425739,O=C(CCCCC1CCSS1)NCCCCCNc1c2c(nc3ccccc13)CCCC2,active,471.7360000000004,6.526100000000007,2,5,7.4156687756324695
CHEMBL278963,O=C(CCCCC1CCSS1)NCCCCCCNc1c2c(nc3ccccc13)CCCC2,active,485.76300000000043,6.916200000000007,2,5,7.521433504406157
CHEMBL195067,O=C(CCCCC1CCSS1)NCCCCCCCNc1c2c(nc3ccccc13)CCCC2,active,499.7900000000005,7.306300000000007,2,5,7.485452247339714
CHEMBL194823,O=C(CCCCC1CCSS1)NCCCNc1c2c(nc3cc(Cl)ccc13)CCCC2,active,478.12700000000035,6.3993000000000055,2,5,9.596879478824182
CHEMBL191758,NCCCNc1c2c(nc3cc(Cl)ccc13)CCCC2,active,289.8100000000001,3.527700000000002,2,3,7.667561540084395
CHEMBL95,Nc1c2c(nc3ccccc13)CCCC2,active,198.26899999999992,2.695800000000001,1,2,6.372634143407267
CHEMBL134342,O=C(O)CCCC[C@@H]1CCSS1,inactive,206.332,2.7851000000000017,1,3,3.0
CHEMBL555666,CC1=CC2Cc3nc4cc(Cl)ccc4c(NCCCCCCNc4c5c(nc6ccccc46)CCCC5)c3C(C1)C2.Cl.Cl,active,638.1270000000004,10.23919999999999,2,4,9.301029995663981
CHEMBL557155,CC1=CC2Cc3nc4cc(Cl)ccc4c(NCCCCCCCNc4c5c(nc6ccccc46)CCCC5)c3C(C1)C2.Cl.Cl,active,652.1540000000003,10.629299999999988,2,4,9.468521082957745
CHEMBL534932,CC1=CC2Cc3nc4cc(Cl)ccc4c(NCCCCCCCCNc4c5c(nc6ccccc46)CCCC5)c3C(C1)C2.Cl.Cl,active,666.1810000000003,11.019399999999985,2,4,9.481486060122112
CHEMBL2113368,CC1=C[C@@H]2Cc3nc4cc(Cl)ccc4c(NCCCN(C)CCCCNc4c5c(nc6ccccc46)CCCC5)c3[C@H](C1)C2.Cl.Cl.Cl,active,717.6570000000002,10.20269999999999,2,5,9.494850021680094
CHEMBL555214,CC1=CC2Cc3nc4cc(Cl)ccc4c(NCCCCCCNc4c5c(nc6cc(Cl)ccc46)CCCC5)c3C(C1)C2.Cl.Cl,active,672.5720000000001,10.892599999999986,2,4,9.346787486224656
CHEMBL538573,CC1=CC2Cc3nc4cc(Cl)ccc4c(NCCCCCCCNc4c5c(nc6cc(Cl)ccc46)CCCC5)c3C(C1)C2.Cl.Cl,active,686.599,11.282699999999982,2,4,9.481486060122112
CHEMBL539599,CC1=CC2Cc3nc4cc(Cl)ccc4c(NCCCCCCCCNc4c5c(nc6cc(Cl)ccc46)CCCC5)c3C(C1)C2.Cl.Cl,active,700.626,11.672799999999981,2,4,9.397940008672037
CHEMBL2113367,CC1=C[C@@H]2Cc3nc4cc(Cl)ccc4c(NCCCN(C)CCCCNc4c5c(nc6cc(Cl)ccc46)CCCC5)c3[C@H](C1)C2.Cl.Cl.Cl,active,752.102,10.856099999999984,2,5,9.537602002101044
CHEMBL75121,COc1cc2cc(-c3ccc(CN(C)Cc4ccccc4)cc3)c(=O)oc2cc1OC,active,415.48900000000015,5.109200000000005,0,5,7.351639989019068
CHEMBL1677,Cl.Nc1c2c(nc3ccccc13)CCCC2,active,234.72999999999996,3.1176000000000013,1,2,6.688246138944246
CHEMBL1255901,C/C=C1\[C@H]2C=C(C)C[C@@]1(N)c1ccc(=O)[nH]c1C2,active,242.32199999999997,1.9975,2,2,6.585026652029182
CHEMBL536047,CC1=CC2Cc3nc4cc(Cl)ccc4c(N)c3C(C1)C2.Cl,active,321.25100000000003,4.888200000000003,1,2,9.10790539730952
CHEMBL371276,COc1cc2ccnc3c2c(c1OC)COC3=O,inactive,245.23399999999995,1.9223999999999999,0,5,4.707743928643524
CHEMBL371276,COc1cc2ccnc3c2c(c1OC)COC3=O,active,245.23399999999995,1.9223999999999999,0,5,8.318758762624412
CHEMBL196401,C=CCC1(O)OCc2c(OC)c(OC)cc3ccnc1c23,inactive,287.315,2.5034,1,5,3.7594507517174005
CHEMBL196401,C=CCC1(O)OCc2c(OC)c(OC)cc3ccnc1c23,active,287.315,2.5034,1,5,7.301029995663981
CHEMBL196116,C=CCC1(OC)OCc2c(OC)c(OC)cc3ccnc1c23,inactive,301.342,3.1575000000000015,0,5,4.0
CHEMBL196116,C=CCC1(OC)OCc2c(OC)c(OC)cc3ccnc1c23,active,301.342,3.1575000000000015,0,5,7.522878745280337
CHEMBL371006,COc1cc2ccnc3c2c(c1OC)COC3(CC(O)CO)OC,inactive,335.35600000000005,1.3246999999999995,2,7,4.017728766960431
CHEMBL371006,COc1cc2ccnc3c2c(c1OC)COC3(CC(O)CO)OC,active,335.35600000000005,1.3246999999999995,2,7,7.494850021680094
CHEMBL196177,COc1cc2ccnc3c2c(c1OC)COC3(CCCO)OC,inactive,319.357,2.3539000000000003,1,6,3.8632794328435933
CHEMBL196177,COc1cc2ccnc3c2c(c1OC)COC3(CCCO)OC,active,319.357,2.3539000000000003,1,6,7.3585258894959
CHEMBL196699,COc1cc2ccnc3c2c(c1OC)COC3(O)CC(O)CO,inactive,321.32900000000006,0.6705999999999996,3,7,3.962573502059376
CHEMBL196699,COc1cc2ccnc3c2c(c1OC)COC3(O)CC(O)CO,active,321.32900000000006,0.6705999999999996,3,7,7.455931955649724
CHEMBL371651,COc1cc2ccnc3c2c(c1OC)C(Br)OC3=O,inactive,324.13000000000005,2.815900000000001,0,5,4.337242168318426
CHEMBL371651,COc1cc2ccnc3c2c(c1OC)C(Br)OC3=O,active,324.13000000000005,2.815900000000001,0,5,7.823908740944319
CHEMBL370561,COc1cc2cc[n+](C)c3c2c(c1OC)C(Br)OC3=O,inactive,339.165,2.2454,0,4,3.9788107009300617
CHEMBL370561,COc1cc2cc[n+](C)c3c2c(c1OC)C(Br)OC3=O,active,339.165,2.2454,0,4,7.39040559077478
CHEMBL95,Nc1c2c(nc3ccccc13)CCCC2,active,198.26899999999992,2.695800000000001,1,2,6.698970004336019
CHEMBL95,Nc1c2c(nc3ccccc13)CCCC2,active,198.26899999999992,2.695800000000001,1,2,10.397940008672037
CHEMBL94,CNC(=O)Oc1ccc2c(c1)[C@]1(C)CCN(C)[C@@H]1N2C,active,275.352,1.7739,1,4,7.522878745280337
CHEMBL94,CNC(=O)Oc1ccc2c(c1)[C@]1(C)CCN(C)[C@@H]1N2C,active,275.352,1.7739,1,4,11.096910013008056
CHEMBL1385,COc1ccc2c3c1O[C@H]1C[C@@H](O)C=C[C@@]31CCNC2,active,273.332,1.5081,2,4,9.537602002101044
CHEMBL194372,CN[C@@H](CCOc1ccc([N+](=O)[O-])cc1)c1ccc(OC(=O)N(C)C)cc1,active,373.40900000000016,3.384800000000002,1,6,6.995678626217358
CHEMBL197696,CN(C)C(=O)Oc1ccc2c(c1)C=CCN(C)[C@@H]2CCOc1ccc([N+](=O)[O-])cc1,active,411.4580000000002,4.124000000000003,0,6,7.853871964321762
CHEMBL199670,O=C(CCCCCCNc1c2c(nc3ccccc13)CCCC2)NCCc1c[nH]c2ccccc12,active,468.6450000000003,6.316200000000006,3,3,9.301029995663981
CHEMBL95,Nc1c2c(nc3ccccc13)CCCC2,active,198.26899999999992,2.695800000000001,1,2,6.455931955649724
CHEMBL370807,O=C(CCCCCNc1c2c(nc3ccccc13)CCCC2)NCCc1c[nH]c2ccc(O)cc12,active,470.6170000000003,5.631700000000005,4,4,9.346787486224656
CHEMBL372202,COc1ccc2[nH]cc(CCNC(=O)CCCCCCNc3c4c(nc5cc(Cl)cc(Cl)c35)CCCC4)c2c1,active,567.561,7.631600000000007,3,4,10.397940008672037
CHEMBL382260,COc1ccc2[nH]cc(CCNC(=O)CCCCCCNc3c4c(nc5ccccc35)CCCC4)c2c1,active,498.67100000000033,6.324800000000006,3,4,9.187086643357144
CHEMBL199585,O=C(CCCCCCNc1c2c(nc3cc(Cl)cc(Cl)c13)CCCC2)NCCc1c[nH]c2ccccc12,active,537.5350000000004,7.623000000000007,3,3,11.096910013008056
CHEMBL202661,O=C(CCCCCNc1c2c(nc3cccc(Cl)c13)CCCC2)NCCc1c[nH]c2ccccc12,active,489.0630000000004,6.579500000000006,3,3,9.060480747381382
CHEMBL381499,O=C(CCCCCCNc1c2c(nc3cc(Cl)ccc13)CCCC2)NCCc1c[nH]c2ccccc12,active,503.0900000000004,6.969600000000005,3,3,10.0
CHEMBL204895,CCNC(=O)Oc1ccc2c(c1)[C@]1(C)CCO[C@@H]1O2,active,263.29299999999995,2.1914,1,4,7.0
CHEMBL205335,Cc1ccccc1NC(=O)Oc1ccc2c(c1)[C@@]1(C)CCO[C@H]1N2C,active,338.4070000000001,4.059820000000003,1,4,6.847711655616943
CHEMBL205895,Cc1ccccc1NC(=O)Oc1ccc2c(c1)[C@]1(C)CCO[C@@H]1N2C,active,338.4070000000001,4.059820000000003,1,4,7.886056647693163
CHEMBL381926,CCNC(=O)Oc1ccc2c(c1)[C@]1(C)CCO[C@@H]1N2C,active,276.33599999999996,2.2488,1,4,7.086186147616283
CHEMBL205940,CNC(=O)Oc1ccc2c(c1)[C@@]1(C)CCO[C@H]1N2C,active,262.30899999999997,1.8587,1,4,7.251811972993799
CHEMBL205231,CNC(=O)Oc1ccc2c(c1)[C@]1(C)CCO[C@@H]1N2C,active,262.30899999999997,1.8587,1,4,7.568636235841013
CHEMBL129837,CC(C)c1ccc(NC(=O)Oc2ccc3c(c2)[C@]2(C)CCN(C)[C@@H]2N3C)cc1,active,379.50400000000013,4.7900000000000045,1,4,6.119186407719209
CHEMBL130458,Cc1ccccc1NC(=O)Oc1ccc2c(c1)[C@]1(C)CCN(C)[C@@H]1N2C,active,351.4500000000001,3.9750200000000033,1,4,8.0
CHEMBL205340,CCNC(=O)Oc1ccc2c(c1)[C@]1(C)CCN(C)[C@@H]1N2C,active,289.37899999999996,2.1640000000000006,1,4,7.026872146400302
CHEMBL94,CNC(=O)Oc1ccc2c(c1)[C@]1(C)CCN(C)[C@@H]1N2C,active,275.352,1.7739,1,4,7.552841968657781
CHEMBL207777,Cc1ccccc1NC(=O)Oc1ccc2c(c1)[C@]1(C)CO[C@@H](C1)O2,active,325.3640000000001,4.002420000000003,1,4,7.013228265733755
CHEMBL378404,Cc1ccccc1NC(=O)Oc1ccc2c(c1)[C@@]1(C)CO[C@H](C1)O2,active,325.3640000000001,4.002420000000003,1,4,7.42021640338319
CHEMBL380830,CCNC(=O)Oc1ccc2c(c1)[C@@]1(C)CO[C@H](C1)O2,active,263.29299999999995,2.1914,1,4,6.214670164989233
CHEMBL206093,Cc1ccccc1NC(=O)Oc1ccc2c(c1)[C@@]1(C)CCO[C@H]1O2,active,325.3640000000001,4.0024200000000025,1,4,7.443697499232712
CHEMBL426674,Cc1ccccc1NC(=O)Oc1ccc2c(c1)[C@]1(C)CCO[C@@H]1O2,active,325.3640000000001,4.0024200000000025,1,4,7.698970004336019
CHEMBL377283,CCNC(=O)Oc1ccc2c(c1)[C@@]1(C)CCO[C@H]1O2,active,263.29299999999995,2.1914,1,4,6.313363730737707
CHEMBL494887,CC(C)NP(=O)(NC(C)C)OP(=O)(NC(C)C)NC(C)C,inactive,342.3610000000001,3.2112000000000007,4,3,3.4685210829577446
CHEMBL464538,C=CC[N+](C)(C)c1ccc(CCC(=O)CCc2ccc([N+](C)(C)CC=C)cc2)cc1.[Br-].[Br-],active,566.422,-0.6650999999999943,0,1,7.7447274948966935
CHEMBL1255901,C/C=C1\[C@H]2C=C(C)C[C@@]1(N)c1ccc(=O)[nH]c1C2,active,242.32199999999997,1.9975,2,2,7.327902142064283
CHEMBL433041,CCCCCCCNC(=O)Oc1ccc2c(c1)[C@]1(C)CCN(C)[C@@H]1N2C,active,359.5140000000002,4.114500000000003,1,4,7.657577319177793
CHEMBL54727,CN1CC[C@@]2(C)c3cc(OC(=O)Nc4ccccc4)ccc3N(C)C12,active,337.42300000000006,3.6666000000000025,1,4,7.657577319177793
CHEMBL659,COc1ccc2c3c1O[C@H]1C[C@@H](O)C=C[C@@]31CCN(C)C2,active,287.35900000000004,1.8503,1,4,6.096910013008056
CHEMBL502,COc1cc2c(cc1OC)C(=O)C(CC1CCN(Cc3ccccc3)CC1)C2,active,379.50000000000017,4.361100000000004,0,4,7.657577319177793
CHEMBL95,Nc1c2c(nc3ccccc13)CCCC2,active,198.26899999999992,2.695800000000001,1,2,6.721246399047171
CHEMBL19224,COc1ccc(Cc2nccc3cc(OC)c(OC)cc23)cc1OC,inactive,339.3910000000001,3.860000000000003,0,5,4.613857891069181
CHEMBL207931,COc1ccc(C(O)c2nccc3cc(OC)c(OC)cc23)cc1OC,inactive,355.3900000000001,3.350900000000002,1,6,4.9694002780340485
CHEMBL659,COc1ccc2c3c1O[C@H]1C[C@@H](O)C=C[C@@]31CCN(C)C2,active,287.35900000000004,1.8503,1,4,6.229147988357855
CHEMBL211471,CN(C)C(=O)Oc1cccc([N+](C)(C)C)c1.COS(=O)(=O)[O-],active,334.394,1.0367000000000002,0,6,7.375717904164332
CHEMBL209392,N#Cc1ccccc1-c1ccc(CN2CCN(C(c3ccc(F)cc3)c3ccc(F)cc3)CC2)cc1,active,479.5740000000001,6.410680000000006,0,3,7.133122185662502
CHEMBL427232,Fc1ccc(C(c2ccc(F)cc2)N2CCN(CCN3CCCC3)CC2)cc1,active,385.50200000000024,3.7676000000000025,0,3,7.6777807052660805
CHEMBL211520,Fc1ccc(C(c2ccc(F)cc2)N2CCN(CCN3CCCCC3)CC2)cc1,active,399.5290000000003,4.157700000000004,0,3,6.898596649444669
CHEMBL380050,Fc1ccc(C(c2ccc(F)cc2)N2CCN(CCN3CCOCC3)CC2)cc1,active,401.50100000000026,3.0040000000000013,0,4,6.546375926408549
CHEMBL384563,CC1=CC2Cc3nc4cc(Cl)ccc4c(N)c3C(C1)C2NC=O,active,327.81500000000005,3.1909,2,3,7.008773924307505
CHEMBL536047,CC1=CC2Cc3nc4cc(Cl)ccc4c(N)c3C(C1)C2.Cl,active,321.25100000000003,4.888200000000003,1,2,9.10790539730952
CHEMBL1255901,C/C=C1\[C@H]2C=C(C)C[C@@]1(N)c1ccc(=O)[nH]c1C2,active,242.32199999999997,1.9975,2,2,6.585026652029182
CHEMBL95,Nc1c2c(nc3ccccc13)CCCC2,active,198.26899999999992,2.695800000000001,1,2,6.688246138944246
CHEMBL415799,CC1=CC2Cc3nc4cc(Cl)ccc4c(N)c3C(C1)C2N,active,299.80500000000006,3.4036,2,3,6.647817481888637
CHEMBL386541,CC1=CC2Cc3nc4cc(Cl)ccc4c(N)c3C(C1)C2NS(C)(=O)=O,active,377.8970000000001,2.9941000000000004,2,4,7.392544976785332
CHEMBL219262,COc1cc(C(=O)NNc2c3c(nc4ccccc24)CCCC3)cc(OC)c1OC,active,407.4700000000003,3.8963000000000028,2,6,6.413412695328245
CHEMBL219264,COc1cc(CCC(=O)NCCCCCC(=O)NNc2c3c(nc4ccccc24)CCCC3)cc(OC)c1OC,active,548.6840000000003,4.891900000000004,3,7,8.0762380391713
CHEMBL219316,COc1cc(CCC(=O)NCCCCC(=O)NNc2c3c(nc4ccccc24)CCCC3)cc(OC)c1OC,active,534.6570000000004,4.501800000000004,3,7,7.229147988357855
CHEMBL384886,COc1cc(CCC(=O)NCCCC(=O)NNc2c3c(nc4ccccc24)CCCC3)cc(OC)c1OC,active,520.6300000000003,4.1117000000000035,3,7,7.142064735280571
CHEMBL220141,COc1cc(CCC(=O)NCCC(=O)NNc2c3c(nc4ccccc24)CCCC3)cc(OC)c1OC,active,506.6030000000004,3.7216000000000022,3,7,6.8696662315049934
CHEMBL445846,COc1cc(CCC(=O)NCC(=O)NNc2c3c(nc4ccccc24)CCCC3)cc(OC)c1OC,active,492.57600000000036,3.331500000000002,3,7,7.39040559077478
CHEMBL219911,COc1cc(CCC(=O)NNc2c3c(nc4ccccc24)CCCC3)cc(OC)c1OC,active,435.52400000000034,4.215300000000004,2,6,6.437707135543525
CHEMBL374981,COc1cc(C(=O)NCCCCCCCCC(=O)NNc2c3c(cc4ccccc24)CCCC3)cc(OC)c1OC,active,561.7230000000002,6.3482000000000065,3,6,8.29413628771608
CHEMBL216159,COc1cc(C(=O)NCCCCCCCC(=O)NNc2c3c(nc4ccccc24)CCCC3)cc(OC)c1OC,active,548.6840000000003,5.353100000000005,3,7,8.280668713016274
CHEMBL219569,COc1cc(C(=O)NCCCCCCC(=O)NNc2c3c(nc4ccccc24)CCCC3)cc(OC)c1OC,active,534.6570000000004,4.9630000000000045,3,7,8.247951552180561
CHEMBL434378,COc1cc(C(=O)NCCCCCC(=O)NNc2c3c(nc4ccccc24)CCCC3)cc(OC)c1OC,active,520.6300000000003,4.572900000000004,3,7,7.739928612014925
CHEMBL219550,COc1cc(C(=O)NCCCCC(=O)NNc2c3c(nc4ccccc24)CCCC3)cc(OC)c1OC,active,506.6030000000004,4.182800000000004,3,7,7.769551078621726
CHEMBL219063,COc1cc(C(=O)NCCCC(=O)NNc2c3c(nc4ccccc24)CCCC3)cc(OC)c1OC,active,492.57600000000036,3.7927000000000026,3,7,6.617982957425132
CHEMBL266045,COc1cc(C(=O)NCCC(=O)NNc2c3c(nc4ccccc24)CCCC3)cc(OC)c1OC,active,478.5490000000004,3.4026000000000014,3,7,7.049635145623877
CHEMBL385269,COc1cc(C(=O)NCC(=O)NNc2c3c(nc4ccccc24)CCCC3)cc(OC)c1OC,active,464.5220000000004,3.012500000000001,3,7,7.287350298372789
CHEMBL95,Nc1c2c(nc3ccccc13)CCCC2,active,198.26899999999992,2.695800000000001,1,2,6.8326826652518236
CHEMBL374184,CCOC(=O)C1=C(C)Nc2nc3c(c(N)c2C1c1ccc(OC)cc1)CCCC3,active,393.48700000000025,3.945700000000003,2,6,6.978810700930062
CHEMBL218940,CCOC(=O)C1=C(C)Nc2nc3c(c(N)c2C1c1cccc(OC)c1)CCCC3,active,393.48700000000025,3.945700000000003,2,6,7.236572006437063
CHEMBL436302,CCOC(=O)C1=C(C)Nc2nc3c(c(N)c2C1c1ccccc1OC)CCCC3,active,393.48700000000025,3.945700000000003,2,6,6.6307841425898575
CHEMBL219406,CCOC(=O)C1=C(C)Nc2nc3c(c(N)c2C1c1ccc(C)cc1)CCCC3,active,377.4880000000002,4.2455200000000035,2,5,6.772113295386326
CHEMBL219405,CCOC(=O)C1=C(C)Nc2nc3c(c(N)c2C1c1ccc([N+](=O)[O-])cc1)CCCC3,active,408.45800000000025,3.8453000000000026,2,7,6.510041520575165
CHEMBL220294,CCOC(=O)C1=C(C)Nc2nc3c(c(N)c2C1c1cccc([N+](=O)[O-])c1)CCCC3,active,408.45800000000025,3.8453000000000026,2,7,6.718966632752273
CHEMBL219400,CCOC(=O)C1=C(C)Nc2nc3c(c(N)c2C1c1ccccc1[N+](=O)[O-])CCCC3,active,408.45800000000025,3.8453000000000026,2,7,6.471083299722345
CHEMBL219172,CCOC(=O)C1=C(C)Nc2nc3c(c(N)c2C1c1ccc(F)cc1)CCCC3,active,381.4510000000002,4.076200000000003,2,5,6.714442690992226
CHEMBL218939,CCOC(=O)C1=C(C)Nc2nc3c(c(N)c2C1c1ccccc1)CCCC3,active,363.4610000000002,3.9371000000000027,2,5,6.913640169325252
CHEMBL266084,COc1ccc2[nH]c3c(c2c1)CCNC3,inactive,202.25699999999998,1.8222,2,2,5.0
CHEMBL221811,COc1ccc2[nH]c3c(c2c1)CCNC3C,inactive,216.284,2.3832000000000004,2,2,5.0
CHEMBL80619,COc1ccc2[nH]c3cnccc3c2c1,inactive,198.225,2.7247000000000003,1,2,5.0
CHEMBL221794,COc1ccc2c(c1)c1ccncc1n2C,inactive,212.252,2.7351,0,3,5.0
CHEMBL278193,COc1ccc2[nH]c3c(C)nccc3c2c1,inactive,212.252,3.033120000000001,1,2,5.0
CHEMBL376011,Oc1ccc2[nH]c3cnccc3c2c1,inactive,184.198,2.4217000000000004,2,2,5.0
CHEMBL373674,Cn1c2ccc(O)cc2c2ccncc21,inactive,198.225,2.4321,1,3,5.0
CHEMBL376012,Cc1nccc2c1[nH]c1ccc(O)cc12,inactive,198.225,2.7301200000000003,2,2,5.0
CHEMBL220849,Cc1nccc2c3cc(O)ccc3n(C)c12,inactive,212.25199999999998,2.740520000000001,1,3,5.0
CHEMBL220959,COc1ccc2c(c1)c1cc[n+](C)c(C)c1n2C,inactive,241.314,2.47302,0,2,5.0
CHEMBL659,COc1ccc2c3c1O[C@H]1C[C@@H](O)C=C[C@@]31CCN(C)C2,active,287.35900000000004,1.8503,1,4,6.221848749616356
CHEMBL659,COc1ccc2c3c1O[C@H]1C[C@@H](O)C=C[C@@]31CCN(C)C2,active,287.35900000000004,1.8503,1,4,6.197000636988295
CHEMBL375862,Cc1c2[nH]c3ccc(O)cc3c2cc[n+]1C,active,213.26,2.1596199999999994,2,1,6.0
CHEMBL375862,Cc1c2[nH]c3ccc(O)cc3c2cc[n+]1C,active,213.26,2.1596199999999994,2,1,6.007000488029277
CHEMBL374729,COc1ccc2[nH]c3c(C)[n+](C)ccc3c2c1,active,227.287,2.4626200000000003,1,1,6.096910013008056
CHEMBL374729,COc1ccc2[nH]c3c(C)[n+](C)ccc3c2c1,active,227.287,2.4626200000000003,1,1,6.122001281253067
CHEMBL375077,COc1ccc2c(c1)c1ccnc(C)c1n2C,inactive,226.279,3.043520000000001,0,3,4.928117992693875
CHEMBL375077,COc1ccc2c(c1)c1ccnc(C)c1n2C,inactive,226.279,3.043520000000001,0,3,4.928999990234622
CHEMBL636,CCN(C)C(=O)Oc1cccc([C@H](C)N(C)C)c1,inactive,250.34199999999998,2.7597000000000014,0,3,4.318758762624412
CHEMBL94,CNC(=O)Oc1ccc2c(c1)[C@]1(C)CCN(C)[C@@H]1N2C,active,275.352,1.7739,1,4,6.301029995663981
CHEMBL94,CNC(=O)Oc1ccc2c(c1)[C@]1(C)CCN(C)[C@@H]1N2C,active,275.352,1.7739,1,4,6.307003349819062
CHEMBL71851,COc1cc2ccc(=O)oc2cc1O,inactive,192.17,1.5071999999999997,1,4,3.7731424297112763
CHEMBL94,CNC(=O)Oc1ccc2c(c1)[C@]1(C)CCN(C)[C@@H]1N2C,active,275.352,1.7739,1,4,7.869988050328096
CHEMBL502,COc1cc2c(cc1OC)C(=O)C(CC1CCN(Cc3ccccc3)CC1)C2,active,379.50000000000017,4.361100000000004,0,4,7.6399749108106025
CHEMBL95,Nc1c2c(nc3ccccc13)CCCC2,active,198.26899999999992,2.695800000000001,1,2,6.369999510099088
CHEMBL611732,CCN(CCCCCCNc1ccc(CCc2ccc(NCCCCCCN(CC)Cc3ccccc3OC)cc2)cc1)Cc1ccccc1OC,inactive,707.0600000000003,10.477799999999995,2,6,4.510000060783275
CHEMBL222043,CC[N+](C)(CCCCCC(=O)Nc1ccc(CCc2ccc(NC(=O)CCCCC[N+](C)(CC)Cc3ccccc3OC)cc2)cc1)Cc1ccccc1OC.[I-].[I-],active,1018.9040000000003,3.828200000000007,2,4,6.919987152892072
CHEMBL221992,CC[N+](C)(CCCCCC(=O)N1CCC(CCCC2CCN(C(=O)CCCCC[N+](C)(CC)Cc3ccccc3OC)CC2)CC1)Cc1ccccc1OC.[I-].[I-],active,1016.9730000000001,3.1133000000000095,0,4,8.240030142445693
CHEMBL19949,CC[N+](C)(CCCCCC(=O)N1CCC(CCC2CCN(C(=O)CCCCC[N+](C)(CC)Cc3ccccc3OC)CC2)CC1)Cc1ccccc1OC.[I-].[I-],active,1002.946,2.7232000000000083,0,4,8.240030142445693
CHEMBL222875,CCN(CCCCCC(=O)Nc1ccc(CCc2ccc(NC(=O)CCCCCN(CC)Cc3ccccc3OC)cc2)cc1)Cc1ccccc1OC.O=C(O)C(=O)O,active,825.0600000000004,8.68660000000001,4,8,6.770011163455189
CHEMBL222818,CCN(CCCCCC(=O)Nc1ccc(Cc2ccc(NC(=O)CCCCCN(CC)Cc3ccccc3OC)cc2)cc1)Cc1ccccc1OC.O=C(O)C(=O)O,active,811.0330000000005,8.492200000000008,4,8,7.199970640755866
CHEMBL222340,CCN(CCCCCC(=O)Nc1ccc(-c2ccc(NC(=O)CCCCCN(CC)Cc3ccccc3OC)cc2)cc1)Cc1ccccc1OC.O=C(O)C(=O)O,active,797.0060000000004,8.56840000000001,4,8,7.439973751087107
CHEMBL222378,CCN(CCCCCC(=O)N1CCC(CCCC2CCN(C(=O)CCCCCN(CC)Cc3ccccc3OC)CC2)CC1)Cc1ccccc1OC.O=C(O)C(=O)O,active,823.1290000000001,7.971700000000009,2,8,8.179995693191682
CHEMBL387394,CCN(CCCCCC(=O)N1CCC(CCC2CCN(C(=O)CCCCCN(CC)Cc3ccccc3OC)CC2)CC1)Cc1ccccc1OC.O=C(O)C(=O)O,active,809.1020000000001,7.581600000000009,2,8,8.130005999878259
CHEMBL222946,CCN(CCCCCC(=O)N1CCC(CC2CCN(C(=O)CCCCCN(CC)Cc3ccccc3OC)CC2)CC1)Cc1ccccc1OC.O=C(O)C(=O)O,active,795.075,7.1915000000000076,2,8,8.480040819247932
CHEMBL222904,CCN(CCCCCC(=O)N1CCC(C2CCN(C(=O)CCCCCN(CC)Cc3ccccc3OC)CC2)CC1)Cc1ccccc1OC.O=C(O)C(=O)O,active,781.0480000000001,6.801400000000006,2,8,8.480040819247932
CHEMBL385130,CCN(CCCCCC(=O)N(C)CCCCCCCCN(C)C(=O)CCCCCN(CC)Cc1ccccc1OC)Cc1ccccc1OC.O=C(O)C(=O)O,active,785.0800000000004,7.581600000000009,2,8,7.730020323354676
CHEMBL222856,COc1ccccc1CN(C)CCCCCC(=O)N(C)CCCCCCCCN(C)C(=O)CCCCCN(C)Cc1ccccc1OC.O=C(O)C(=O)O,active,757.0260000000004,6.801400000000007,2,8,6.770011163455189
CHEMBL225567,O=C(CCc1c[nH]c2ccccc12)NCCCCCCNc1c2c(nc3cc(Cl)ccc13)CCCC2,active,503.0900000000003,6.969600000000006,3,3,10.154901959985743
CHEMBL225198,O=C(CCc1c[nH]c2ccccc12)NCCCCCCCNc1c2c(nc3cc(Cl)ccc13)CCCC2,active,517.1170000000003,7.359700000000006,3,3,10.698970004336019
CHEMBL223443,O=C(Cc1c[nH]c2ccccc12)NCCCCCCCNc1c2c(nc3cc(Cl)ccc13)CCCC2,active,503.0900000000003,6.969600000000006,3,3,9.920818753952375
CHEMBL225326,O=C(Cc1c[nH]c2ccc(Br)cc12)NCCCCCCCNc1c2c(nc3cc(Cl)ccc13)CCCC2,active,581.9860000000001,7.732100000000006,3,3,9.638272163982407
CHEMBL225021,O=C(CCCc1c[nH]c2ccccc12)NCCCCCNc1c2c(nc3cc(Cl)ccc13)CCCC2,active,503.0900000000003,6.969600000000006,3,3,9.886056647693163
CHEMBL225326,O=C(Cc1c[nH]c2ccc(Br)cc12)NCCCCCCCNc1c2c(nc3cc(Cl)ccc13)CCCC2,inactive,581.9860000000001,7.732100000000006,3,3,4.823908740944319
CHEMBL345124,CC[N+](C)(CC)CCC[n+]1c(-c2ccccc2)c2cc(N)ccc2c2ccc(N)cc21.[I-].[I-],inactive,668.4050000000002,-1.0035999999999945,2,2,4.886056647693163
CHEMBL189957,CNC(=O)Oc1cccc(CN(C)CCCCCCCOc2ccc3c(=O)c4ccccc4oc3c2)c1,active,502.6110000000002,6.125700000000006,1,6,9.494850021680094
CHEMBL340427,CNC(=O)Oc1cccc(CN(C)CCCOc2ccc3c(=O)c4ccccc4oc3c2)c1,active,446.5030000000001,4.565300000000004,1,6,9.522878745280337
CHEMBL387849,COc1ccc(CN(C)CCCCCCCOc2ccc3c(=O)c4ccccc4oc3c2)c(OC)c1OC,inactive,519.6380000000003,6.433300000000008,0,7,3.8096683018297086
CHEMBL225615,COc1ccc(OC)c(CN(C)CCCCCCCOc2ccc3c(=O)c4ccccc4oc3c2)c1,inactive,489.6120000000002,6.424700000000007,0,6,3.896196279044043
CHEMBL389668,COc1cccc(CN(C)CCCCCCCOc2ccc3c(=O)c4ccccc4oc3c2)c1OC,inactive,489.6120000000002,6.424700000000008,0,6,3.8601209135987635
CHEMBL224811,CN(CCCCCCCOc1ccc2c(=O)c3ccccc3oc2c1)Cc1ccccc1[N+](=O)[O-],inactive,474.55700000000024,6.315700000000006,0,6,3.384049948343599
CHEMBL225638,Cc1ccccc1CN(C)CCCCCCCOc1ccc2c(=O)c3ccccc3oc2c1,inactive,443.5870000000001,6.715920000000007,0,4,3.2479515521805613
CHEMBL223652,CN(CCCCCCCOc1ccc2c(=O)c3ccccc3oc2c1)Cc1ccc(Cl)cc1,inactive,464.0050000000002,7.060900000000006,0,4,2.9788107009300617
CHEMBL375976,CN(CCCCCCCOc1ccc2c(=O)c3ccccc3oc2c1)Cc1cccc(Cl)c1,inactive,464.0050000000002,7.060900000000006,0,4,3.2262135550188065
CHEMBL225453,CN(CCCCCCCOc1ccc2c(=O)c3ccccc3oc2c1)Cc1ccccc1Cl,inactive,464.0050000000002,7.060900000000006,0,4,3.3635121036466344
CHEMBL225396,COc1ccc(CN(C)CCCCCCCOc2ccc3c(=O)c4ccccc4oc3c2)cc1,inactive,459.5860000000001,6.416100000000007,0,5,3.4436974992327127
CHEMBL225451,COc1cccc(CN(C)CCCCCCCOc2ccc3c(=O)c4ccccc4oc3c2)c1,inactive,459.5860000000001,6.416100000000007,0,5,4.3979400086720375
CHEMBL224555,CN(CCCCCCCCCCCCOc1ccc2c(=O)c3ccccc3oc2c1)Cc1ccccc1,inactive,499.6950000000002,8.358000000000008,0,4,3.041914151478915
CHEMBL224347,CN(CCCCCCCCCCCOc1ccc2c(=O)c3ccccc3oc2c1)Cc1ccccc1,inactive,485.66800000000023,7.967900000000009,0,4,3.2034256667895704
CHEMBL390598,CN(CCCCCCCCCCOc1ccc2c(=O)c3ccccc3oc2c1)Cc1ccccc1,inactive,471.6410000000002,7.577800000000009,0,4,3.4111682744057927
CHEMBL427090,CN(CCCCCCCCCOc1ccc2c(=O)c3ccccc3oc2c1)Cc1ccccc1,inactive,457.6140000000002,7.187700000000008,0,4,3.8181564120552274
CHEMBL224469,CN(CCCCCCCCOc1ccc2c(=O)c3ccccc3oc2c1)Cc1ccccc1,inactive,443.58700000000016,6.797600000000007,0,4,4.987162775294828
CHEMBL376327,C[C@H]1C=C2N3CC[C@@H](O)C24[C@H](CC(=O)[C@H]4C[C@H](O)C3)C1,inactive,277.36400000000003,0.9328999999999998,2,4,4.554395796726403
CHEMBL229334,CC1=C[C@H]2[C@H](O)C(=O)[C@H]3CCCN4CCC[C@H]2[C@]34C1,inactive,261.36499999999995,1.7570000000000001,1,3,4.777283528852417
CHEMBL75121,COc1cc2cc(-c3ccc(CN(C)Cc4ccccc4)cc3)c(=O)oc2cc1OC,active,415.48900000000015,5.109200000000005,0,5,7.351639989019068
CHEMBL396199,COc1cc2cc(-c3ccc(C[N+](C)(C)Cc4ccccc4)cc3)c(=O)oc2cc1OC.[I-],active,557.4280000000001,2.2577999999999996,0,4,7.978810700930062
CHEMBL241830,COc1ccc2c(=O)cc(-c3ccc(CN(C)Cc4ccccc4)cc3)oc2c1,inactive,385.463,5.1006000000000045,0,4,4.094204119632131
CHEMBL241828,COc1ccc2oc(-c3ccc(CN(C)Cc4ccccc4)cc3)cc(=O)c2c1,inactive,385.4630000000001,5.1006000000000045,0,4,4.7423214251308154
CHEMBL244624,CN(Cc1ccccc1)Cc1ccc(-c2cc3cc(N)ccc3oc2=O)cc1,active,370.45200000000006,4.674200000000003,1,4,6.55129368009492
CHEMBL244619,CN(Cc1ccccc1)Cc1ccc(-c2cc3cc([N+](=O)[O-])ccc3oc2=O)cc1,active,400.4340000000001,5.000200000000005,0,5,6.8297382846050425
CHEMBL396247,COc1cc2cc(-c3ccc(CN(CCO)Cc4ccccc4)cc3)c(=O)oc2cc1OC,active,445.51500000000016,4.471700000000004,1,6,7.30715308072277
CHEMBL244416,CCN(Cc1ccccc1)Cc1ccc(-c2cc3cc(OC)c(OC)cc3oc2=O)cc1,active,429.5160000000002,5.499300000000006,0,5,7.73754891026957
CHEMBL245047,COc1cccc(CN(C)Cc2ccc(-c3cc4cc(OC)c(OC)cc4oc3=O)cc2)c1,active,445.5150000000002,5.117800000000005,0,6,6.146301788223825
CHEMBL389825,COc1ccccc1CN(C)Cc1ccc(-c2cc3cc(OC)c(OC)cc3oc2=O)cc1,active,445.5150000000002,5.117800000000005,0,6,7.20690839982342
CHEMBL245046,COc1cc2cc(-c3ccc(CN(C)Cc4ccc(C)cc4)cc3)c(=O)oc2cc1OC,active,429.5160000000002,5.417620000000006,0,5,6.508638306165727
CHEMBL427865,COc1cc2cc(-c3ccc(CN(C)Cc4cccc(C)c4)cc3)c(=O)oc2cc1OC,active,429.5160000000002,5.417620000000006,0,5,6.913640169325252
CHEMBL243130,COc1cc2cc(-c3ccc(CN(C)Cc4ccccc4C)cc3)c(=O)oc2cc1OC,active,429.5160000000002,5.417620000000006,0,5,6.436518914605589
CHEMBL242906,COc1cc2cc(-c3ccc(CN(C)Cc4ccc([N+](=O)[O-])cc4)cc3)c(=O)oc2cc1OC,inactive,460.4860000000002,5.017400000000005,0,7,4.609064892896621
CHEMBL242905,COc1cc2cc(-c3ccc(CN(C)Cc4cccc([N+](=O)[O-])c4)cc3)c(=O)oc2cc1OC,active,460.4860000000002,5.017400000000005,0,7,6.434152181326482
CHEMBL265416,COc1cc2cc(-c3ccc(CN(C)Cc4ccccc4[N+](=O)[O-])cc3)c(=O)oc2cc1OC,active,460.4860000000002,5.017400000000006,0,7,6.005682847330363
CHEMBL243532,COc1ccc2oc(=O)c(-c3ccc(CN(C)Cc4ccccc4)cc3)cc2c1,active,385.463,5.1006000000000045,0,4,6.787812395596042
CHEMBL413794,COc1ccc2oc(=O)c(-c3cccc(CN(C)Cc4ccccc4)c3)cc2c1,active,385.4630000000001,5.1006000000000045,0,4,6.518557371497695
CHEMBL413793,COc1ccc2cc(-c3ccc(CN(C)Cc4ccccc4)cc3)c(=O)oc2c1,active,385.4630000000001,5.1006000000000045,0,4,6.049635145623877
CHEMBL243310,COc1cc2cc(-c3cccc(CN(C)Cc4ccccc4)c3)c(=O)oc2cc1OC,active,415.48900000000015,5.109200000000005,0,5,6.694648630553377
CHEMBL244837,COc1cc2oc3cc(CN(C)Cc4ccccc4)ccc3c(=O)c2cc1OC,inactive,389.45100000000014,4.595400000000004,0,5,4.518557371497695
CHEMBL557586,COc1ccccc1CN(C)CCCCCC(=O)N(C)CCCCCCCCN(C)C(=O)CCCCCN(C)Cc1ccccc1OC.Cl.Cl,active,739.9140000000003,8.489400000000005,0,6,6.769551078621726
CHEMBL345124,CC[N+](C)(CC)CCC[n+]1c(-c2ccccc2)c2cc(N)ccc2c2ccc(N)cc21.[I-].[I-],inactive,668.4050000000002,-1.0035999999999945,2,2,4.490797477668897
CHEMBL502,COc1cc2c(cc1OC)C(=O)C(CC1CCN(Cc3ccccc3)CC1)C2,active,379.50000000000017,4.361100000000004,0,4,7.636388020107856
CHEMBL95,Nc1c2c(nc3ccccc13)CCCC2,active,198.26899999999992,2.695800000000001,1,2,6.372634143407267
CHEMBL241960,CCN(CCCCCCNC1=CC(=O)C(NCCCCCCN(CC)Cc2ccncc2)=CC1=O)Cc1ccncc1,active,574.8140000000004,5.040200000000004,2,8,6.716698771296451
CHEMBL241974,CCN(CCCCCCNC1=CC(=O)C(NCCCCCCN(CC)Cc2cccnc2)=CC1=O)Cc1cccnc1,active,574.8140000000004,5.040200000000004,2,8,6.876148359032914
CHEMBL244762,CCN(CCCCCCNC1=CC(=O)C(NCCCCCCN(CC)Cc2ccccn2)=CC1=O)Cc1ccccn1,active,574.8140000000004,5.040200000000004,2,8,6.903089986991944
CHEMBL390247,CCN(CCCCCCNC1=CC(=O)C(NCCCCCCN(CC)Cc2cccs2)=CC1=O)Cc1cccs1,active,584.8960000000004,6.373200000000007,2,8,7.218963061378868
CHEMBL276444,CCN(CCCCCCNC1=CC(=O)C(NCCCCCCN(CC)Cc2ccco2)=CC1=O)Cc1ccco1,active,552.7600000000006,5.436200000000005,2,8,6.841637507904751
CHEMBL243057,CCN(CCCCCCNC1=CC(=O)C(NCCCCCCN(CC)Cc2ccccc2Cl)=CC1=O)Cc1ccccc1Cl,active,641.7280000000002,7.557000000000008,2,6,6.226945306635737
CHEMBL243274,CCN(CCCCCCNC1=CC(=O)C(NCCCCCCN(CC)Cc2ccccc2C)=CC1=O)Cc1ccccc1C,active,600.8920000000004,6.867040000000007,2,6,7.1432711096171175
CHEMBL394865,CCN(CCCCCCNC1=CC(=O)C(NCCCCCCN(CC)Cc2cccc(OC)c2)=CC1=O)Cc1cccc(OC)c1,active,632.8900000000003,6.2674000000000065,2,8,7.860120913598763
CHEMBL242661,CCN(CCCCCCNC1=CC(=O)C(NCCCCCCN(CC)Cc2ccc(OC)cc2)=CC1=O)Cc1ccc(OC)cc1,active,632.8900000000003,6.2674000000000065,2,8,7.291579099865287
CHEMBL218443,CCN(CCCCCCNC1=CC(=O)C(NCCCCCCN(CC)Cc2ccccc2)=CC1=O)Cc1ccccc1,active,572.8380000000005,6.250200000000007,2,6,7.134896025358872
CHEMBL242836,COc1ccccc1CN(CCCCCCNC1=CC(=O)C(NCCCCCCN(Cc2ccccc2OC)C(C)C)=CC1=O)C(C)C,active,660.9440000000002,7.0444000000000075,2,8,7.889410289700751
CHEMBL242191,COc1ccccc1CN(C)CCCCCCNC1=CC(=O)C(NCCCCCCN(C)Cc2ccccc2OC)=CC1=O,active,604.8360000000004,5.487200000000005,2,8,7.1090204030103115
CHEMBL243044,COc1ccccc1CNCCCCCCNC1=CC(=O)C(NCCCCCCNCc2ccccc2OC)=CC1=O,active,576.7820000000003,4.802800000000003,4,8,6.910094888560602
CHEMBL242190,CCN(Cc1ccccc1OC)C(=O)CCCCCNC1=CC(=O)C(NCCCCCC(=O)N(CC)Cc2ccccc2OC)=CC1=O,inactive,660.8560000000003,5.320600000000005,2,8,4.935542010773082
CHEMBL394348,CCN(CCCCCCNC1=CC(=O)C(NCCCCCCN(CC)CCc2ccccc2OC)=CC1=O)CCc1ccccc1OC,active,660.9440000000003,6.3524000000000065,2,8,7.761953896871204
CHEMBL243273,CCN(CCCCCCCNC1=CC(=O)C(NCCCCCCCN(CC)Cc2ccccc2OC)=CC1=O)Cc1ccccc1OC,active,660.9440000000004,7.047600000000008,2,8,8.108462542327436
CHEMBL230702,CCN(CCCCCNC1=CC(=O)C(NCCCCCN(CC)Cc2ccccc2OC)=CC1=O)Cc1ccccc1OC,active,604.8360000000005,5.487200000000004,2,8,8.627087997029893
CHEMBL243272,CCN(CCCCNC1=CC(=O)C(NCCCCN(CC)Cc2ccccc2OC)=CC1=O)Cc1ccccc1OC,active,576.7820000000003,4.707000000000003,2,8,7.866461091629782
CHEMBL243271,CCN(CCCNC1=CC(=O)C(NCCCN(CC)Cc2ccccc2OC)=CC1=O)Cc1ccccc1OC,active,548.7280000000003,3.9268000000000027,2,8,8.647817481888637
CHEMBL243270,CCN(CCNC1=CC(=O)C(NCCN(CC)Cc2ccccc2OC)=CC1=O)Cc1ccccc1OC,active,520.6740000000002,3.146600000000002,2,8,7.211124884224583
CHEMBL230434,CCN(CCCCCCNc1ccc(NCCCCCCN(CC)Cc2ccccc2OC)cc1)Cc1ccccc1OC,active,602.9080000000005,8.692600000000006,2,6,7.371611069949688
CHEMBL396050,CCN(CCCCCCNC1=C(c2ccccc2)C(=O)C(NCCCCCCN(CC)Cc2ccccc2OC)=C(c2ccccc2)C1=O)Cc1ccccc1OC,active,785.0860000000002,9.322200000000002,2,8,6.910094888560602
CHEMBL243269,CCN(CCCCCCNC1=C(C)C(=O)C(NCCCCCCN(CC)Cc2ccccc2OC)=C(C)C1=O)Cc1ccccc1OC,active,660.9440000000004,7.047600000000008,2,8,8.022276394711152
CHEMBL243062,CCN(CCCCCCNC1=C(Br)C(=O)C(NCCCCCCN(CC)Cc2ccccc2OC)=C(Br)C1=O)Cc1ccccc1OC,active,790.6820000000002,7.712600000000009,2,8,8.575118363368933
CHEMBL243056,CCN(CCCCCCNC1=C(Cl)C(=O)C(NCCCCCCN(CC)Cc2ccccc2OC)=C(Cl)C1=O)Cc1ccccc1OC,active,701.7800000000003,7.400400000000009,2,8,8.515700160653214
CHEMBL243055,CCN(CCCCCCNC1=C(F)C(=O)C(NCCCCCCN(CC)Cc2ccccc2OC)=C(F)C1=O)Cc1ccccc1OC,active,668.8700000000003,6.861800000000008,2,8,8.286509456906057
CHEMBL242989,COc1ccccc1CNCCCCCC(=O)N1CCC(CCC2CCN(C(=O)CCCCCNCc3ccccc3OC)CC2)CC1,active,662.9600000000003,6.961400000000008,2,6,6.869988050328096
CHEMBL332051,CCCCC1=NC2(CCCC2)C(=O)N1Cc1ccc(-c2ccccc2C#N)cc1,active,385.5110000000001,5.4689800000000055,0,3,7.0835460514500745
CHEMBL392324,CCCCC1=NC2(CCCC2)C(=O)N1Cc1ccc(Br)cc1,active,363.299,4.6928000000000045,0,2,7.154901959985743
CHEMBL115835,CCCCC1=NC2(CCCC2)C(=O)N1Cc1ccc(-c2ccccc2C(=O)OC(C)(C)C)cc1,active,460.6180000000002,6.552600000000007,0,4,6.570570735618213
CHEMBL325502,CCCCC1=NC2(CCCC2)C(=O)N1Cc1ccc(-c2ccccc2C(=O)OC)cc1,active,418.53700000000015,5.383900000000005,0,4,6.618704376996174
CHEMBL397891,CCCCC1=NC2(CCCC2)C(=O)N1Cc1ccc(-c2ccccc2-n2nnnc2C(c2ccccc2)(c2ccccc2)c2ccccc2)cc1,active,670.8610000000002,8.955700000000002,0,6,6.4162346317150005
CHEMBL415675,CCCCC1=NC2(CCCC2)C(=O)N1CC(=O)c1ccc(Cl)cc1,active,346.85799999999995,4.2664000000000035,0,3,6.543026986364183
CHEMBL241011,CCCCC1=NC2(CCCC2)C(=O)N1Cc1cc2c(cc1C)OCO2,active,342.43900000000014,3.9674200000000033,0,4,6.635449004646028
CHEMBL240793,CCCCC1=NC2(CCCC2)C(=O)N1CCN1C(=O)c2ccccc2C1=O,active,367.44900000000007,3.0263000000000018,0,4,6.636764195516306
CHEMBL240792,CCCCC1=NC2(CCCC2)C(=O)N1Cc1ccc([N+](=O)[O-])cc1,active,329.40000000000003,3.8385000000000025,0,4,6.8683813356508745
CHEMBL398406,CCCCC1=NC2(CCCC2)C(=O)N1Cc1cc(OC)c(OC)cc1Br,active,423.3510000000001,4.710000000000004,0,4,7.0835460514500745
CHEMBL54126,CN(C)C(=O)Oc1cccc([N+](C)(C)C)c1.[Br-],active,303.19999999999993,-1.052299999999998,0,2,7.346787486224656
CHEMBL237870,CN[C@@H](C)[C@H]1[C@H](O)C[C@@]2(C)[C@@H]3CC[C@@H]4C(=CC[C@@H]5N=C(C(C)C)OC[C@]54C)C[C@H]3C(=O)C[C@]12C,active,470.6980000000003,4.782700000000004,2,5,6.286509456906058
CHEMBL396190,CC(C)C1=N[C@H]2CC=C3C[C@H]4C(=O)C[C@]5(C)[C@@H]([C@H](C)N(C)C)[C@H](OC(=O)C(C)(C)C)C[C@@]5(C)[C@@H]4CC[C@H]3[C@]2(C)CO1,active,568.8430000000003,6.721900000000009,0,6,6.0762380391713
CHEMBL393212,CC[C@H](C)C1=N[C@H]2CC=C3C[C@H]4C(=O)C[C@]5(C)[C@@H]([C@H](C)N(C)C)[C@H](O)C[C@@]5(C)[C@@H]4CC[C@H]3[C@]2(C)CO1,active,498.75200000000035,5.515000000000006,1,5,6.576754126063192
CHEMBL241536,C[C@@H]([C@H]1[C@H](O)C[C@@]2(C)[C@@H]3CC[C@@H]4C(=CC[C@@H]5N=C(C(C)(C)C)OC[C@]54C)C[C@H]3C(=O)C[C@]12C)N(C)C,active,498.7520000000004,5.515000000000006,1,5,6.454692883534176
CHEMBL393621,CC(C)C1=N[C@H]2CC=C3CC4C(=O)C[C@]5(C)[C@@H]([C@H](C)N(C)C)[C@H](O)C[C@@]5(C)[C@@H]4CC[C@H]3[C@]2(C)CO1,active,484.7250000000003,5.124900000000006,1,5,6.52432881167557
CHEMBL238994,O=C(Oc1ccc(Oc2ccc(C(F)(F)F)cn2)cc1)N1CCC(O)CC1,inactive,382.33800000000014,3.848200000000003,1,5,4.301029995663981
CHEMBL238785,CC1CCN(C(=O)Oc2ccc(Oc3ccc(C(F)(F)F)cn3)cc2)CC1,inactive,380.3660000000001,5.123400000000004,0,4,4.301029995663981
CHEMBL238573,CC1CCCN(C(=O)Oc2ccc(Oc3ccc(C(F)(F)F)cn3)cc2)C1,inactive,380.36600000000004,5.123400000000004,0,4,4.301029995663981
CHEMBL238572,CC1CCCCN1C(=O)Oc1ccc(Oc2ccc(C(F)(F)F)cn2)cc1,inactive,380.36600000000004,5.265900000000004,0,4,4.301029995663981
CHEMBL238571,COc1ccc(N(C)C(=O)Oc2ccc(Oc3ccc(C(F)(F)F)cn3)cc2)cc1,inactive,418.37100000000004,5.536500000000004,0,5,4.301029995663981
CHEMBL241762,COc1ccccc1N(C)C(=O)Oc1ccc(Oc2ccc(C(F)(F)F)cn2)cc1,inactive,418.37100000000004,5.536500000000004,0,5,4.301029995663981
CHEMBL241761,CN(C(=O)Oc1ccc(Oc2ccc(C(F)(F)F)cn2)cc1)c1ccc(Cl)cc1,inactive,422.7900000000001,6.181300000000004,0,4,4.301029995663981
CHEMBL392385,CN(C(=O)Oc1ccc(Oc2ccc(C(F)(F)F)cn2)cc1)c1cccc(Cl)c1,inactive,422.7900000000001,6.181300000000004,0,4,4.301029995663981
CHEMBL241760,CN(C(=O)Oc1ccc(Oc2ccc(C(F)(F)F)cn2)cc1)c1ccccc1Cl,inactive,422.7900000000001,6.181300000000004,0,4,4.301029995663981
CHEMBL241554,Cc1ccc(N(C)C(=O)Oc2ccc(Oc3ccc(C(F)(F)F)cn3)cc2)cc1,inactive,402.372,5.836320000000004,0,4,4.301029995663981
CHEMBL241553,Cc1cccc(N(C)C(=O)Oc2ccc(Oc3ccc(C(F)(F)F)cn3)cc2)c1,inactive,402.372,5.836320000000004,0,4,4.301029995663981
CHEMBL241552,Cc1ccccc1N(C)C(=O)Oc1ccc(Oc2ccc(C(F)(F)F)cn2)cc1,inactive,402.372,5.836320000000004,0,4,4.301029995663981
CHEMBL393758,O=C(Oc1ccc(Oc2ccc(C(F)(F)F)cn2)cc1)N1CCCc2ccc(C(F)(F)F)cc21,inactive,482.38000000000017,6.863100000000005,0,4,4.301029995663981
CHEMBL239633,O=C(Oc1ccc(Oc2ccc(C(F)(F)F)cn2)cc1)N1CCc2ccccc2C1,inactive,414.38300000000015,5.449800000000004,0,4,4.301029995663981
CHEMBL241548,O=C(Oc1ccc(Oc2ccc(C(F)(F)F)cn2)cc1)N1CCCCC1,inactive,366.33900000000017,4.877400000000003,0,4,4.301029995663981
CHEMBL397168,CC1CN(C(=O)Oc2ccc(Oc3ccc(C(F)(F)F)cn3)cc2)CC(C)O1,inactive,396.36500000000007,4.500700000000005,0,5,4.301029995663981
CHEMBL237189,O=C(Oc1ccc(Oc2ccc(C(F)(F)F)cn2)cc1)N1CCOCC1,inactive,368.31100000000015,3.7237000000000027,0,5,4.301029995663981
CHEMBL392100,O=C(Oc1ccc(Oc2ccc(C(F)(F)F)cn2)cc1)N1CCc2ccccc21,inactive,400.3560000000001,5.454200000000004,0,4,4.301029995663981
CHEMBL392099,O=C(Oc1ccc(Oc2ccc(C(F)(F)F)cn2)cc1)N1Cc2ccccc2C1,inactive,400.3560000000001,5.407300000000004,0,4,4.301029995663981
CHEMBL238293,O=C(Oc1ccc(Oc2ccc(C(F)(F)F)cn2)cc1)N1CCCC1,inactive,352.3120000000001,4.487300000000003,0,4,4.301029995663981
CHEMBL393149,CCN(Cc1ccccc1)C(=O)Oc1ccc(Oc2ccc(C(F)(F)F)cn2)cc1,inactive,416.399,5.913600000000004,0,4,4.301029995663981
CHEMBL235761,CN(Cc1ccccc1)C(=O)Oc1ccc(Oc2ccc(C(F)(F)F)cn2)cc1,inactive,402.37199999999996,5.523500000000004,0,4,4.301029995663981
CHEMBL438324,CN(C(=O)Oc1ccc(Oc2ccc(C(F)(F)F)cn2)cc1)C1CCCCC1,inactive,394.3930000000002,5.656000000000004,0,4,4.301029995663981
CHEMBL235759,CN(C(=O)Oc1ccc(Oc2ccc(C(F)(F)F)cn2)cc1)C(C)(C)C,inactive,368.3550000000001,5.121800000000004,0,4,4.301029995663981
CHEMBL238257,CC(C)N(C)C(=O)Oc1ccc(Oc2ccc(C(F)(F)F)cn2)cc1,inactive,354.328,4.731700000000004,0,4,4.301029995663981
CHEMBL238256,CN(C(=O)Oc1ccc(Nc2ccc(C(F)(F)F)cn2)cc1)c1ccccc1,inactive,387.36100000000005,5.479200000000004,1,4,4.301029995663981
CHEMBL238085,CN(C(=O)Oc1ccc(Oc2ccc(C(F)(F)F)cn2)cc1)c1ccccc1,inactive,388.345,5.527900000000004,0,4,4.301029995663981
CHEMBL235751,CN(C(=O)Oc1ccc(Oc2ccc(Cl)cn2)cc1)c1ccccc1,inactive,354.79300000000006,5.162500000000003,0,4,4.301029995663981
CHEMBL238067,CN(C(=O)Oc1ccc(Oc2ncc(C(F)(F)F)cc2Cl)cc1)c1ccccc1,inactive,422.79,6.181300000000004,0,4,4.301029995663981
CHEMBL391356,CN(C(=O)Oc1ccc(Oc2c(Cl)cncc2Cl)cc1)c1ccccc1,inactive,389.23800000000006,5.815900000000004,0,4,4.301029995663981
CHEMBL238764,CN(C(=O)Oc1ccc(Oc2ccccc2)cc1)c1ccccc1,inactive,319.36,5.114100000000004,0,3,4.301029995663981
CHEMBL236173,O=C(Oc1ccc(Oc2ncc(Cl)cc2Cl)cc1)N1CCCC1,inactive,353.20500000000015,4.775300000000003,0,4,4.301029995663981
CHEMBL239418,CN(C(=O)Oc1ccc(Oc2ncc(Cl)cc2Cl)cc1)c1ccccc1,inactive,389.23800000000006,5.815900000000004,0,4,4.301029995663981
CHEMBL397160,O=C(Oc1ccc(Oc2ncc(Cl)cc2Cl)cc1)N1CCOCC1,inactive,369.2040000000002,4.011700000000003,0,5,4.301029995663981
CHEMBL239207,CN(C)C(=O)Oc1ccc(Oc2ncc(Cl)cc2Cl)cc1,inactive,327.16700000000003,4.241100000000003,0,4,4.301029995663981
CHEMBL241127,CCCCNC(=O)Oc1ccc(Oc2ncc(Cl)cc2Cl)cc1,inactive,355.221,5.069200000000003,1,4,4.301029995663981
CHEMBL1203985,CC[N+](CC)(CC)CCOc1ccc(C(=O)NCCCCCC(=O)NNc2c3c(nc4ccccc24)CCCC3)cc1.Cl.[Br-],active,691.1550000000002,3.2282000000000033,3,5,8.118615343229427
CHEMBL1677,Cl.Nc1c2c(nc3ccccc13)CCCC2,active,234.72999999999996,3.1176000000000013,1,2,6.866461091629782
CHEMBL360055,CC[N+](CC)(CC)CCOc1cccc(OCC[N+](CC)(CC)CC)c1OCC[N+](CC)(CC)CC,inactive,510.8280000000005,5.452500000000005,0,3,2.6757175447023074
CHEMBL95,Nc1c2c(nc3ccccc13)CCCC2,active,198.26899999999992,2.695800000000001,1,2,6.033389013318065
CHEMBL555247,CC[N+](CC)(CC)CCOc1cc(OCC[N+](CC)(CC)CC)c(C(=O)NCCCCCC(=O)NNc2c3c(nc4cc(Cl)ccc24)CCCC3)cc1OCC[N+](CC)(CC)CC.[Br-].[Br-].[Br-],active,1137.4229999999993,-0.02160000000000495,3,7,8.184422251675732
CHEMBL1203984,CC[N+](CC)(CC)CCOc1cc(OCC[N+](CC)(CC)CC)c(C(=O)NCCCCCC(=O)NNc2c3c(nc4ccccc24)CCCC3)cc1OCC[N+](CC)(CC)CC.Cl.[Br-].[Br-].[Br-],active,1139.4389999999994,-0.2532000000000056,3,7,7.634512015109101
CHEMBL540132,CC[N+](CC)(CC)CCOc1cc(OCC[N+](CC)(CC)CC)cc(C(=O)NCCCCCC(=O)NNc2c3c(nc4cc(Cl)ccc24)CCCC3)c1.[Br-].[Br-],active,913.2809999999998,1.7191000000000078,3,6,8.170696227168975
CHEMBL1203986,CC[N+](CC)(CC)CCOc1cc(OCC[N+](CC)(CC)CC)cc(C(=O)NCCCCCC(=O)NNc2c3c(nc4ccccc24)CCCC3)c1.Cl.[Br-].[Br-],active,915.2969999999999,1.487500000000007,3,6,7.801342913045577
CHEMBL540131,CC[N+](CC)(CC)CCOc1ccc(C(=O)NCCCCCC(=O)NNc2c3c(nc4cc(Cl)ccc24)CCCC3)cc1.[Br-],active,689.139,3.459800000000003,3,5,8.26440110030182
CHEMBL1203984,CC[N+](CC)(CC)CCOc1cc(OCC[N+](CC)(CC)CC)c(C(=O)NCCCCCC(=O)NNc2c3c(nc4ccccc24)CCCC3)cc1OCC[N+](CC)(CC)CC.Cl.[Br-].[Br-].[Br-],inactive,1139.4389999999994,-0.2532000000000056,3,7,2.8297382846050425
CHEMBL95,Nc1c2c(nc3ccccc13)CCCC2,active,198.26899999999992,2.695800000000001,1,2,6.372634143407267
CHEMBL235014,c1ccc2c(NCCOCCOCCNc3c4c(nc5ccccc35)CCCC4)c3c(nc2c1)CCCC3,active,510.6820000000004,6.0978000000000065,2,6,7.705533773838407
CHEMBL440983,O=C(NCCNc1c2c(nc3ccccc13)CCCC2)C(=O)NCCNc1c2c(nc3ccccc13)CCCC2,active,536.6800000000002,4.297000000000003,4,6,8.177178354696895
CHEMBL238230,O=C(CCCNc1c2c(nc3ccccc13)CCCC2)CCCNc1c2c(nc3ccccc13)CCCC2,active,506.6940000000004,7.194100000000007,2,5,8.73754891026957
CHEMBL32823,c1ccc2c(NCCCCCCCNc3c4c(nc5ccccc35)CCCC4)c3c(nc2c1)CCCC3,active,492.7110000000004,8.015100000000007,2,4,9.09151498112135
CHEMBL95,Nc1c2c(nc3ccccc13)CCCC2,active,198.26899999999992,2.695800000000001,1,2,6.698970004336019
CHEMBL251077,CC(=O)O[C@H]1[C@H]2c3cc4c(cc3CN3CCC(=C[C@@H]1O)[C@H]23)OCO4,active,329.35200000000003,1.3193999999999997,1,6,6.017728766960431
CHEMBL1524,CN1CC[C@@]23C=C[C@H](O)C[C@@H]2Oc2c(O)ccc(c23)C1,active,273.332,1.5473,2,4,7.0
CHEMBL401114,CO[C@@H]1C=C[C@@]23c4cc5c(cc4CN(C[C@@H]2O)[C@H]3C1)OCO5,inactive,301.34200000000004,1.1866999999999996,1,5,3.344861565188618
CHEMBL400092,O[C@H]1[C@H]2c3cc4c(cc3CN3CCC(=C[C@@H]1O)[C@H]23)OCO4,inactive,287.31500000000005,0.7485999999999997,2,5,3.8096683018297086
CHEMBL250688,COc1cc2c(c(OC)c1OC)C(=O)O[C@]21[C@H](O)[C@@H](O)C=C2CCN(C)[C@H]21,inactive,377.39300000000014,0.44399999999999995,2,8,3.94692155651658
CHEMBL374184,CCOC(=O)C1=C(C)Nc2nc3c(c(N)c2C1c1ccc(OC)cc1)CCCC3,active,393.48700000000025,3.945700000000003,2,6,7.346787486224656
CHEMBL199585,O=C(CCCCCCNc1c2c(nc3cc(Cl)cc(Cl)c13)CCCC2)NCCc1c[nH]c2ccccc12,active,537.5350000000004,7.623000000000007,3,3,11.096910013008056
CHEMBL194823,O=C(CCCCC1CCSS1)NCCCNc1c2c(nc3cc(Cl)ccc13)CCCC2,active,478.12700000000035,6.3993000000000055,2,5,9.602059991327963
CHEMBL134342,O=C(O)CCCC[C@@H]1CCSS1,active,206.332,2.7851000000000017,1,3,9.0
CHEMBL15056,c1ccc2c(NCCc3ccc(OCCCN4CCCCC4)cc3)c3c(nc2c1)CCCC3,active,443.63500000000033,6.023000000000007,1,4,8.585026652029182
CHEMBL195241,Cc1c(N2CCN(C)CC2)nc2ccccc2c1C(=O)NCCCCCCCNc1c2c(nc3ccccc13)CCCC2,active,578.8050000000002,6.5144200000000065,2,6,8.387216143280265
CHEMBL194372,CN[C@@H](CCOc1ccc([N+](=O)[O-])cc1)c1ccc(OC(=O)N(C)C)cc1,active,373.40900000000016,3.384800000000002,1,6,6.995678626217358
CHEMBL41,CNCCC(Oc1ccc(C(F)(F)F)cc1)c1ccccc1,inactive,309.33099999999996,4.435000000000003,1,2,5.0
CHEMBL255231,C#CCN[C@@H]1CCc2ccc(OC(=O)N(C)CC)cc21,inactive,272.34799999999996,2.347200000000001,1,3,4.280668713016273
CHEMBL255230,C#CCN[C@@H]1CCc2cc(Cl)c(OC(=O)N(C)CCC)cc21,inactive,320.8200000000001,3.3907000000000025,1,3,4.357535479757878
CHEMBL158946,C/N=C1/CCc2c1n(C)c1ccc(OC(=O)N(C)C)c(Br)c21,active,364.24300000000005,3.3663000000000025,0,4,7.221848749616356
CHEMBL225198,O=C(CCc1c[nH]c2ccccc12)NCCCCCCCNc1c2c(nc3cc(Cl)ccc13)CCCC2,active,517.1170000000003,7.359700000000006,3,3,10.221848749616356
CHEMBL225567,O=C(CCc1c[nH]c2ccccc12)NCCCCCCNc1c2c(nc3cc(Cl)ccc13)CCCC2,active,503.0900000000003,6.969600000000006,3,3,10.698970004336019
CHEMBL502,COc1cc2c(cc1OC)C(=O)C(CC1CCN(Cc3ccccc3)CC1)C2,active,379.50000000000017,4.361100000000004,0,4,7.638272163982407
CHEMBL257540,COc1ccccc1CNCCCNCCCNCCC[n+]1c(-c2ccccc2)c2cc(N)ccc2c2ccc(N)cc21,active,577.7970000000001,5.259800000000003,5,6,6.021363051615525
CHEMBL179455,Nc1ccc2c(c1)c(-c1ccccc1)[n+](CCCNCCCNCCCNc1c3c(nc4ccccc14)CCCC3)c1cc(N)ccc21,active,638.884,7.000500000000006,5,6,8.809668301829708
CHEMBL95,Nc1c2c(nc3ccccc13)CCCC2,active,198.26899999999992,2.695800000000001,1,2,6.376750709602099
CHEMBL345124,CC[N+](C)(CC)CCC[n+]1c(-c2ccccc2)c2cc(N)ccc2c2ccc(N)cc21.[I-].[I-],inactive,668.4050000000002,-1.0035999999999945,2,2,4.490797477668897
CHEMBL340427,CNC(=O)Oc1cccc(CN(C)CCCOc2ccc3c(=O)c4ccccc4oc3c2)c1,active,446.5030000000001,4.565300000000004,1,6,9.522878745280337
CHEMBL75121,COc1cc2cc(-c3ccc(CN(C)Cc4ccccc4)cc3)c(=O)oc2cc1OC,active,415.48900000000015,5.109200000000005,0,5,7.351639989019068
CHEMBL403260,CCN(CCCCCC(=O)Nc1ccc(-c2ccc(NC(=O)CCCCCN(CC)Cc3ccccc3OC)cc2)cc1)Cc1ccccc1OC,active,706.9720000000003,9.412800000000002,2,6,7.440093374963888
CHEMBL254016,CCN(CCCCCC(=O)N1CCC(C2CCN(C(=O)CCCCCN(CC)Cc3ccccc3OC)CC2)CC1)Cc1ccccc1OC,active,691.014,7.645800000000009,0,6,8.481486060122112
CHEMBL11805,COc1ccccc1CN(C)CCCCCC(=O)N(C)CCCCCCCCN(C)C(=O)CCCCCN(C)Cc1ccccc1OC,active,666.9920000000003,7.64580000000001,0,6,6.769551078621726
CHEMBL345124,CC[N+](C)(CC)CCC[n+]1c(-c2ccccc2)c2cc(N)ccc2c2ccc(N)cc21.[I-].[I-],inactive,668.4050000000002,-1.0035999999999945,2,2,4.899629454882437
CHEMBL636,CCN(C)C(=O)Oc1cccc([C@H](C)N(C)C)c1,active,250.34199999999998,2.7597000000000014,0,3,6.036212172654444
CHEMBL194823,O=C(CCCCC1CCSS1)NCCCNc1c2c(nc3cc(Cl)ccc13)CCCC2,inactive,478.12700000000035,6.3993000000000055,2,5,4.346787486224656
CHEMBL231160,CCN(CCCCCCNC1=CC(=O)C(NCCCCCCN(CC)Cc2ccccc2OC)=CC1=O)Cc1ccccc1OC,inactive,632.8900000000003,6.2674000000000065,2,8,4.548213564475709
CHEMBL32329,Clc1cccc(Cl)c1CO/N=C/c1cc[n+](CCCc2ccccc2)cc1,active,400.3290000000002,5.464400000000006,0,2,6.7447274948966935
CHEMBL75121,COc1cc2cc(-c3ccc(CN(C)Cc4ccccc4)cc3)c(=O)oc2cc1OC,active,415.48900000000015,5.109200000000005,0,5,7.351639989019068
CHEMBL244416,CCN(Cc1ccccc1)Cc1ccc(-c2cc3cc(OC)c(OC)cc3oc2=O)cc1,active,429.5160000000002,5.499300000000006,0,5,7.7447274948966935
CHEMBL271710,CCN(Cc1ccccc1)Cc1ccc(-c2cc3ccc(OCCNC(=O)CCc4ccc(F)c(F)c4)cc3oc2=O)cc1,active,596.6740000000003,6.888100000000007,1,5,6.485452247339714
CHEMBL26125,CCN(Cc1ccccc1)Cc1ccc(-c2cc3ccc(OCCNC(=O)Cc4cc(F)cc(F)c4)cc3oc2=O)cc1,active,582.6470000000003,6.498000000000006,1,5,6.7423214251308154
CHEMBL407904,CCN(Cc1ccccc1)Cc1ccc(-c2cc3cc(OCCNC(=O)/C=C/c4ccc(Cl)c(Cl)c4)ccc3oc2=O)cc1,inactive,627.5680000000002,7.997300000000006,1,5,3.5734887386354246
CHEMBL272700,CCN(Cc1ccccc1)Cc1ccc(-c2cc3cc(OCCNC(=O)Cc4cc(F)cc(F)c4)ccc3oc2=O)cc1,active,582.6470000000003,6.498000000000006,1,5,6.258848401148215
CHEMBL269865,O=C(CO[N+](=O)[O-])NCCCNc1c2c(nc3ccccc13)CCCC2,active,358.3980000000002,2.2401,2,6,7.549750891680639
CHEMBL95,Nc1c2c(nc3ccccc13)CCCC2,active,198.26899999999992,2.695800000000001,1,2,7.345823458122039
CHEMBL271385,CC(C)(C)C(=O)NCCCCNc1c2c(nc3ccccc13)CCCC2,active,353.51000000000016,4.4680000000000035,2,3,7.665546248849069
CHEMBL271746,CC(C)(CO[N+](=O)[O-])C(=O)NCCCCNc1c2c(nc3ccccc13)CCCC2,active,414.50600000000026,3.6564000000000023,2,6,6.645891560852599
CHEMBL270349,CC(C)(CO[N+](=O)[O-])C(=O)NCCCNc1c2c(nc3ccccc13)CCCC2,active,400.4790000000002,3.266300000000002,2,6,7.158015195409886
CHEMBL260964,O=C(CO/N=[N+](\[O-])N1CCCC1)NCCCCNc1c2c(nc3ccccc13)CCCC2,active,440.54800000000023,3.3268000000000013,2,6,7.294992040666664
CHEMBL273051,O=C(CO/N=[N+](\[O-])N1CCCC1)NCCCNc1c2c(nc3ccccc13)CCCC2,active,426.52100000000024,2.9367,2,6,7.449771646944906
CHEMBL260308,O=[N+]([O-])OCCCCCCNCCCCNc1c2c(nc3ccccc13)CCCC2,active,414.55000000000024,4.664000000000004,2,6,7.7423214251308154
CHEMBL407320,O=[N+]([O-])OCCCNCCCCNc1c2c(nc3ccccc13)CCCC2,active,372.46900000000016,3.4937000000000022,2,6,8.2518119729938
CHEMBL277984,O=[N+]([O-])OCCNCCCCNc1c2c(nc3ccccc13)CCCC2,active,358.4420000000002,3.103600000000001,2,6,7.954677021213342
CHEMBL261384,O=[N+]([O-])OCCCCCCNCCCNc1c2c(nc3ccccc13)CCCC2,active,400.5230000000002,4.273900000000004,2,6,8.200659450546418
CHEMBL270491,O=[N+]([O-])OCCCNCCCNc1c2c(nc3ccccc13)CCCC2,active,358.4420000000002,3.103600000000002,2,6,8.193820026016112
CHEMBL272229,O=[N+]([O-])OCCNCCCNc1c2c(nc3ccccc13)CCCC2,active,344.4150000000002,2.7135000000000007,2,6,8.0
CHEMBL272230,O=C(CCO[N+](=O)[O-])NCCCCNc1c2c(nc3ccccc13)CCCC2,active,386.45200000000017,3.0203000000000015,2,6,7.34008379993015
CHEMBL273078,O=C(CO[N+](=O)[O-])NCCCCNc1c2c(nc3ccccc13)CCCC2,active,372.4250000000002,2.6302000000000003,2,6,7.645891560852599
CHEMBL269863,O=C(CCO[N+](=O)[O-])NCCCNc1c2c(nc3ccccc13)CCCC2,active,372.4250000000002,2.6302000000000003,2,6,7.031517051446065
CHEMBL502,COc1cc2c(cc1OC)C(=O)C(CC1CCN(Cc3ccccc3)CC1)C2,active,379.50000000000017,4.361100000000004,0,4,6.795880017344075
CHEMBL259264,OCCC1CCN(Cc2ccc(OCCCN3CCCCC3)cc2)CC1,active,360.54200000000026,3.5358000000000027,1,4,6.455931955649724
CHEMBL345124,CC[N+](C)(CC)CCC[n+]1c(-c2ccccc2)c2cc(N)ccc2c2ccc(N)cc21.[I-].[I-],inactive,668.4050000000002,-1.0035999999999945,2,2,4.892790030352131
CHEMBL406645,CC[C@@]1(c2cccc(O)c2)CCCCN(CCCCCCCCCN2CCCC[C@@](CC)(c3cccc(O)c3)C2)C1,inactive,562.8830000000004,8.796100000000004,2,4,4.779891911959945
CHEMBL497276,CO[C@@H]1[C@@H](O)[C@H]2c3cc4c(cc3CN3CC=C([C@H]1O)[C@H]23)OCO4,inactive,317.34100000000007,0.3735,2,6,4.0655015487564325
CHEMBL659,COc1ccc2c3c1O[C@H]1C[C@@H](O)C=C[C@@]31CCN(C)C2,active,287.35900000000004,1.8503,1,4,6.008773924307505
CHEMBL481657,CC1(C)Oc2cc3oc(=O)ccc3cc2C[C@@H]1O,inactive,246.262,1.8673999999999995,1,4,4.552841968657781
CHEMBL442813,CC(C)(O)[C@@H]1Cc2cc3ccc(=O)oc3cc2O1,inactive,246.26199999999997,1.8673999999999997,1,4,4.173925197299173
CHEMBL416,COc1c2occc2cc2ccc(=O)oc12,inactive,216.19199999999995,2.5478000000000005,0,4,4.267606240177032
CHEMBL502689,CC(C)=CCc1cc2ccc(=O)oc2cc1O,inactive,230.26299999999998,3.007300000000002,1,3,2.619788758288394
CHEMBL51628,O=c1ccc2ccc(O)cc2o1,inactive,162.14399999999998,1.4986,1,3,1.537602002101044
CHEMBL448060,CC(C)=CCOc1c2ccoc2cc2oc(=O)ccc12,inactive,270.284,3.8842000000000025,0,4,4.161150909262744
CHEMBL303846,CC1(C)C=Cc2cc3ccc(=O)oc3cc2O1,inactive,228.24699999999996,2.9772000000000007,0,3,3.8239087409443187
CHEMBL513279,COc1cc(OCC=C(C)C)c2ccc(=O)oc2c1,inactive,260.289,3.146600000000001,0,4,3.619788758288394
CHEMBL481658,CC(C)=CC(=O)O[C@H]1Cc2cc3ccc(=O)oc3cc2OC1(C)C,inactive,328.3640000000001,3.384500000000002,0,5,3.408935392973501
CHEMBL461949,C=C(C)[C@H](O)Cc1cc2ccc(=O)oc2cc1O,inactive,246.26199999999997,1.9781,2,4,3.886056647693163
CHEMBL459825,CC(C)(O[C@@H]1O[C@H](CO)[C@@H](O)[C@H](O)[C@H]1O)[C@H]1Cc2cc3ccc(=O)oc3cc2O1,inactive,408.40300000000025,-0.30839999999999956,4,9,4.167491087293763
CHEMBL459826,CC(C)(O)C(=O)Cc1cc2ccc(=O)oc2cc1O,inactive,262.26099999999997,1.3810999999999998,2,5,3.744727494896694
CHEMBL496487,CC(C)=CC(=O)N[C@H]1CC[C@@]2(C)[C@@H](CC[C@@H]3[C@@H]2CC[C@]2(C)C([C@H](C)N(C)C)=CC[C@@H]32)[C@H]1O,inactive,442.6880000000002,4.937300000000006,2,3,4.314258261397736
CHEMBL659,COc1ccc2c3c1O[C@H]1C[C@@H](O)C=C[C@@]31CCN(C)C2,active,287.35900000000004,1.8503,1,4,6.301029995663981
CHEMBL496255,C[C@@H]([C@H]1CC[C@H]2[C@@H]3CC[C@H]4C[C@@H](N(C)C)CC[C@]4(C)[C@H]3CC[C@]12C)N(C)C,inactive,374.65700000000015,5.525600000000006,0,2,4.655607726314889
CHEMBL498645,C[C@@H]([C@H]1CC[C@H]2[C@@H]3CC[C@H]4C[C@@H](N)CC[C@]4(C)[C@H]3CC[C@]12C)N(C)C,inactive,346.6030000000001,4.922700000000004,1,2,4.552841968657781
CHEMBL496488,C[C@@H]([C@H]1CC=C2[C@@H]3CCC4=C[C@@H](N(C)C)CC[C@]4(C)[C@H]3CC[C@@]21C)N(C)C,inactive,370.62500000000017,5.3658000000000055,0,2,4.616184634019569
CHEMBL659,COc1ccc2c3c1O[C@H]1C[C@@H](O)C=C[C@@]31CCN(C)C2,active,287.35900000000004,1.8503,1,4,6.455931955649724
CHEMBL1678,COc1cc2c(cc1OC)C(=O)C(CC1CCN(Cc3ccccc3)CC1)C2.Cl,active,415.9610000000002,4.782900000000006,0,4,7.935542010773082
CHEMBL486698,Cl.Nc1c2c(nc3cc(Cl)ccc13)CCCC2,active,269.175,3.7710000000000017,1,2,8.079876673709276
CHEMBL1677,Cl.Nc1c2c(nc3ccccc13)CCCC2,active,234.72999999999996,3.1176000000000013,1,2,6.688246138944246
CHEMBL3217103,COc1cc2c(cc1OC)CC(CC1CCN(CCCNc3c4c(nc5cc(Cl)ccc35)CCCC4)CC1)C2.Cl.Cl.Cl,active,657.5540000000002,8.3687,1,5,8.97469413473523
CHEMBL3216210,COc1cc2c(cc1OC)CC(CC1CCN(CCNc3c4c(nc5cc(Cl)ccc35)CCCC4)CC1)C2.Cl.Cl.Cl,active,643.5270000000003,7.978600000000002,1,5,8.585026652029182
CHEMBL3216209,COc1cc2c(cc1OC)CC(CC1CCN(CCCNc3c4c(nc5ccccc35)CCCC4)CC1)C2.Cl.Cl,active,586.6480000000005,7.29350000000001,1,5,8.665546248849068
CHEMBL3216208,COc1cc2c(cc1OC)CC(CC1CCN(CCNc3c4c(nc5ccccc35)CCCC4)CC1)C2.Cl.Cl,active,572.6210000000004,6.903400000000009,1,5,8.289882634888183
CHEMBL3216655,COc1cc2c(cc1OC)C(=O)C(CC1CCN(CCCNc3c4c(nc5cc(Cl)ccc35)CCCC4)CC1)C2.Cl.Cl.Cl,active,671.5370000000001,8.008900000000002,1,6,9.568636235841012
CHEMBL3216422,COc1cc2c(cc1OC)C(=O)C(CC1CCN(CCNc3c4c(nc5cc(Cl)ccc35)CCCC4)CC1)C2.Cl.Cl.Cl,active,657.5100000000002,7.618800000000006,1,6,9.173925197299173
CHEMBL3216886,COc1cc2c(cc1OC)C(=O)C(CC1CCN(CCCNc3c4c(nc5ccccc35)CCCC4)CC1)C2.Cl.Cl,active,600.6310000000004,6.93370000000001,1,6,9.05551732784983
CHEMBL497755,CN(CCCCCCCOc1ccc(-c2cc3ccccc3o2)cc1)Cc1ccccc1,inactive,427.5880000000002,7.561100000000008,0,3,4.486782399932061
CHEMBL504674,COc1ccc(C(=O)c2c(-c3ccc(OCCCCCCCN(C)Cc4ccccc4)cc3)oc3ccccc23)cc1OC,inactive,591.7480000000002,8.809300000000004,0,6,3.752026733638193
CHEMBL444427,COc1ccc(C(=O)c2c(-c3ccc(OCCCCCCCN(C)Cc4ccccc4)cc3)oc3ccccc23)cc1,inactive,561.7220000000002,8.800700000000003,0,5,3.55129368009492
CHEMBL447857,COc1cccc(C(=O)c2c(-c3ccc(OCCCCCCCN(C)Cc4ccccc4)cc3)oc3ccccc23)c1,inactive,561.7220000000003,8.800700000000003,0,5,3.896196279044043
CHEMBL455790,Cc1ccc(C(=O)c2c(-c3ccc(OCCCCCCCN(C)Cc4ccccc4)cc3)oc3ccccc23)cc1,inactive,545.7230000000002,9.100520000000001,0,4,4.978810700930062
CHEMBL506588,Cc1cccc(C(=O)c2c(-c3ccc(OCCCCCCCN(C)Cc4ccccc4)cc3)oc3ccccc23)c1,inactive,545.7230000000003,9.100520000000001,0,4,3.896196279044043
CHEMBL511575,CN(CCCCCCCOc1ccc(-c2oc3ccccc3c2C(=O)c2ccccc2)cc1)Cc1ccccc1,inactive,531.6960000000003,8.792100000000003,0,4,4.39040559077478
CHEMBL511948,CC(=O)c1c(-c2ccc(OCCCCCCCN(C)Cc3ccccc3)cc2)oc2ccccc12,inactive,469.6250000000001,7.763700000000007,0,4,4.7594507517174005
CHEMBL523830,O=C(NCc1ccccc1)O[C@H]1CO[C@H]2[C@@H]1OC[C@H]2OC(=O)c1ccccc1,inactive,383.4000000000001,2.3046000000000006,1,6,3.6556077263148894
CHEMBL513281,O=C1C2=C(CCCC2)S(=O)(=O)N1c1cccc(Cl)n1,inactive,298.75100000000003,2.2394999999999996,0,4,4.0
CHEMBL518500,O=C1c2ccccc2S(=O)(=O)N1c1c(F)c(F)nc(F)c1F,inactive,332.234,1.9870999999999999,0,4,4.0
CHEMBL512569,O=C1C2=C(CCCC2)S(=O)(=O)N1c1ccncc1.[O-][Cl+3]([O-])([O-])O,inactive,364.7630000000001,-2.5378999999999974,1,8,4.0
CHEMBL503392,O=C1C2=C(CCCC2)S(=O)(=O)N1c1c(F)c(F)c(F)c(F)c1F,inactive,353.26800000000003,2.8866000000000014,0,3,4.0
CHEMBL461946,CC1=C(c2ccccc2)C(=O)N(c2c(F)c(F)nc(F)c2F)S1(=O)=O,inactive,372.299,2.7456000000000005,0,4,4.0
CHEMBL512758,CC1=C(C)S(=O)(=O)N(c2c(F)c(F)nc(F)c2F)C1=O,inactive,310.228,1.6083,0,4,4.0
CHEMBL461945,O=C1C2=C(CCCC2)S(=O)(=O)N1c1c(F)c(F)nc(F)c1F,inactive,336.266,2.1425,0,4,4.0
CHEMBL459684,O=C1C2=C(CCCC2)S(=O)(=O)N1c1ncc(F)cc1F,inactive,300.286,1.8643,0,4,4.0
CHEMBL459683,O=C1C2=C(CCCC2)S(=O)(=O)N1c1cccc(Br)n1,inactive,343.202,2.3486000000000002,0,4,4.0
CHEMBL450553,CCN(CCCCCCN1C(=O)c2ccc3c4c(ccc(c24)C1=O)C(=O)N(CCCCCCN(CC)Cc1ccccc1OC)C3=O)Cc1ccccc1OC,active,760.9760000000003,8.21400000000001,0,8,9.431798275933005
CHEMBL507903,CCN(CCCCCCn1c(=O)c2cc3c(=O)n(CCCCCCN(CC)Cc4ccccc4OC)c(=O)c3cc2c1=O)Cc1ccccc1OC,active,710.9160000000003,6.094600000000007,0,10,8.113509274827518
CHEMBL507304,CCN(CCCCCCN1C(=O)c2ccc(-c3ccc4c(c3)C(=O)N(CCCCCCN(CC)Cc3ccccc3OC)C4=O)cc2C1=O)Cc1ccccc1OC,active,787.0140000000004,8.727800000000007,0,8,7.853871964321762
CHEMBL449941,CCN(CCCCCCN1CCN(CCCCCCN(CC)Cc2ccccc2OC)C1=O)Cc1ccccc1OC,active,580.8580000000003,6.906200000000008,0,5,7.140261433802853
CHEMBL452339,CCN(CCCCCCn1c(=O)c(=O)n(CCCCCCN(CC)Cc2ccccc2OC)c2ccccc21)Cc1ccccc1OC,active,656.9120000000003,7.345400000000009,0,8,8.85078088734462
CHEMBL449467,CCN(CCCCCCN1CC(=O)N(CCCCCCN(CC)Cc2ccccc2OC)CC1=O)Cc1ccccc1OC,active,608.8680000000004,5.839400000000006,0,6,7.798602875679548
CHEMBL450990,CCN(CCCCCCN1CCN(CCCCCCN(CC)Cc2ccccc2OC)C(=O)C1=O)Cc1ccccc1OC,active,608.8680000000003,5.839400000000006,0,6,7.161780778092374
CHEMBL507885,CCN(CCCCCC(=O)N1Cc2ccc3c4c(ccc(c24)C1)CN(C(=O)CCCCCN(CC)Cc1ccccc1OC)C3)Cc1ccccc1OC,active,733.0100000000003,8.706400000000007,0,6,8.316052869248487
CHEMBL502877,CCN(CCCCCC(=O)N1CCN(C(=O)CCCCCN(CC)Cc2ccccc2OC)CC1)Cc1ccccc1OC,active,608.8680000000004,5.839400000000006,0,6,7.590066876668706
CHEMBL254016,CCN(CCCCCC(=O)N1CCC(C2CCN(C(=O)CCCCCN(CC)Cc3ccccc3OC)CC2)CC1)Cc1ccccc1OC,active,691.014,7.645800000000009,0,6,8.478861916295964
CHEMBL173309,CCN(CCCCCC(=O)N(C)CCCCCCCCN(C)C(=O)CCCCCN(CC)Cc1ccccc1OC)Cc1ccccc1OC,active,695.0460000000003,8.426000000000007,0,6,7.79317412396815
CHEMBL11805,COc1ccccc1CN(C)CCCCCC(=O)N(C)CCCCCCCCN(C)C(=O)CCCCCN(C)Cc1ccccc1OC,active,666.9920000000003,7.64580000000001,0,6,6.769551078621726
CHEMBL488590,CCN(CCCCCCN1C(=O)c2cccc3cccc(c23)C1=O)Cc1ccccc1OC,active,444.5750000000003,5.526900000000006,0,4,7.2716462179787715
CHEMBL502,COc1cc2c(cc1OC)C(=O)C(CC1CCN(Cc3ccccc3)CC1)C2,active,379.50000000000017,4.361100000000004,0,4,7.636388020107856
CHEMBL345124,CC[N+](C)(CC)CCC[n+]1c(-c2ccccc2)c2cc(N)ccc2c2ccc(N)cc21.[I-].[I-],inactive,668.4050000000002,-1.0035999999999945,2,2,4.490797477668897
CHEMBL456881,O=c1c2ccccc2nc2n1CCC2,inactive,186.21399999999994,1.3426999999999998,0,3,4.0835460514500745
CHEMBL502,COc1cc2c(cc1OC)C(=O)C(CC1CCN(Cc3ccccc3)CC1)C2,active,379.50000000000017,4.361100000000004,0,4,7.698970004336019
CHEMBL490507,COc1ccc(C(=O)c2ccc(CN(C)Cc3ccccc3)cc2)cc1OC,active,375.4680000000001,4.566800000000004,0,4,6.337242168318426
CHEMBL470907,CCN(Cc1ccccc1)Cc1ccc(C(=O)c2ccc(OC)c(OC)c2)cc1,active,389.4950000000001,4.9569000000000045,0,4,6.2441251443275085
CHEMBL491562,CN(Cc1ccccc1)Cc1ccc(C(=O)c2ccc3ccccc3c2)cc1,inactive,365.476,5.702800000000005,0,2,4.707743928643524
CHEMBL491527,C#CCN(C)Cc1ccc(C(=O)c2ccc(OC)c(OC)c2)cc1,inactive,323.392,2.9998000000000014,0,4,4.565431095965801
CHEMBL523311,CCN(CC)Cc1ccc(C(=O)c2ccc(OC)c(OC)c2)cc1,inactive,327.42400000000004,3.776600000000003,0,4,4.434152181326482
CHEMBL491528,COc1ccc(C(=O)c2ccc(CN3CCc4ccccc4C3)cc2)cc1OC,inactive,387.4790000000001,4.493100000000004,0,4,4.267606240177032
CHEMBL491346,COc1ccc(C(=O)c2ccc(CN3CCOCC3)cc2)cc1OC,inactive,341.40700000000004,2.7670000000000012,0,5,3.462180904926726
CHEMBL490359,CCOC(=O)C1=C(C)Nc2nc3c(c(N)c2[C@H]1c1ccc(OC)cc1)CCCC3,active,393.48700000000025,3.945700000000003,2,6,7.443697499232712
CHEMBL95,Nc1c2c(nc3ccccc13)CCCC2,active,198.26899999999992,2.695800000000001,1,2,6.8326826652518236
CHEMBL491360,CCOC(=O)C1=C(C)Nc2nc3c(c(N)c2C1c1ccncc1)CCCC3,active,364.4490000000002,3.3321000000000023,2,6,6.651695136951839
CHEMBL491359,CCOC(=O)C1=C(C)Nc2nc3c(c(N)c2C1c1cccnc1)CCCC3,active,364.4490000000002,3.3321000000000023,2,6,6.801342913045577
CHEMBL491358,CCOC(=O)C1=C(C)Nc2nc3c(c(N)c2C1c1ccc(OC)c(OC)c1)CCCC3,active,423.5130000000003,3.9543000000000026,2,7,7.346787486224656
CHEMBL374184,CCOC(=O)C1=C(C)Nc2nc3c(c(N)c2C1c1ccc(OC)cc1)CCCC3,active,393.48700000000025,3.945700000000003,2,6,6.978810700930062
CHEMBL218940,CCOC(=O)C1=C(C)Nc2nc3c(c(N)c2C1c1cccc(OC)c1)CCCC3,active,393.48700000000025,3.945700000000003,2,6,7.236572006437063
CHEMBL436302,CCOC(=O)C1=C(C)Nc2nc3c(c(N)c2C1c1ccccc1OC)CCCC3,active,393.48700000000025,3.945700000000003,2,6,6.6307841425898575
CHEMBL490338,CCOC(=O)C1=C(C)Nc2nc3c(c(N)c2C1c1ccc(-c2ccccc2)cc1)CCCC3,active,439.55900000000025,5.604100000000004,2,5,7.1487416512809245
CHEMBL219406,CCOC(=O)C1=C(C)Nc2nc3c(c(N)c2C1c1ccc(C)cc1)CCCC3,active,377.4880000000002,4.2455200000000035,2,5,6.772113295386326
CHEMBL219405,CCOC(=O)C1=C(C)Nc2nc3c(c(N)c2C1c1ccc([N+](=O)[O-])cc1)CCCC3,active,408.45800000000025,3.8453000000000026,2,7,6.510041520575165
CHEMBL220294,CCOC(=O)C1=C(C)Nc2nc3c(c(N)c2C1c1cccc([N+](=O)[O-])c1)CCCC3,active,408.45800000000025,3.8453000000000026,2,7,6.718966632752273
CHEMBL219400,CCOC(=O)C1=C(C)Nc2nc3c(c(N)c2C1c1ccccc1[N+](=O)[O-])CCCC3,active,408.45800000000025,3.8453000000000026,2,7,6.471083299722345
CHEMBL491561,CCOC(=O)C1=C(C)Nc2nc3c(c(N)c2C1c1ccccc1C(F)(F)F)CCCC3,active,431.4580000000002,4.955900000000003,2,5,6.645891560852599
CHEMBL219172,CCOC(=O)C1=C(C)Nc2nc3c(c(N)c2C1c1ccc(F)cc1)CCCC3,active,381.4510000000002,4.076200000000003,2,5,6.714442690992226
CHEMBL218939,CCOC(=O)C1=C(C)Nc2nc3c(c(N)c2C1c1ccccc1)CCCC3,active,363.4610000000002,3.9371000000000027,2,5,6.913640169325252
CHEMBL470715,CCOC(=O)C1=C(C)Nc2nc3c(c(N)c2[C@@H]1c1ccc(OC)cc1)CCCC3,active,393.48700000000025,3.945700000000003,2,6,6.422508200162775
CHEMBL470866,C=C(CC[C@@H](C)[C@H]1CC[C@H]2[C@@H]3CC=C4C(=O)[C@](O)(C(=O)OCC)C[C@]4(C)[C@H]3CC[C@]12C)C(C)C,active,470.6940000000004,6.277000000000007,1,4,8.0
CHEMBL470867,COc1ccc2c(=O)oc3c(OC)cc(CCN(C)C)c4c(=O)oc1c2c34,active,369.37300000000016,2.611700000000001,0,7,6.267606240177032
CHEMBL469423,COc1c(O)cc2c3c1-c1ccccc1C[C@H]3NCC2,inactive,267.32800000000003,2.8106999999999998,2,3,4.0
CHEMBL478666,Clc1ccc2c(NCCCNCCCOc3cccc4[nH]c5ccccc5c34)c3c(nc2c1)CCCC3,active,513.0850000000003,7.262200000000005,3,4,8.667561540084394
CHEMBL191758,NCCCNc1c2c(nc3cc(Cl)ccc13)CCCC2,active,289.8100000000001,3.527700000000002,2,3,7.667561540084395
CHEMBL474268,Clc1ccc2c(NCCCNCCCCCCOc3cccc4[nH]c5ccccc5c34)c3c(nc2c1)CCCC3,active,555.1659999999999,8.432500000000005,3,4,8.590066876668706
CHEMBL473866,Clc1ccc2c(NCCCNCCCCCOc3cccc4[nH]c5ccccc5c34)c3c(nc2c1)CCCC3,active,541.139,8.042400000000006,3,4,8.812479279163536
CHEMBL478667,Clc1ccc2c(NCCCNCCCCOc3cccc4[nH]c5ccccc5c34)c3c(nc2c1)CCCC3,active,527.1120000000002,7.652300000000006,3,4,8.782516055786093
CHEMBL95,Nc1c2c(nc3ccccc13)CCCC2,active,198.26899999999992,2.695800000000001,1,2,6.372634143407267
CHEMBL497686,Cc1ccc(C2CC(c3cccc(O)c3)=Nc3ccccc3S2)cc1,inactive,345.4670000000001,6.058520000000005,1,3,4.306273051076353
CHEMBL498539,Oc1cccc(C2=Nc3ccccc3SC(c3ccc(Cl)cc3)C2)c1,inactive,365.8850000000001,6.403500000000004,1,3,4.72584215073632
CHEMBL526476,Oc1cccc(C2=Nc3ccccc3SC(c3ccccc3F)C2)c1,inactive,349.4300000000001,5.889200000000004,1,3,4.151195298948196
CHEMBL456156,Oc1cccc(C2=Nc3ccccc3SC(c3ccccc3)C2)c1,inactive,331.4400000000001,5.750100000000003,1,3,4.3979400086720375
CHEMBL508510,Oc1cccc(C2=Nc3ccccc3SC(c3cccc(O)c3)C2)c1,inactive,347.43900000000014,5.455700000000003,2,4,4.148130399270234
CHEMBL659,COc1ccc2c3c1O[C@H]1C[C@@H](O)C=C[C@@]31CCN(C)C2,active,287.35900000000004,1.8503,1,4,6.301029995663981
CHEMBL512096,CC1(C)CC(=O)C2=C(C1)Nc1nc3c(c(N)c1C2c1ccccc1)CCCC3,active,373.50000000000017,4.743200000000003,2,4,6.1487416512809245
CHEMBL374184,CCOC(=O)C1=C(C)Nc2nc3c(c(N)c2C1c1ccc(OC)cc1)CCCC3,active,393.48700000000025,3.945700000000003,2,6,6.958607314841775
CHEMBL219406,CCOC(=O)C1=C(C)Nc2nc3c(c(N)c2C1c1ccc(C)cc1)CCCC3,active,377.4880000000002,4.2455200000000035,2,5,6.769551078621726
CHEMBL219172,CCOC(=O)C1=C(C)Nc2nc3c(c(N)c2C1c1ccc(F)cc1)CCCC3,active,381.4510000000002,4.076200000000003,2,5,6.721246399047171
CHEMBL218939,CCOC(=O)C1=C(C)Nc2nc3c(c(N)c2C1c1ccccc1)CCCC3,active,363.4610000000002,3.9371000000000027,2,5,6.920818753952375
CHEMBL468001,COc1ccc(C2C3=C(CC(C)(C)CC3=O)Nc3nc4c(c(N)c32)CCCC4)cc1,active,403.52600000000024,4.751800000000004,2,5,6.431798275933005
CHEMBL513161,Cc1ccc(C2C3=C(CC(C)(C)CC3=O)Nc3nc4c(c(N)c32)CCCC4)cc1,active,387.52700000000027,5.051620000000003,2,4,6.173925197299173
CHEMBL95,Nc1c2c(nc3ccccc13)CCCC2,active,198.26899999999992,2.695800000000001,1,2,6.823908740944319
CHEMBL54126,CN(C)C(=O)Oc1cccc([N+](C)(C)C)c1.[Br-],active,303.19999999999993,-1.052299999999998,0,2,7.508638306165727
CHEMBL556939,C[C@]1(CO)CCC[C@]2(C)[C@H]1C[C@H](O)[C@@]13C[C@@H](CC[C@@H]21)[C@]1(C)O[C@@H]13,inactive,320.47300000000007,3.129800000000002,2,3,4.838631997765025
CHEMBL659,COc1ccc2c3c1O[C@H]1C[C@@H](O)C=C[C@@]31CCN(C)C2,inactive,287.35900000000004,1.8503,1,4,4.131355561605174
CHEMBL561846,C=C1C[C@]23C[C@H]1CC[C@H]2[C@]1(C)CCC[C@](C)(CO)[C@@H]1C[C@@H]3O,inactive,304.474,3.9186000000000027,2,2,4.642065152999546
CHEMBL550989,CCOC(=O)c1ccc2nc(-c3ccc(Cl)cc3)c3c(c2c1)OCCC3.Cl,inactive,404.2930000000002,5.478700000000004,0,4,5.0
CHEMBL3215574,Cl.Cl.Cl.O=C(CCc1ccc2nc(-c3ccccc3)c3c(c2c1)OCCC3)NCCCCCCCCNc1c2c(nc3cc(Cl)ccc13)CCCC2,active,784.6999999999997,11.07409999999999,2,5,7.853871964321762
CHEMBL3216221,Cl.Cl.Cl.O=C(CCc1ccc2nc(-c3ccccc3)c3c(c2c1)OCCC3)NCCCCCCCNc1c2c(nc3cc(Cl)ccc13)CCCC2,active,770.6729999999998,10.683999999999994,2,5,7.841637507904751
CHEMBL3215573,Cl.Cl.Cl.O=C(CCc1ccc2nc(-c3ccccc3)c3c(c2c1)OCCC3)NCCCCCCNc1c2c(nc3cc(Cl)ccc13)CCCC2,active,756.6459999999998,10.293899999999997,2,5,7.954677021213342
CHEMBL2448076,Cl.Cl.O=C(CCc1ccc2nc(-c3ccccc3)c3c(c2c1)OCCC3)NCCCCCNc1c2c(nc3cc(Cl)ccc13)CCCC2,active,706.158,9.482000000000001,2,5,8.01592296609717
CHEMBL3216018,Cl.Cl.Cl.O=C(CCc1ccc2nc(-c3ccccc3)c3c(c2c1)OCCC3)NCCCCNc1c2c(nc3cc(Cl)ccc13)CCCC2,active,728.5919999999999,9.513700000000002,2,5,7.779891911959945
CHEMBL3215770,Cl.Cl.Cl.Cl.O=C(NCCCCCCCCCCNc1c2c(nc3cc(Cl)ccc13)CCCC2)c1ccc2nc(-c3ccc(Cl)cc3)c3c(c2c1)OCCC3,active,855.6059999999997,12.610499999999979,2,5,7.301029995663981
CHEMBL3215769,Cl.Cl.Cl.Cl.O=C(NCCCCCCCCCNc1c2c(nc3cc(Cl)ccc13)CCCC2)c1ccc2nc(-c3ccc(Cl)cc3)c3c(c2c1)OCCC3,active,841.5789999999997,12.220399999999982,2,5,7.603800652904264
CHEMBL3215768,Cl.Cl.Cl.Cl.O=C(NCCCCCCCCNc1c2c(nc3cc(Cl)ccc13)CCCC2)c1ccc2nc(-c3ccc(Cl)cc3)c3c(c2c1)OCCC3,active,827.5519999999998,11.830299999999983,2,5,8.153044674980176
CHEMBL3215572,Cl.Cl.Cl.Cl.O=C(NCCCCCCCNc1c2c(nc3cc(Cl)ccc13)CCCC2)c1ccc2nc(-c3ccc(Cl)cc3)c3c(c2c1)OCCC3,active,813.5249999999999,11.440199999999987,2,5,7.73754891026957
CHEMBL3216429,Cl.Cl.Cl.Cl.O=C(NCCCCCCNc1c2c(nc3cc(Cl)ccc13)CCCC2)c1ccc2nc(-c3ccc(Cl)cc3)c3c(c2c1)OCCC3,active,799.4979999999999,11.05009999999999,2,5,7.716698771296451
CHEMBL345124,CC[N+](C)(CC)CCC[n+]1c(-c2ccccc2)c2cc(N)ccc2c2ccc(N)cc21.[I-].[I-],inactive,668.4050000000002,-1.0035999999999945,2,2,4.490797477668897
CHEMBL486698,Cl.Nc1c2c(nc3cc(Cl)ccc13)CCCC2,active,269.175,3.7710000000000017,1,2,8.079876673709276
CHEMBL555300,CCN(CCCCCCNC1=CC(=O)C(NCCCCCCN(CC)[C@@H](C)c2ccccc2OC)=CC1=O)[C@H](C)c1ccccc1OC,inactive,660.9440000000003,7.389400000000009,2,8,4.958607314841775
CHEMBL231160,CCN(CCCCCCNC1=CC(=O)C(NCCCCCCN(CC)Cc2ccccc2OC)=CC1=O)Cc1ccccc1OC,inactive,632.8900000000003,6.2674000000000065,2,8,4.548213564475709
CHEMBL555300,CCN(CCCCCCNC1=CC(=O)C(NCCCCCCN(CC)[C@@H](C)c2ccccc2OC)=CC1=O)[C@H](C)c1ccccc1OC,active,660.9440000000003,7.389400000000009,2,8,9.443697499232712
CHEMBL556581,CCN(CCCCCCNC1=CC(=O)C(NCCCCCCN(CC)[C@@H](C)c2ccccc2OC)=CC1=O)[C@@H](C)c1ccccc1OC,active,660.9440000000003,7.389400000000009,2,8,8.39469495385889
CHEMBL540178,CCN(CCCCCCNC1=CC(=O)C(NCCCCCCN(CC)[C@H](C)c2ccccc2OC)=CC1=O)[C@H](C)c1ccccc1OC,active,660.9440000000003,7.389400000000009,2,8,9.301029995663981
CHEMBL231160,CCN(CCCCCCNC1=CC(=O)C(NCCCCCCN(CC)Cc2ccccc2OC)=CC1=O)Cc1ccccc1OC,active,632.8900000000003,6.2674000000000065,2,8,8.809668301829708
CHEMBL95,Nc1c2c(nc3ccccc13)CCCC2,active,198.26899999999992,2.695800000000001,1,2,6.698970004336019
CHEMBL208599,CCC1=CC2Cc3nc4cc(Cl)ccc4c(N)c3[C@@H](C1)C2,active,298.8170000000001,4.856500000000003,1,2,8.958607314841775
CHEMBL140476,CC1=CC2Cc3nc4cc(Cl)ccc4c(N)c3C(C1)C2,active,284.7900000000001,4.466400000000003,1,2,8.735182176990463
CHEMBL574267,COc1cc2nc3c(c(N)c2cc1OC)C1CC(C)=CC(C3)C1,inactive,310.39700000000005,3.830200000000003,1,4,4.931814138253838
CHEMBL584603,CCC1=CC2Cc3nc4ncccc4c(N)c3C(C1)C2,active,265.36,3.5981000000000014,1,3,6.068033885271827
CHEMBL575614,CCC1=CC2Cc3nc4cnccc4c(N)c3C(C1)C2,active,265.36,3.5981000000000014,1,3,6.1778319206319825
CHEMBL574747,CC1=CC2Cc3nc4oc(C5CC5)nc4c(N)c3C(C1)C2,inactive,281.35900000000004,3.6784000000000026,1,4,4.301029995663981
CHEMBL584003,CCC1=CC2Cc3nc4oc(C5CC5)nc4c(N)c3C(C1)C2,inactive,295.386,4.068500000000003,1,4,4.301029995663981
CHEMBL576189,CC1=CC2Cc3nc4oc(C5CCC5)nc4c(N)c3C(C1)C2,inactive,295.386,4.068500000000003,1,4,4.567030709125595
CHEMBL572858,CSc1n[nH]c2nc3c(c(N)c12)C1CC(C)=CC(C3)C1,inactive,286.40400000000005,3.258000000000002,2,4,4.301029995663981
CHEMBL574948,CC1=CC2Cc3nc4[nH]ncc4c(N)c3C(C1)C2,inactive,240.30999999999997,2.5361000000000002,2,3,4.301029995663981
CHEMBL575166,CC1=CC2Cc3nc4cc(Cl)ccc4c(O)c3C(C1)C2,inactive,285.7740000000001,4.589800000000002,1,2,4.8326826652518236
CHEMBL572865,CC1=CC2Cc3nc4cc(Cl)ccc4c(Cl)c3C(C1)C2,inactive,304.22000000000014,5.537600000000003,0,1,4.649751981665837
CHEMBL572866,CCC1=CC2Cc3nc4cc(Cl)ccc4c(Cl)c3C(C1)C2,inactive,318.2470000000001,5.927700000000004,0,1,4.71669877129645
CHEMBL583920,CC1=CC2Cc3nc4cc(Cl)ccc4c(NCCO)c3C(C1)C2,active,328.8430000000002,4.288400000000003,2,3,8.015022873584506
CHEMBL573095,CCC1=CC2Cc3nc4cc(Cl)ccc4c(NCCO)c3C(C1)C2,active,342.87000000000023,4.678500000000005,2,3,8.170696227168975
CHEMBL576385,CC1=CC2Cc3nc4cc(Cl)ccc4c(NCCCl)c3C(C1)C2,active,347.28900000000016,5.534900000000004,1,2,7.363512103646634
CHEMBL574973,CC1=CC2Cc3nc4cc(Cl)ccc4c(NCCN=[N+]=[N-])c3C(C1)C2,active,353.8570000000002,5.606400000000003,1,3,8.060980223551333
CHEMBL574974,CCC1=CC2Cc3nc4cc(Cl)ccc4c(NCCN=[N+]=[N-])c3C(C1)C2,active,367.88400000000024,5.996500000000005,1,3,7.863279432843593
CHEMBL575613,CC1=CC2Cc3nc4ncccc4c(N)c3C(C1)C2,active,251.333,3.208000000000001,1,3,6.0915149811213505
CHEMBL575674,CCC1=CC2Cc3nc4cc(Cl)ccc4c(NCCn4cc(CCCCCCN5CCc6cc(OC)c(OC)cc6C5c5cccc([N+](=O)[O-])c5)nn4)c3C(C1)C2,active,790.4090000000002,9.653899999999998,1,10,8.224753740259764
CHEMBL575802,COc1cc2c(cc1OC)C(c1cccc([N+](=O)[O-])c1)N(CCCCCCc1cn(CCNc3c4c(nc5cc(Cl)ccc35)CC3C=C(C)CC4C3)nn1)CC2,active,776.3819999999998,9.2638,1,10,8.40340290437354
CHEMBL576005,C[C@@H]1CCC[C@H](C)N1S(C)(=O)=O,active,191.296,1.2089,0,2,7.1249387366083
CHEMBL575619,C[C@@H]1CCC[C@H](C)N1S(=O)(=O)c1ccccc1,active,253.36700000000002,2.638200000000001,0,2,6.406713932979542
CHEMBL575620,Cc1ccc(S(=O)(=O)N2[C@H](C)CCC[C@@H]2C)cc1,active,267.39399999999995,2.946620000000001,0,2,6.434152181326482
CHEMBL575621,C[C@@H]1CCC[C@H](C)N1S(=O)(=O)c1ccc(C(C)(C)C)cc1,active,309.475,3.9357000000000033,0,2,6.33913452199613
CHEMBL573102,C[C@@H]1CCC[C@H](C)N1S(=O)(=O)c1ccc(Cl)cc1,active,287.812,3.2916000000000025,0,2,6.497572880015567
CHEMBL582883,C[C@@H]1CCC[C@H](C)N1S(=O)(=O)c1cc(Cl)ccc1Cl,active,322.25700000000006,3.945000000000004,0,2,7.045757490560675
CHEMBL575813,C[C@@H]1CCC[C@H](C)N1S(=O)(=O)c1ccccc1[N+](=O)[O-],active,298.36400000000003,2.546400000000001,0,4,6.732828271596986
CHEMBL574474,C[C@@H]1CCC[C@H](C)N1S(=O)(=O)c1cccc([N+](=O)[O-])c1,active,298.36400000000003,2.546400000000001,0,4,6.716698771296451
CHEMBL54126,CN(C)C(=O)Oc1cccc([N+](C)(C)C)c1.[Br-],active,303.19999999999993,-1.052299999999998,0,2,7.3872161432802645
CHEMBL231160,CCN(CCCCCCNC1=CC(=O)C(NCCCCCCN(CC)Cc2ccccc2OC)=CC1=O)Cc1ccccc1OC,active,632.8900000000003,6.2674000000000065,2,8,8.823908740944319
CHEMBL194823,O=C(CCCCC1CCSS1)NCCCNc1c2c(nc3cc(Cl)ccc13)CCCC2,active,478.12700000000035,6.3993000000000055,2,5,9.596879478824182
CHEMBL572480,CCN(CCCCCCNC1=CC(=O)C(NCCCCCCNC(=O)CCCCC2CCSS2)=CC1=O)Cc1ccccc1OC,active,673.0020000000004,6.567000000000007,3,9,7.0
CHEMBL572532,CCN(CCCCCCNC1=CC(=O)C(NCCCNC(=O)CCCCC2CCSS2)=CC1=O)Cc1ccccc1OC,active,630.9210000000003,5.3967000000000045,3,9,6.823908740944319
CHEMBL572453,CCN(CCCNC1=CC(=O)C(NCCCCCCNC(=O)CCCCC2CCSS2)=CC1=O)Cc1ccccc1OC,active,630.9210000000003,5.396700000000004,3,9,6.795880017344075
CHEMBL574847,CCN(CCCNC1=CC(=O)C(NCCCNC(=O)CCCCC2CCSS2)=CC1=O)Cc1ccccc1OC,active,588.8400000000004,4.2264000000000035,3,9,6.721246399047171
CHEMBL569978,COc1ccc2c3c1O[C@H]1C[C@@H](O)C=C[C@@]31CCN(CCCN1CCCCC1)C2,active,398.54700000000037,3.0965000000000016,1,5,6.455931955649724
CHEMBL1794936,COc1ccc2c3c1O[C@H]1C[C@@H](O)C=C[C@@]31CCN(CCCCCCCCN1C(=O)c3ccccc3S1(=O)=O)C2.O=C(O)/C=C/C(=O)O,active,682.7920000000005,4.117600000000003,3,9,7.301029995663981
CHEMBL558598,Cc1c(C(=O)NN2CCCCC2)nn(-c2ccc(Cl)cc2Cl)c1-c1ccc(Cl)cc1.Cl,inactive,500.2570000000001,6.360420000000005,1,4,4.600000074606178
CHEMBL95,Nc1c2c(nc3ccccc13)CCCC2,active,198.26899999999992,2.695800000000001,1,2,6.599997654072044
CHEMBL570158,O=S(=O)(/N=C(\NCCCCCCCNc1c2c(nc3ccccc13)CCCC2)N1CC(c2ccccc2)C(c2ccc(Cl)cc2)=N1)c1ccc(Cl)cc1,active,767.8270000000001,9.620999999999999,2,5,6.0
CHEMBL570159,CCc1c(C(=O)NCCCCNc2c3c(nc4ccccc24)CCCC3)nc(-c2ccccc2Cl)n1-c1ccc(Cl)cc1,active,612.6050000000002,8.457600000000005,2,5,6.499996931948306
CHEMBL583855,CCc1c(C(=O)NN2CCCCC2)nc(-c2ccccc2Cl)n1-c1ccc(Cl)cc1,inactive,443.37800000000004,5.5392000000000055,1,4,4.499999953328896
CHEMBL604478,C/C=C1\[C@H]2C=C(C)C[C@]1(/N=C/c1ccc(O)c(OC)c1)c1ccc(=O)[nH]c1C2,active,376.45600000000013,3.8721000000000023,2,4,7.795880017344075
CHEMBL595115,C/C=C1\[C@H]2C=C(C)C[C@]1(/N=C/c1ccc(N(C)C)cc1)c1ccc(=O)[nH]c1C2,active,373.5000000000001,4.223900000000003,1,3,7.508638306165727
CHEMBL594870,C/C=C1\[C@H]2C=C(C)C[C@]1(/N=C/c1ccc(OC)cc1)c1ccc(=O)[nH]c1C2,active,360.4570000000001,4.166500000000003,1,3,7.508638306165727
CHEMBL605303,C/C=C1\[C@H]2C=C(C)C[C@]1(/N=C/c1ccc(O)c(OCC)c1)c1ccc(=O)[nH]c1C2,active,390.4830000000001,4.2622000000000035,2,4,7.6020599913279625
CHEMBL606348,C/C=C1\[C@H]2C=C(C)C[C@]1(/N=C/c1cc(OC)cc(OC)c1)c1ccc(=O)[nH]c1C2,active,390.4830000000001,4.175100000000003,1,4,7.5376020021010435
CHEMBL593933,C/C=C1\[C@H]2C=C(C)C[C@]1(/N=C/c1ccc(OC)cc1OC)c1ccc(=O)[nH]c1C2,active,390.4830000000002,4.175100000000003,1,4,7.075720713938118
CHEMBL596236,C/C=C1\[C@H]2C=C(C)C[C@]1(/N=C/c1ccc(C#N)cc1)c1ccc(=O)[nH]c1C2,active,355.44100000000014,4.029580000000003,1,3,7.657577319177793
CHEMBL595114,C/C=C1\[C@H]2C=C(C)C[C@]1(/N=C/C=C/c1ccccc1)c1ccc(=O)[nH]c1C2,active,356.46900000000016,4.823000000000005,1,2,7.619788758288394
CHEMBL594186,C/C=C1\[C@H]2C=C(C)C[C@]1(/N=C/C(=C/c1ccccc1)CCCCC)c1ccc(=O)[nH]c1C2,active,426.6040000000003,6.7735000000000065,1,2,7.292429823902063
CHEMBL594187,C/C=C1\[C@H]2C=C(C)C[C@]1(/N=C/C(C)=C/c1ccccc1)c1ccc(=O)[nH]c1C2,active,370.49600000000015,5.213100000000006,1,2,7.6020599913279625
CHEMBL606372,C/C=C1\[C@H]2C=C(C)C[C@]1(/N=C/C=C/c1ccc(N(C)C)cc1)c1ccc(=O)[nH]c1C2,active,399.5380000000002,4.889000000000004,1,3,7.3979400086720375
CHEMBL596457,C/C=C1\[C@H]2C=C(C)C[C@]1(/N=C/c1ccccc1OS(=O)(=O)[O-])c1ccc(=O)[nH]c1C2.[Na+],active,448.4760000000002,0.0009000000000008446,1,6,7.3872161432802645
CHEMBL606538,C=CCOc1ccc(/C=N/[C@@]23CC(C)=C[C@@H](Cc4[nH]c(=O)ccc42)/C3=C\C)cc1,active,386.49500000000006,4.722700000000004,1,3,7.508638306165727
CHEMBL1255901,C/C=C1\[C@H]2C=C(C)C[C@@]1(N)c1ccc(=O)[nH]c1C2,active,242.32199999999997,1.9975,2,2,7.6777807052660805
CHEMBL95,Nc1c2c(nc3ccccc13)CCCC2,active,198.26899999999992,2.695800000000001,1,2,6.892790030352131
CHEMBL592433,CO[P@]1(=O)CC[C@H]2COC(=O)C2=C(C)O1,inactive,232.17199999999994,1.6931999999999998,0,5,4.522878745280337
CHEMBL606034,COC(=O)C1=C(C)O[P@@](=O)(OC)CC[C@H]1COCc1ccccc1,inactive,354.33900000000006,3.526200000000002,0,6,4.455931955649724
CHEMBL592856,COP1(=O)CCCC(CO)=C(C)O1,inactive,206.17799999999997,1.9025999999999998,1,4,3.221848749616356
CHEMBL591469,COP(=O)(OC)O/C(C)=C1/CCOC1=O,inactive,236.15999999999994,1.6247999999999998,0,6,3.0
CHEMBL591470,COP(=O)(OC)O/C(C)=C1\CCOC1=O,inactive,236.15999999999994,1.6247999999999998,0,6,4.154901959985743
CHEMBL1025,CC(C)OP(=O)(F)OC(C)C,active,184.147,2.9140000000000015,0,3,6.920818753952375
CHEMBL603622,CO[P@]1(=O)OC[C@H]2COC(=O)C2=C(C)O1,active,234.14399999999995,1.2347,0,6,9.096910013008056
CHEMBL599644,CN(Cc1ccccc1)Cc1ccc(/C=C2\CCc3cc(OCCCCCN4CCCCC4)ccc3C2=O)cc1,active,536.7600000000006,7.566100000000009,0,4,7.2839966563652006
CHEMBL597188,CCN(CC)CCCCCOc1ccc2c(c1)CC/C(=C\c1ccc(CN(C)Cc3ccccc3)cc1)C2=O,active,524.7490000000003,7.4220000000000095,0,4,7.251811972993799
CHEMBL604096,COc1cc2c(cc1OC)C(=O)/C(=C/c1ccc(CN(C)Cc3ccccc3)cc1)CC2,active,427.54400000000015,5.548300000000006,0,4,6.7447274948966935
CHEMBL597794,COc1ccc2c(c1)CC/C(=C\c1ccc(CN(C)Cc3ccccc3)cc1)C2=O,active,397.5180000000001,5.539700000000005,0,3,6.958607314841775
CHEMBL598824,CCN(CC)CCCCCCCOc1ccc2c(c1)C(=O)/C(=C/c1ccc(CN(C)Cc3ccccc3)cc1)C2,active,538.7760000000002,7.81210000000001,0,4,6.292429823902063
CHEMBL599058,CCN(CC)CCCCCCOc1ccc2c(c1)C(=O)/C(=C/c1ccc(CN(C)Cc3ccccc3)cc1)C2,active,524.7490000000003,7.422000000000009,0,4,6.42021640338319
CHEMBL603256,CN(Cc1ccccc1)Cc1ccc(/C=C2\Cc3ccc(OCCCCCN4CCCCC4)cc3C2=O)cc1,active,522.7330000000005,7.176000000000008,0,4,6.698970004336019
CHEMBL599057,CCN(CC)CCCCCOc1ccc2c(c1)C(=O)/C(=C/c1ccc(CN(C)Cc3ccccc3)cc1)C2,active,510.7220000000003,7.031900000000008,0,4,6.721246399047171
CHEMBL597822,CN(Cc1ccccc1)Cc1ccc(/C=C2\Cc3ccc(OCCCCN4CCCCC4)cc3C2=O)cc1,active,508.7060000000005,6.785900000000008,0,4,6.7447274948966935
CHEMBL597821,CN(Cc1ccccc1)Cc1ccc(/C=C2\Cc3ccc(OCCCCN4CCOCC4)cc3C2=O)cc1,active,510.67800000000045,5.632200000000006,0,5,6.050609993355087
CHEMBL598645,CCN(CC)CCCCOc1ccc2c(c1)C(=O)/C(=C/c1ccc(CN(C)Cc3ccccc3)cc1)C2,active,496.6950000000003,6.641800000000007,0,4,6.050609993355087
CHEMBL597406,CN(Cc1ccccc1)Cc1ccc(/C=C2\Cc3ccccc3C2=O)cc1,inactive,353.46500000000003,5.141000000000005,0,2,4.931814138253838
CHEMBL610779,COc1ccc2c(c1)C(=O)/C(=C/c1ccc(CN(C)Cc3ccccc3)cc1)C2,active,383.4910000000001,5.149600000000004,0,3,6.200659450546418
CHEMBL610219,COc1ccc2c(c1)C/C(=C\c1ccc(CN(C)Cc3ccccc3)cc1)C2=O,inactive,383.49100000000004,5.149600000000005,0,3,4.542118103266008
CHEMBL502,COc1cc2c(cc1OC)C(=O)C(CC1CCN(Cc3ccccc3)CC1)C2,active,379.50000000000017,4.361100000000004,0,4,7.698970004336019
CHEMBL75121,COc1cc2cc(-c3ccc(CN(C)Cc4ccccc4)cc3)c(=O)oc2cc1OC,active,415.48900000000015,5.109200000000005,0,5,7.356547323513812
CHEMBL812,CN(C)C(=O)Oc1ccc[n+](C)c1.[Br-],inactive,261.11899999999997,-2.4244999999999974,0,2,4.3979400086720375
CHEMBL54126,CN(C)C(=O)Oc1cccc([N+](C)(C)C)c1.[Br-],active,303.19999999999993,-1.052299999999998,0,2,7.0
CHEMBL1088018,[Br-].[Br-].c1cc[n+](CCCC[n+]2ccccc2)cc1,inactive,374.12000000000006,-4.249999999999994,0,0,3.2967086218813386
CHEMBL1088019,[Br-].[Br-].c1cc[n+](CCCCC[n+]2ccccc2)cc1,inactive,388.1470000000001,-3.8598999999999934,0,0,2.896196279044043
CHEMBL389283,[Br-].[Br-].c1cc[n+](CCCCCC[n+]2ccccc2)cc1,inactive,402.17400000000015,-3.469799999999993,0,0,4.200659450546418
CHEMBL1088155,[Br-].[Br-].c1cc[n+](CCCCCCC[n+]2ccccc2)cc1,inactive,416.2010000000002,-3.0796999999999928,0,0,3.6179829574251317
CHEMBL225688,[Br-].[Br-].c1cc[n+](CCCCCCCC[n+]2ccccc2)cc1,inactive,430.22800000000024,-2.6895999999999924,0,0,4.508638306165727
CHEMBL225689,[Br-].[Br-].c1cc[n+](CCCCCCCCCC[n+]2ccccc2)cc1,active,458.2820000000003,-1.909399999999992,0,0,6.3979400086720375
CHEMBL430886,[Br-].[Br-].c1cc[n+](CCCCCCCCCCC[n+]2ccccc2)cc1,active,472.30900000000037,-1.5192999999999923,0,0,6.154901959985743
CHEMBL1081448,[Cl-].[Cl-].c1cc[n+](COC[n+]2ccccc2)cc1,inactive,273.163,-5.098599999999994,0,1,2.752026733638193
CHEMBL1081449,[Br-].[Br-].c1cc[n+](CCOCC[n+]2ccccc2)cc1,inactive,390.11900000000014,-5.013599999999996,0,1,2.696803942579511
CHEMBL1081613,C(=C/C[n+]1ccccc1)\C[n+]1ccccc1.[Br-].[Br-],inactive,372.1039999999999,-4.473999999999997,0,0,2.640164517660112
CHEMBL1076550,C(=C\C[n+]1ccccc1)\C[n+]1ccccc1.[Cl-].[Cl-],inactive,283.202,-4.473999999999997,0,0,2.701146923590293
CHEMBL1081124,[Br-].[Br-].c1cc[n+](Cc2ccccc2C[n+]2ccccc2)cc1,inactive,422.1640000000001,-3.633799999999993,0,0,3.196542884351586
CHEMBL1081125,[Br-].[Br-].c1cc[n+](Cc2cccc(C[n+]3ccccc3)c2)cc1,inactive,422.1640000000001,-3.633799999999993,0,0,2.6270879970298933
CHEMBL1081126,[Br-].[Br-].c1cc[n+](Cc2ccc(C[n+]3ccccc3)cc2)cc1,inactive,422.1640000000001,-3.633799999999993,0,0,2.812479279163537
CHEMBL1081810,[Br-].[Br-].c1cc[n+](Cc2ccc3ccc(C[n+]4ccccc4)cc3c2)cc1,active,472.22400000000016,-2.480599999999993,0,0,6.698970004336019
CHEMBL1082081,CCCCCCOC(=O)[C@H](CCC(=O)NCCC1CCN(Cc2ccccc2)CC1)NC(=O)OC(C)(C)C,active,531.7380000000003,5.201900000000005,2,6,6.022276394711152
CHEMBL1082082,CCCCCCOC(=O)[C@H](CCC(=O)NCCC1CCN(Cc2ccccc2)CC1)NC(=O)OCc1ccccc1,active,565.7550000000005,5.6036000000000055,2,6,6.6020599913279625
CHEMBL1076243,CCCCCCOC(=O)[C@H](CCC(=O)NCCC1CCN(Cc2ccccc2)CC1)NC(=O)Cc1cc2ccc(Cl)cc2s1,active,640.2900000000003,6.904200000000007,2,6,7.0
CHEMBL1080631,CCCCCCOC(=O)[C@H](CCC(=O)NCCC1CCN(Cc2ccccc2)CC1)NC(=O)c1ccccc1,active,535.7290000000004,5.107200000000004,2,5,6.275724130399211
CHEMBL1080813,CCCCCCOC(=O)[C@H](CCC(=O)NCCC1CCN(Cc2ccccc2)CC1)NC(=O)c1cccs1,active,541.7580000000003,5.168700000000005,2,6,6.301029995663981
CHEMBL1080814,CCCCCCOC(=O)[C@H](CCC(=O)NCCC1CCN(Cc2ccccc2)CC1)NC(=O)c1cc(Br)cs1,active,620.6540000000003,5.931200000000006,2,6,6.7447274948966935
CHEMBL1076259,CCCCCCOC(=O)[C@H](CCC(=O)NCCC1CCN(Cc2ccccc2)CC1)NC(=O)c1cc2ccccc2s1,active,591.8180000000003,6.3219000000000065,2,6,6.568636235841013
CHEMBL1076260,CCCCCCOC(=O)[C@H](CCC(=O)NCCC1CCN(Cc2ccccc2)CC1)NC(=O)c1cc2cccnc2s1,active,592.8060000000003,5.716900000000005,2,7,6.356547323513812
CHEMBL1080274,CCCCCCOC(=O)[C@H](CCC(=O)NCCC1CCN(Cc2ccccc2)CC1)NC(=O)c1cc2ccsc2s1,active,597.8470000000003,6.383400000000007,2,7,6.522878745280337
CHEMBL95,Nc1c2c(nc3ccccc13)CCCC2,active,198.26899999999992,2.695800000000001,1,2,6.455931955649724
CHEMBL1087194,CCOC(=O)c1cc2c(N)c3c(nc2nc1C)CCCC3,active,285.34700000000004,2.575920000000001,1,5,6.107905397309519
CHEMBL1086184,COC(=O)c1cc2c(N)c3c(nc2nc1C)CCCC3,active,271.32,2.1858199999999997,1,5,6.0
CHEMBL1087194,CCOC(=O)c1cc2c(N)c3c(nc2nc1C)CCCC3,active,285.34700000000004,2.575920000000001,1,5,6.107905397309519
CHEMBL659,COc1ccc2c3c1O[C@H]1C[C@@H](O)C=C[C@@]31CCN(C)C2,active,287.35900000000004,1.8503,1,4,6.221848749616356
CHEMBL95,Nc1c2c(nc3ccccc13)CCCC2,active,198.26899999999992,2.695800000000001,1,2,7.0
CHEMBL502,COc1cc2c(cc1OC)C(=O)C(CC1CCN(Cc3ccccc3)CC1)C2,active,379.50000000000017,4.361100000000004,0,4,8.086186147616283
CHEMBL1084784,CN(C)C(=O)Oc1ccc(-c2cn3ccccc3[n+]2C)cc1.Cc1ccc(S(=O)(=O)[O-])cc1,inactive,467.5470000000002,3.3903200000000018,0,6,4.767003889607846
CHEMBL1085758,CN(C)C(=O)Oc1ccc(-c2cn3c(Cl)cccc3[n+]2C)cc1.[Cl-],inactive,366.24800000000005,0.1485999999999994,0,3,4.899629454882437
CHEMBL1084785,CN(C)C(=O)Oc1ccc(-c2cn3c(C(F)(F)F)cccc3[n+]2C)cc1.[Cl-],inactive,399.80000000000007,0.5139999999999998,0,3,5.0
CHEMBL1084167,CC(=O)Nc1cccc2n1cc(-c1ccc(OC(=O)N(C)C)cc1)[n+]2C.[Cl-],active,388.855,-0.5463999999999984,1,4,6.154901959985743
CHEMBL1082427,CC(=O)N(C)c1cccc2n1cc(-c1ccc(OC(=O)N(C)C)cc1)[n+]2C.[Cl-],inactive,402.88200000000006,-0.5220999999999976,0,4,4.610833915635467
CHEMBL1085028,CN(C)C(=O)Oc1ccc(-c2cn3c(NC(=O)c4ccccc4)cccc3[n+]2C)cc1.[Cl-],active,450.92600000000004,0.7474999999999994,1,4,6.698970004336019
CHEMBL1084442,CNC(=O)Oc1ccc(-c2cn3ccccc3[n+]2C)cc1.[I-],inactive,409.227,-0.8469999999999991,1,3,4.709965388637482
CHEMBL1082748,Cc1cccc2n1cc(-c1cccc(OC(=O)N(C)C)c1)[n+]2C.[Cl-],inactive,345.83000000000004,-0.19637999999999933,0,3,4.619788758288394
CHEMBL1085279,CN(C)C(=O)Oc1cccc(-c2cn3c(Cl)cccc3[n+]2C)c1.[Cl-],inactive,366.24800000000005,0.14859999999999962,0,3,4.899629454882437
CHEMBL1082749,CN(C)C(=O)Oc1cccc(-c2cn3c(C(F)(F)F)cccc3[n+]2C)c1.[Cl-],inactive,399.80000000000007,0.514,0,3,4.4736607226101555
CHEMBL1082750,COc1cccc2n1cc(-c1cccc(OC(=O)N(C)C)c1)[n+]2C.[Cl-],inactive,361.82900000000006,-0.4961999999999993,0,4,4.688246138944246
CHEMBL1083064,CNC(=O)Oc1cccc(-c2cn3ccccc3[n+]2C)c1.[I-],active,409.22700000000003,-0.8469999999999991,1,3,6.455931955649724
CHEMBL1084709,Cc1cn2cc(C(N)=O)ccc2[n+]1C.[I-],inactive,317.13,-2.8248799999999985,1,2,4.568636235841013
CHEMBL1085281,COC(=O)Nc1ccc2n(c1)cc(-c1ccccc1)[n+]2C.[Cl-],inactive,317.77600000000007,-0.3869000000000007,1,3,4.301029995663981
CHEMBL75110,O=C(CCC1CCN(Cc2ccccc2)CC1)c1ccc2c(c1)CCN2,active,348.4900000000001,4.529700000000004,1,3,7.698970004336019
CHEMBL311017,CN1CCc2cc(C(=O)CCC3CCN(Cc4ccccc4)CC3)ccc21,active,362.51700000000005,4.554000000000005,0,3,8.0
CHEMBL308793,CCN1CCc2cc(C(=O)CCC3CCN(Cc4ccccc4)CC3)ccc21,active,376.54400000000004,4.944100000000005,0,3,7.958607314841775
CHEMBL74560,CCCN1CCc2cc(C(=O)CCC3CCN(Cc4ccccc4)CC3)ccc21,active,390.5710000000001,5.334200000000006,0,3,7.657577319177793
CHEMBL74922,CCCCN1CCc2cc(C(=O)CCC3CCN(Cc4ccccc4)CC3)ccc21,active,404.5980000000001,5.724300000000007,0,3,7.5376020021010435
CHEMBL73339,CCCCCN1CCc2cc(C(=O)CCC3CCN(Cc4ccccc4)CC3)ccc21,active,418.62500000000017,6.114400000000007,0,3,7.327902142064283
CHEMBL1085858,O=C(CCC1CCN(Cc2ccccc2)CC1)c1ccc2c(c1)CCN2c1ccccc1,active,424.5880000000002,6.255900000000007,0,3,7.167491087293763
CHEMBL306776,COc1ccccc1CN1CCC(CCC(=O)c2ccc3c(c2)CCN3)CC1,active,378.51600000000013,4.538300000000004,1,4,6.090443970758825
CHEMBL76108,COc1ccc(CN2CCC(CCC(=O)c3ccc4c(c3)CCN4)CC2)cc1,inactive,378.5160000000002,4.538300000000003,1,4,4.876148359032914
CHEMBL73974,O=C(CCC1CCN(Cc2ccccc2F)CC1)c1ccc2c(c1)CCN2,active,366.48000000000013,4.668800000000004,1,3,7.366531544420414
CHEMBL308807,O=C(CCC1CCN(Cc2cccc(F)c2)CC1)c1ccc2c(c1)CCN2,active,366.48000000000013,4.668800000000004,1,3,7.795880017344075
CHEMBL74832,O=C(CCC1CCN(Cc2ccc(F)cc2)CC1)c1ccc2c(c1)CCN2,active,366.48000000000013,4.668800000000004,1,3,7.050609993355087
CHEMBL306175,O=C(CCC1CCN(Cc2ccccc2Cl)CC1)c1ccc2c(c1)CCN2,active,382.93500000000023,5.183100000000005,1,3,7.119186407719209
CHEMBL74809,O=C(CCC1CCN(Cc2cccc(Cl)c2)CC1)c1ccc2c(c1)CCN2,active,382.93500000000023,5.183100000000005,1,3,7.229147988357855
CHEMBL306179,Cc1cccc(CN2CCC(CCC(=O)c3ccc4c(c3)CCN4)CC2)c1,active,362.51700000000017,4.838120000000004,1,3,7.301029995663981
CHEMBL310918,O=C(CCC1CCN(Cc2cccc([N+](=O)[O-])c2)CC1)c1ccc2c(c1)CCN2,active,393.48700000000025,4.4379000000000035,1,5,7.1938200260161125
CHEMBL74359,O=C(CCC1CCN(Cc2ccccc2)CC1)c1ccc2c(c1)NCC2,active,348.4900000000001,4.529700000000004,1,3,6.94692155651658
CHEMBL307693,O=C(CCC1CCN(Cc2ccccc2)CC1)c1ccc2c(c1)N(Cc1ccccc1)CC2,active,438.61500000000024,6.124400000000007,0,3,6.069050968832477
CHEMBL1083661,O=C(CCC1CCN(Cc2ccccc2)CC1)c1ccc2c(c1)CCCN2,active,362.51700000000017,4.919800000000004,1,3,7.267606240177032
CHEMBL1083660,CN1CCCc2cc(C(=O)CCC3CCN(Cc4ccccc4)CC3)ccc21,active,376.54400000000004,4.944100000000005,0,3,7.619788758288394
CHEMBL73593,O=C(CCC1CCN(Cc2ccccc2)CC1)c1ccc2c(c1)NCCC2,active,362.51700000000017,4.919800000000004,1,3,6.785156151952302
CHEMBL1083662,O=C(CCC1CCN(Cc2ccccc2)CC1)c1ccc2c(c1)CCCN2c1ccccc1,active,438.61500000000024,6.646000000000007,0,3,7.267606240177032
CHEMBL76470,CN1CCCc2ccc(C(=O)CCC3CCN(Cc4ccccc4)CC3)cc21,active,376.5440000000001,4.944100000000005,0,3,7.443697499232712
CHEMBL75157,O=C(CCC1CCN(Cc2ccccc2)CC1)c1ccc2c(c1)CCCCN2,active,376.5440000000002,5.309900000000005,1,3,6.903089986991944
CHEMBL75013,O=C(CCC1CCN(Cc2ccccc2)CC1)c1ccc2c(c1)NCCCC2,active,376.5440000000002,5.309900000000005,1,3,7.0
CHEMBL74747,CN1CCCCc2ccc(C(=O)CCC3CCN(Cc4ccccc4)CC3)cc21,active,390.57100000000014,5.334200000000006,0,3,7.0915149811213505
CHEMBL310467,CCN1CCCCc2ccc(C(=O)CCC3CCN(Cc4ccccc4)CC3)cc21,active,404.5980000000001,5.724300000000007,0,3,6.424812155072339
CHEMBL72967,COc1cccc(CN2CCC(CCC(=O)c3ccc4c(c3)NCCCC4)CC2)c1,active,406.5700000000002,5.318500000000006,1,4,6.072116589669293
CHEMBL74533,COc1ccc(CN2CCC(CCC(=O)c3ccc4c(c3)NCCCC4)CC2)cc1,inactive,406.5700000000003,5.318500000000005,1,4,4.2580609222708015
CHEMBL75127,O=C(CCC1CCN(Cc2ccccc2F)CC1)c1ccc2c(c1)NCCCC2,active,394.5340000000002,5.449000000000005,1,3,6.480172006224281
CHEMBL308093,O=C(CCC1CCN(Cc2cccc(F)c2)CC1)c1ccc2c(c1)NCCCC2,active,394.5340000000002,5.449000000000005,1,3,6.838631997765025
CHEMBL76384,O=C(CCC1CCN(Cc2ccc(F)cc2)CC1)c1ccc2c(c1)NCCCC2,active,394.5340000000002,5.449000000000005,1,3,6.405607449624573
CHEMBL420378,O=C(CCC1CCN(Cc2cccc(Cl)c2)CC1)c1ccc2c(c1)NCCCC2,active,410.9890000000003,5.963300000000006,1,3,6.47755576649368
CHEMBL74340,Cc1cccc(CN2CCC(CCC(=O)c3ccc4c(c3)NCCCC4)CC2)c1,active,390.57100000000025,5.618320000000005,1,3,6.649751981665837
CHEMBL307832,O=C(CCC1CCN(Cc2cccc([N+](=O)[O-])c2)CC1)c1ccc2c(c1)NCCCC2,active,421.54100000000034,5.218100000000004,1,5,6.4089353929735005
CHEMBL74698,O=C(CCC1CCN(Cc2ccccc2)CC1)c1ccc2c(c1)NCCCCC2,active,390.57100000000025,5.7000000000000055,1,3,6.896196279044043
CHEMBL92460,c1ccc(CN2CCC(CCc3noc4ccccc34)CC2)cc1,active,320.4360000000001,4.6726000000000045,0,3,7.259637310505756
CHEMBL433379,Cc1ccc2onc(CCC3CCN(Cc4ccccc4)CC3)c2c1,active,334.4630000000001,4.981020000000005,0,3,8.10790539730952
CHEMBL91291,Cc1cc2onc(CCC3CCN(Cc4ccccc4)CC3)c2cc1C,active,348.4900000000002,5.289440000000005,0,3,8.236572006437063
CHEMBL94186,COc1ccc2onc(CCC3CCN(Cc4ccccc4)CC3)c2c1,active,350.46200000000005,4.681200000000005,0,4,8.142667503568731
CHEMBL418955,COc1ccc2c(CCC3CCN(Cc4ccccc4)CC3)noc2c1,active,350.4620000000001,4.681200000000004,0,4,8.05551732784983
CHEMBL93619,COc1cccc2c(CCC3CCN(Cc4ccccc4)CC3)noc12,active,350.4620000000001,4.681200000000004,0,4,8.148741651280925
CHEMBL92736,CC(=O)Nc1ccc2c(CCC3CCN(Cc4ccccc4)CC3)noc2c1,active,377.48800000000006,4.631000000000004,1,4,8.55284196865778
CHEMBL93123,O=C(Nc1ccc2c(CCC3CCN(Cc4ccccc4)CC3)noc2c1)c1ccccc1,active,439.55900000000014,5.924900000000005,1,4,8.0268721464003
CHEMBL92955,O=S(=O)(Nc1ccc2c(CCC3CCN(Cc4ccccc4)CC3)noc2c1)c1ccccc1,active,475.61400000000015,5.473400000000005,1,5,7.853871964321762
CHEMBL93936,c1ccc(CN2CCC(CCc3noc4cc(N5CCOCC5)ccc34)CC2)cc1,active,405.54200000000026,4.509200000000004,0,5,9.096910013008056
CHEMBL420625,Nc1ccc2c(CCC3CCN(Cc4ccccc4)CC3)noc2c1,active,335.45100000000014,4.254800000000004,1,4,7.698970004336019
CHEMBL92463,Oc1ccc2c(CCC3CCN(Cc4ccccc4)CC3)noc2c1,active,336.4350000000001,4.378200000000004,1,4,7.585026652029182
CHEMBL330004,Brc1ccc2c(CCC3CCN(Cc4ccccc4)CC3)noc2c1,active,399.33200000000005,5.435100000000005,0,3,7.301029995663981
CHEMBL92775,N#Cc1ccc2c(CCC3CCN(Cc4ccccc4)CC3)noc2c1,active,345.44600000000014,4.544280000000004,0,4,6.995678626217358
CHEMBL92663,NC(=O)c1ccc2c(CCC3CCN(Cc4ccccc4)CC3)noc2c1,active,363.46100000000007,3.771500000000003,1,4,8.05551732784983
CHEMBL93241,c1ccc(CN2CCC(CCCc3noc4ccccc34)CC2)cc1,active,334.4630000000001,5.062700000000005,0,3,6.045757490560675
CHEMBL126939,C(=C/C1CCN(Cc2ccccc2)CC1)\c1noc2ccccc12,active,318.42,4.753200000000004,0,3,6.6777807052660805
CHEMBL92629,c1ccc(CN2CCC(CNc3noc4ccccc34)CC2)cc1,active,321.42400000000015,4.151900000000003,1,4,6.494850021680094
CHEMBL328715,c1ccc(CN2CCC(CCNc3noc4ccccc34)CC2)cc1,active,335.45100000000014,4.542000000000003,1,4,6.0915149811213505
CHEMBL1084703,c1ccc(CN2CCC(CNc3nsc4ccccc34)CC2)cc1,active,337.49200000000013,4.620400000000004,1,4,7.00436480540245
CHEMBL92142,c1ccc(CN2CCC(CCc3nccc4ccccc34)CC2)cc1,active,330.47500000000014,5.079600000000005,0,2,6.657577319177793
CHEMBL329531,c1ccc(CN2CCC(CCc3ncnc4ccccc34)CC2)cc1,active,331.46300000000014,4.474600000000004,0,3,6.468521082957745
CHEMBL1085285,c1ccc(CN2CCC(CNc3n[nH]c4ccccc34)CC2)cc1,active,320.44000000000017,3.8870000000000022,2,3,6.920818753952375
CHEMBL1083065,COc1ccc2c(c1OC)C(=O)CC2CCC1CCN(Cc2ccccc2)CC1,active,393.52700000000016,5.066200000000006,0,4,8.096910013008056
CHEMBL1083066,CCCCCCCNC(=O)Oc1ccc2c(c1)[C@]1(C)CCN(C)[C@@H]1C2,active,344.4990000000002,4.263300000000003,1,3,6.943095148663527
CHEMBL1083067,CCCCCCNC(=O)Oc1ccc2c(c1)[C@]1(C)CCN(C)[C@@H]1C2,active,330.47200000000015,3.8732000000000033,1,3,8.0
CHEMBL1083375,CCCCCCCNC(=O)Oc1ccc2c(c1)[C@]1(C)CCN(CC)[C@@H]1C2,active,358.52600000000024,4.653400000000004,1,3,7.236572006437063
CHEMBL413765,CCCCCCNC(=O)Oc1ccc2c(c1)[C@]1(C)CCN(CC)[C@@H]1C2,active,344.4990000000002,4.263300000000004,1,3,7.346787486224656
CHEMBL1085125,CCCCNC(=O)Oc1ccc2c(c1)[C@]1(C)CCN(CC)[C@@H]1C2,active,316.44500000000005,3.483100000000002,1,3,7.045757490560675
CHEMBL1085126,CCN1CC[C@@]2(C)c3cc(OC(=O)NC(C)(C)C)ccc3C[C@@H]12,inactive,316.44500000000005,3.4815000000000023,1,3,4.903541888282547
CHEMBL1085127,CCCNC(=O)Oc1ccc2c(c1)[C@]1(C)CCN(CC)[C@@H]1C2,active,302.41800000000006,3.0930000000000017,1,3,6.812479279163537
CHEMBL1084635,CCN1CC[C@@]2(C)c3cc(OC(=O)NC)ccc3C[C@@H]12,active,274.36400000000003,2.3128,1,3,7.42021640338319
CHEMBL1084880,CCN1CC[C@@]2(C)c3cc(OC(=O)Nc4ccccc4)ccc3C[C@@H]12,active,336.43500000000006,4.205500000000003,1,3,6.7544873321858505
CHEMBL1085382,CCN1CC[C@@]2(C)c3cc(OC(=O)NCc4ccccc4)ccc3C[C@@H]12,active,350.46200000000005,3.883200000000003,1,3,7.161150909262744
CHEMBL1085383,CCCCCCCNC(=O)Oc1ccc2c(c1)[C@]1(C)CCN(CCC)[C@@H]1C2,active,372.5530000000003,5.043500000000004,1,3,7.031517051446065
CHEMBL1084881,CCCCCCNC(=O)Oc1ccc2c(c1)[C@]1(C)CCN(CCC)[C@@H]1C2,active,358.52600000000024,4.653400000000004,1,3,7.2076083105017466
CHEMBL1084882,CCCCCCCNC(=O)Oc1ccc2c(c1)[C@]1(C)CCN(Cc3ccccc3)[C@@H]1C2,active,420.59700000000026,5.833700000000006,1,3,6.295849483160201
CHEMBL1086090,CCCCCCCNC(=O)Oc1ccc2c(c1)[C@@H]1CCN(CC)[C@@H]1C2,active,344.4990000000002,4.479300000000004,1,3,6.419075024324381
CHEMBL1085384,CCCCCCNC(=O)Oc1ccc2c(c1)[C@@H]1CCN(CC)[C@@H]1C2,active,330.47200000000015,4.0892000000000035,1,3,6.681936665037238
CHEMBL1085629,CCN1CCC2c3cc(OC(=O)NC)ccc3CC21,active,260.337,2.1387,1,3,6.5968794788241825
CHEMBL1085630,CCCCCCCNC(=O)Oc1ccc2c(c1)C1CCN(CCC)C1C2,active,358.52600000000024,4.869400000000004,1,3,6.201349354554731
CHEMBL1085011,CCCCCCNC(=O)Oc1ccc2c(c1)C1CCN(CCC)C1C2,active,344.4990000000002,4.479300000000004,1,3,6.262807357295262
CHEMBL55014,O=C(NCCC1CCN(Cc2ccccc2)CC1)c1ccccc1,active,322.45200000000006,3.718700000000003,1,2,6.251811972993799
CHEMBL56470,CN(CCC1CCN(Cc2ccccc2)CC1)C(=O)c1ccccc1,active,336.47900000000004,4.060900000000004,0,2,6.769551078621726
CHEMBL55312,O=C(c1ccccc1)N(CCC1CCN(Cc2ccccc2)CC1)c1ccccc1,active,398.55000000000007,5.635700000000006,0,2,7.455931955649724
CHEMBL141873,COc1ccc(C(=O)N(CCC2CCN(Cc3ccccc3)CC2)c2ccccc2)cc1,active,428.5760000000001,5.644300000000006,0,3,6.229147988357855
CHEMBL140737,O=C(c1ccc(F)cc1)N(CCC1CCN(Cc2ccccc2)CC1)c1ccccc1,active,416.5400000000001,5.774800000000006,0,2,7.7447274948966935
CHEMBL126354,O=C(c1ccc([N+](=O)[O-])cc1)N(CCC1CCN(Cc2ccccc2)CC1)c1ccccc1,active,443.5470000000002,5.543900000000005,0,4,8.267606240177031
CHEMBL340621,O=C(c1ccncc1)N(CCC1CCN(Cc2ccccc2)CC1)c1ccccc1,active,399.53800000000007,5.030700000000005,0,3,7.1938200260161125
CHEMBL340672,CC(=O)N(CCC1CCN(Cc2ccccc2)CC1)c1ccccc1,active,336.4790000000001,4.341800000000004,0,2,7.2839966563652006
CHEMBL141853,CCC(=O)N(CCC1CCN(Cc2ccccc2)CC1)c1ccccc1,active,350.50600000000014,4.731900000000005,0,2,6.080921907623926
CHEMBL127527,COc1cccc(N(CCC2CCN(Cc3ccccc3)CC2)C(C)=O)c1,active,366.5050000000001,4.350400000000004,0,3,7.337242168318426
CHEMBL141801,COc1ccc(N(CCC2CCN(Cc3ccccc3)CC2)C(C)=O)cc1,active,366.50500000000017,4.350400000000004,0,3,6.154901959985743
CHEMBL141167,CC(=O)N(CCC1CCN(Cc2ccccc2)CC1)c1cccc(F)c1,active,354.4690000000001,4.4809000000000045,0,2,7.187086643357144
CHEMBL340609,CC(=O)N(CCC1CCN(Cc2ccccc2)CC1)c1ccc(F)cc1,active,354.4690000000001,4.4809000000000045,0,2,6.688246138944246
CHEMBL140936,CCN(CCC1CCN(Cc2ccccc2)CC1)c1ccccc1,inactive,322.49600000000004,4.815200000000005,0,2,4.920818753952375
CHEMBL141352,CC(=O)N(CCC1CCN(Cc2ccccc2)CC1)c1ccncc1,active,337.4670000000001,3.7368000000000032,0,3,6.966576244513051
CHEMBL125578,CC(=O)N(C)CCC1CCN(Cc2ccccc2)CC1,active,274.4080000000001,2.7670000000000012,0,2,6.180456064458132
CHEMBL333909,O=C1c2ccccc2CN1CCC1CCN(Cc2ccccc2)CC1,active,334.463,3.9447000000000028,0,2,7.008773924307505
CHEMBL106891,O=C1c2ccccc2C(=O)N1CCC1CCN(Cc2ccccc2)CC1,active,348.446,3.584900000000003,0,3,7.096910013008056
CHEMBL419184,O=C1c2ccc([N+](=O)[O-])cc2C(=O)N1C1CCN(Cc2ccccc2)CC1,inactive,365.3890000000001,2.8554000000000013,0,5,4.568636235841013
CHEMBL105874,O=C1c2ccc([N+](=O)[O-])cc2C(=O)N1CCC1CCN(Cc2ccccc2)CC1,active,393.44300000000015,3.4931000000000028,0,5,7.903089986991944
CHEMBL336686,COc1ccc(CN2CCC(CCN3C(=O)c4ccc([N+](=O)[O-])cc4C3=O)CC2)cc1,active,423.4690000000002,3.5017000000000023,0,6,6.356547323513812
CHEMBL123909,O=C1c2ccc([N+](=O)[O-])cc2C(=O)N1CCC1CCN(Cc2ccc(Cl)cc2)CC1,active,427.88800000000015,4.146500000000003,0,5,6.619788758288394
CHEMBL139353,Nc1ccc2c(c1)C(=O)N(CCC1CCN(Cc3ccccc3)CC1)C2=O,active,363.46100000000007,3.1671000000000022,1,4,8.05551732784983
CHEMBL433678,CC(=O)Nc1ccc2c(c1)C(=O)N(CCC1CCN(Cc3ccccc3)CC1)C2=O,active,405.49800000000016,3.543300000000002,1,4,8.55284196865778
CHEMBL138107,O=C(Nc1ccc2c(c1)C(=O)N(CCC1CCN(Cc3ccccc3)CC1)C2=O)c1ccccc1,active,467.5690000000002,4.837200000000005,1,4,8.920818753952375
CHEMBL140770,COc1ccc2c(c1)C(=O)N(CCC1CCN(Cc3ccccc3)CC1)C2=O,active,378.4720000000001,3.5935000000000024,0,4,8.096910013008056
CHEMBL1084256,O=C(Nc1ccccc1)c1ccc2c(c1)C(=O)N(CCC1CCN(Cc3ccccc3)CC1)C2=O,active,467.5690000000003,4.837200000000005,1,4,8.657577319177793
CHEMBL140999,O=C(c1ccccc1)c1ccc2c(c1)C(=O)N(CCC1CCN(Cc3ccccc3)CC1)C2=O,active,452.55400000000026,4.8159000000000045,0,4,8.619788758288394
CHEMBL141001,O=C1c2cccc([N+](=O)[O-])c2C(=O)N1CCC1CCN(Cc2ccccc2)CC1,active,393.44300000000015,3.4931000000000028,0,5,8.045757490560675
CHEMBL138442,Nc1cccc2c1C(=O)N(CCC1CCN(Cc3ccccc3)CC1)C2=O,active,363.46100000000007,3.1671000000000022,1,4,7.958607314841775
CHEMBL141622,O=C(Nc1cccc2c1C(=O)N(CCC1CCN(Cc3ccccc3)CC1)C2=O)c1ccccc1,active,467.5690000000002,4.837200000000005,1,4,6.468521082957745
CHEMBL140106,O=C1c2cccnc2C(=O)N1CCC1CCN(Cc2ccccc2)CC1,active,349.4340000000001,2.9799000000000015,0,4,7.886056647693163
CHEMBL142014,O=C1c2ccccc2CCN1CCC1CCN(Cc2ccccc2)CC1,active,348.49,3.987200000000003,0,2,6.0
CHEMBL140990,O=C1Cc2ccccc2CN1CCC1CCN(Cc2ccccc2)CC1,active,348.49,3.8736000000000033,0,2,7.769551078621726
CHEMBL141042,O=C1Cc2ccccc2C(=O)N1CCC1CCN(Cc2ccccc2)CC1,active,362.47300000000007,3.5138000000000025,0,3,7.638272163982407
CHEMBL141810,O=C1c2ccccc2NCN1CCC1CCN(Cc2ccccc2)CC1,active,349.47800000000007,3.8141000000000025,1,3,6.096910013008056
CHEMBL342413,O=c1[nH]c2ccccc2c(=O)n1CCC1CCN(Cc2ccccc2)CC1,active,363.46100000000007,2.9921000000000015,1,4,8.3767507096021
CHEMBL141276,O=C1Nc2ccccc2CN1CCC1CCN(Cc2ccccc2)CC1,active,349.478,4.336400000000004,1,2,7.886056647693163
CHEMBL138552,O=c1[nH]c2cc(Cl)ccc2c(=O)n1CCC1CCN(Cc2ccccc2)CC1,active,397.9060000000002,3.645500000000003,1,4,8.346787486224656
CHEMBL141515,O=C1CCCCN1CCC1CCN(Cc2ccccc2)CC1,active,300.4460000000001,3.3012000000000024,0,2,6.568636235841013
CHEMBL359570,O=C1Cc2cc3c(CCC4CCN(Cc5ccccc5)CC4)noc3cc2N1,active,375.47200000000015,4.167200000000003,1,4,9.481486060122112
CHEMBL329231,O=C1CCc2cc3c(CCC4CCN(Cc5ccccc5)CC4)noc3cc2N1,active,389.49900000000014,4.557300000000004,1,4,9.244125144327509
CHEMBL328468,O=C1Cc2cc3onc(CCC4CCN(Cc5ccccc5)CC4)c3cc2N1,active,375.4720000000001,4.167200000000003,1,4,9.022276394711152
CHEMBL1083069,O=C1CNc2cc3onc(CCC4CCN(Cc5ccccc5)CC4)c3cc2C1,active,389.49900000000014,4.209700000000003,1,5,9.318758762624412
CHEMBL95020,O=C1Cc2c(ccc3c(CCC4CCN(Cc5ccccc5)CC4)noc23)N1,active,375.47200000000004,4.167200000000003,1,4,8.443697499232712
CHEMBL129753,CNC(=O)Oc1cccc(CN(C)CCCCOc2ccc3c(=O)c4ccccc4oc3c2)c1,active,460.53000000000014,4.955400000000005,1,6,7.431798275933005
CHEMBL1083070,CCCCCCNC(=O)Oc1cccc(CN(C)CCCCOc2ccc3c(=O)c4ccccc4oc3c2)c1,active,530.6650000000004,6.905900000000008,1,6,7.0
CHEMBL337999,CNC(=O)Oc1cccc(CN(C)CCCCCOc2ccc3c(=O)c4ccccc4oc3c2)c1,active,474.55700000000013,5.345500000000006,1,6,9.086186147616283
CHEMBL1083379,CCCCCCNC(=O)Oc1cccc(CN(C)CCCCCOc2ccc3c(=O)c4ccccc4oc3c2)c1,active,544.6920000000005,7.296000000000008,1,6,7.0
CHEMBL128863,CCNC(=O)Oc1cccc(CN(C)CCCOc2ccc3c(=O)c4ccccc4oc3c2)c1,active,460.53000000000014,4.9554000000000045,1,6,7.886056647693163
CHEMBL336297,CCCNC(=O)Oc1cccc(CN(C)CCCOc2ccc3c(=O)c4ccccc4oc3c2)c1,active,474.5570000000002,5.345500000000005,1,6,7.552841968657781
CHEMBL130847,CCCCNC(=O)Oc1cccc(CN(C)CCCOc2ccc3c(=O)c4ccccc4oc3c2)c1,active,488.58400000000023,5.735600000000006,1,6,7.443697499232712
CHEMBL128260,CN(CCCOc1ccc2c(=O)c3ccccc3oc2c1)Cc1cccc(OC(=O)Nc2ccccc2)c1,active,508.57400000000024,6.4580000000000055,1,6,8.55284196865778
CHEMBL131827,CNC(=O)Oc1cccc(CN(C)CCCOc2ccc3c(=O)c4cccnc4oc3c2)c1,active,447.4910000000001,3.960300000000003,1,7,8.958607314841775
CHEMBL130918,CCCCNC(=O)Oc1cccc(CN(C)CCCOc2ccc3c(=O)c4cccnc4oc3c2)c1,active,489.57200000000023,5.130600000000005,1,7,8.050609993355087
CHEMBL1084090,CCCCCCNC(=O)Oc1cccc(CN(C)CCCOc2ccc3c(=O)c4cccnc4oc3c2)c1,active,517.6260000000004,5.910800000000006,1,7,7.376750709602099
CHEMBL340625,CNC(=O)Oc1cccc(CN(C)CCCOc2ccc3ccc(=O)oc3c2)c1,active,396.44300000000004,3.4121000000000024,1,6,8.244125144327509
CHEMBL128551,CCCCNC(=O)Oc1cccc(CN(C)CCCOc2ccc3ccc(=O)oc3c2)c1,active,438.52400000000017,4.582400000000004,1,6,7.853871964321762
CHEMBL1084883,CCCCCCNC(=O)Oc1cccc(CN(C)CCCOc2ccc3ccc(=O)oc3c2)c1,active,466.5780000000003,5.362600000000006,1,6,7.886056647693163
CHEMBL128618,CNC(=O)Oc1cccc(CN(C)CCCOc2ccc3c(=O)ccoc3c2)c1,active,396.44300000000004,3.4121000000000024,1,6,8.050609993355087
CHEMBL1084091,CCCCNC(=O)Oc1cccc(CN(C)CCCOc2ccc3c(=O)ccoc3c2)c1,active,438.52400000000017,4.582400000000004,1,6,6.6020599913279625
CHEMBL1085129,CCCCCCNC(=O)Oc1cccc(CN(C)CCCOc2ccc3c(=O)ccoc3c2)c1,active,466.5780000000003,5.362600000000006,1,6,7.6777807052660805
CHEMBL128471,CNC(=O)Oc1cccc(CN(C)CCCOc2ccc3c(=O)cc(-c4ccccc4)oc3c2)c1,active,472.5410000000001,5.079100000000005,1,6,8.244125144327509
CHEMBL128043,CCCCNC(=O)Oc1cccc(CN(C)CCCOc2ccc3c(=O)cc(-c4ccccc4)oc3c2)c1,active,514.6220000000003,6.249400000000007,1,6,7.508638306165727
CHEMBL1084366,CCCCCCNC(=O)Oc1cccc(CN(C)CCCOc2ccc3c(=O)cc(-c4ccccc4)oc3c2)c1,active,542.6760000000004,7.029600000000008,1,6,7.167491087293763
CHEMBL128202,CCN(CCCOc1ccc2c(=O)c3ccccc3oc2c1)Cc1cccc(OC(=O)NC)c1,active,460.53000000000026,4.955400000000004,1,6,9.2518119729938
CHEMBL339039,CCCCNC(=O)Oc1cccc(CN(CC)CCCOc2ccc3c(=O)c4ccccc4oc3c2)c1,active,502.6110000000003,6.125700000000006,1,6,8.065501548756432
CHEMBL1082419,CCCCCCNC(=O)Oc1cccc(CN(CC)CCCOc2ccc3c(=O)c4ccccc4oc3c2)c1,active,530.6650000000004,6.905900000000008,1,6,6.795880017344075
CHEMBL131219,CCCN(CCCOc1ccc2c(=O)c3ccccc3oc2c1)Cc1cccc(OC(=O)NC)c1,active,474.55700000000024,5.345500000000005,1,6,8.397940008672037
CHEMBL128452,CCCCNC(=O)Oc1cccc(CN(CCC)CCCOc2ccc3c(=O)c4ccccc4oc3c2)c1,active,516.6380000000004,6.515800000000007,1,6,7.154901959985743
CHEMBL1083976,CCCCCCNC(=O)Oc1cccc(CN(CCC)CCCOc2ccc3c(=O)c4ccccc4oc3c2)c1,active,544.6920000000003,7.296000000000008,1,6,6.3979400086720375
CHEMBL131579,CNC(=O)Oc1cccc(CN(CCCOc2ccc3c(=O)c4ccccc4oc3c2)C(C)C)c1,active,474.5570000000002,5.343900000000005,1,6,9.154901959985743
CHEMBL131411,CCCCNC(=O)Oc1cccc(CN(CCCOc2ccc3c(=O)c4ccccc4oc3c2)C(C)C)c1,active,516.6380000000003,6.514200000000007,1,6,7.0
CHEMBL1083977,CCCCCCNC(=O)Oc1cccc(CN(CCCOc2ccc3c(=O)c4ccccc4oc3c2)C(C)C)c1,active,544.6920000000002,7.294400000000008,1,6,6.769551078621726
CHEMBL151417,c1ccc(-c2ccc(NCCN3CCOCC3)nn2)cc1,inactive,284.3629999999999,1.8876999999999997,1,5,3.0
CHEMBL281588,c1ccc(-c2ccc(NCCN3CCCCC3)nn2)cc1,inactive,282.3909999999999,3.041400000000001,1,4,4.886056647693163
CHEMBL278819,Cc1cc(-c2ccccc2)nnc1NCCN1CCOCC1,inactive,298.39000000000004,2.1961199999999996,1,5,4.070581074285707
CHEMBL150985,Cc1cc(-c2ccc(Cl)cc2)nnc1NCCN1CCOCC1,inactive,332.8350000000002,2.849520000000001,1,5,4.468521082957745
CHEMBL1085021,Cc1cc(-c2ccc3c(c2)OCO3)nnc1NCCN1CCCCC1,active,340.4270000000002,3.078520000000001,1,6,6.0
CHEMBL1083676,OCc1cc(-c2ccccc2)nnc1NCCN1CCOCC1,inactive,314.3890000000001,1.3799999999999997,2,6,3.3565473235138126
CHEMBL150365,N#Cc1cc(-c2ccccc2)nnc1NCCN1CCOCC1,inactive,309.3730000000001,1.7593799999999993,1,6,4.0
CHEMBL1082740,FC(F)(F)c1cc(-c2ccccc2)nnc1NCCN1CCOCC1,inactive,352.36000000000024,2.906500000000001,1,5,3.1307682802690238
CHEMBL1082741,Nc1cc(-c2ccccc2)nnc1NCCN1CCOCC1,inactive,299.37800000000004,1.4698999999999998,2,6,3.5686362358410126
CHEMBL356224,c1ccc(-c2cc(-c3ccccc3)c(NCCN3CCOCC3)nn2)cc1,inactive,360.4610000000001,3.554700000000002,1,5,3.585026652029182
CHEMBL1085937,c1ccc(-c2ccc(NCCCN3CCOCC3)nn2)cc1,inactive,298.3899999999999,2.2778,1,5,3.3872161432802645
CHEMBL1085274,CCN1CCCC1CNc1ccc(-c2ccccc2)nn1,inactive,282.391,3.0398000000000014,1,4,4.207608310501746
CHEMBL1085275,c1ccc(-c2ccc(NCCN3CCc4ccccc4C3)nn2)cc1,inactive,330.435,3.613800000000002,1,4,4.080921907623926
CHEMBL1084255,c1ccc(-c2ccc(NCCCN3CCc4ccccc4C3)nn2)cc1,inactive,344.462,4.0039000000000025,1,4,4.455931955649724
CHEMBL25264,c1ccc(-c2ccc(NCCCCN3CCc4ccccc4C3)nn2)cc1,inactive,358.489,4.394000000000004,1,4,4.823908740944319
CHEMBL1083054,c1ccc(-c2ccc(NCCCCCN3Cc4ccccc4CN3)nn2)cc1,inactive,373.50399999999996,4.246200000000002,2,5,5.0
CHEMBL1086185,CN(CCNc1ccc(-c2ccccc2)nn1)Cc1ccccc1,inactive,318.424,3.6875000000000027,1,4,3.769551078621726
CHEMBL1083055,CN(CCCNc1ccc(-c2ccccc2)nn1)Cc1ccccc1,inactive,332.451,4.077600000000003,1,4,4.886056647693163
CHEMBL1084257,CN(CCCCNc1ccc(-c2ccccc2)nn1)Cc1ccccc1,inactive,346.4780000000001,4.467700000000003,1,4,4.958607314841775
CHEMBL1083057,CN(CCCCCNc1ccc(-c2ccccc2)nn1)Cc1ccccc1,active,360.5050000000001,4.857800000000004,1,4,6.130768280269024
CHEMBL1083058,c1ccc(CN2CCC(Nc3ccc(-c4ccccc4)nn3)CC2)cc1,inactive,344.4620000000001,4.220100000000003,1,4,4.187086643357144
CHEMBL1083367,c1ccc(CN2CCC(CNc3ccc(-c4ccccc4)nn3)CC2)cc1,inactive,358.48900000000015,4.467700000000003,1,4,4.251811972993799
CHEMBL25412,c1ccc(CN2CCC(CCNc3ccc(-c4ccccc4)nn3)CC2)cc1,active,372.51600000000013,4.857800000000004,1,4,6.920818753952375
CHEMBL1084542,c1ccc(-c2ccc(NCN3CCCCC3)nc2)cc1,inactive,267.3759999999999,3.603900000000002,1,3,4.886056647693163
CHEMBL1084543,c1ccc(-c2cnc(NCN3CCCCC3)nc2)cc1,inactive,268.3639999999999,2.9989000000000017,1,4,4.0
CHEMBL1084786,c1ccc(-c2ncc(NCN3CCCCC3)nn2)cc1,inactive,269.3519999999999,2.3939000000000004,1,5,4.2441251443275085
CHEMBL1084787,c1ccc(-c2nnc(NCN3CCCCC3)s2)cc1,inactive,274.3929999999999,3.0604000000000013,1,5,4.267606240177032
CHEMBL1084788,c1ccc(-c2cnc(NCN3CCCCC3)nn2)cc1,inactive,269.3519999999999,2.3939000000000004,1,5,4.221848749616356
CHEMBL1084789,c1ccc(C2=NNC(NCN3CCCCC3)=NC2)cc1,inactive,271.36799999999994,1.3828999999999994,2,5,4.327902142064283
CHEMBL502,COc1cc2c(cc1OC)C(=O)C(CC1CCN(Cc3ccccc3)CC1)C2,active,379.50000000000017,4.361100000000004,0,4,8.096910013008056
CHEMBL1082433,O=C(CCC1CCN(Cc2ccccc2)CC1)c1ccccc1,active,307.437,4.561700000000004,0,2,6.515700160653214
CHEMBL1082434,O=C(CCC1CCN(Cc2ccccc2)CC1)c1ccc2c(c1)OCO2,active,351.44600000000014,4.2904000000000035,0,4,7.522878745280337
CHEMBL1082435,CCn1c(C)nc2cc(C(=O)CCC3CCN(Cc4ccccc4)CC3)ccc21,active,389.54300000000006,5.2397200000000055,0,4,8.366531544420413
CHEMBL1084275,Cc1nc2ccc(C(=O)CCC3CCN(Cc4ccccc4)CC3)cc2s1,active,378.54100000000005,5.4798200000000055,0,4,8.167491087293763
CHEMBL1084790,Cc1nc2cc(C(=O)CCC3CCN(Cc4ccccc4)CC3)ccc2[nH]1,active,361.48900000000003,4.746420000000004,1,3,7.920818753952375
CHEMBL1082436,O=C(CCC1CCN(Cc2ccccc2)CC1)c1ccc2[nH]c(-c3ccccc3)nc2c1,active,423.5600000000001,6.105000000000007,1,3,7.481486060122112
CHEMBL100334,CN(CCOCCNC(=S)NC(=O)c1ccccc1)Cc1ccccc1,active,371.50600000000014,2.4395000000000007,2,4,6.920818753952375
CHEMBL102142,Cc1ccc(C(=O)NC(=S)NCCOCCN(C)Cc2ccccc2)cc1,active,385.5330000000001,2.7479200000000006,2,4,7.113509274827518
CHEMBL431058,COc1ccc(C(=O)NC(=S)NCCOCCN(C)Cc2ccccc2)cc1,active,401.5320000000001,2.4481,2,5,7.585026652029182
CHEMBL101518,CN(CCOCCNC(=S)NC(=O)c1ccc(Cl)cc1)Cc1ccccc1,active,405.95100000000014,3.092900000000002,2,4,7.522878745280337
CHEMBL430679,CN(CCOCCNC(=S)NC(=O)c1cccc([N+](=O)[O-])c1)Cc1ccccc1,active,416.5030000000002,2.3477000000000006,2,6,7.823908740944319
CHEMBL101940,CN(CCOCCNC(=S)NC(=O)c1ccc(Cl)c(Cl)c1)Cc1ccccc1,active,440.39600000000013,3.7463000000000024,2,4,7.259637310505756
CHEMBL101809,CN(CCOCCNC(=S)NC(=O)c1ccc(-c2ccccc2)cc1)Cc1ccccc1,active,447.60400000000016,4.106500000000004,2,4,6.638272163982407
CHEMBL100510,CN(CCOCCNC(=S)NC(=O)c1ccc2ccccc2c1)Cc1ccccc1,active,421.56600000000014,3.5927000000000024,2,4,7.0
CHEMBL1085030,CN(CCOCCNC(=S)NC(=O)c1ccc2c(c1)C(=O)c1ccccc1-2)Cc1ccccc1,active,473.59800000000024,3.6509000000000027,2,5,7.522878745280337
CHEMBL1085031,CN(CCOCCNC(=S)NC(=O)c1ccc2c(c1)C(=O)c1ccccc1C2=O)Cc1ccccc1,active,501.6080000000003,3.214900000000002,2,6,8.221848749616356
CHEMBL317541,CN(CCOCCNC(=S)NC(=O)c1ccccc1)C1CCCCC1,active,363.52700000000027,2.572000000000001,2,4,7.886056647693163
CHEMBL420827,CN(CCOCCNC(=S)Nc1cccc2ccccc12)Cc1ccccc1,inactive,393.55600000000015,4.274800000000003,2,3,5.0
CHEMBL101028,CN(CCOCCNC(=S)Nc1ccc(OC(F)(F)F)cc1)Cc1ccccc1,active,427.49200000000013,4.020200000000003,2,4,6.0
CHEMBL329733,CCN(CCOCCNC(=O)NCc1ccccc1)CC1CCCCC1,inactive,361.53000000000026,3.404600000000001,2,3,5.0
CHEMBL95,Nc1c2c(nc3ccccc13)CCCC2,active,198.26899999999992,2.695800000000001,1,2,6.651695136951839
CHEMBL1083789,NCCCCCCCNc1c2c(nc3ccccc13)CCCC2,active,311.4730000000002,4.434700000000004,2,3,6.496209316942819
CHEMBL258928,NCCCCCCCCNc1c2c(nc3ccccc13)CCCC2,active,325.5000000000002,4.824800000000004,2,3,7.050609993355087
CHEMBL1083790,NCCCCCCCCCNc1c2c(nc3ccccc13)CCCC2,active,339.5270000000002,5.214900000000005,2,3,6.882728704344236
CHEMBL1084092,NCCCCCCCCCCNc1c2c(nc3ccccc13)CCCC2,active,353.5540000000002,5.605000000000006,2,3,6.8326826652518236
CHEMBL1084093,NCCCCCCCCCCCCNc1c2c(nc3ccccc13)CCCC2,active,381.6080000000002,6.385200000000007,2,3,6.7447274948966935
CHEMBL1083791,CN(C)CCCCCCCNc1c2c(nc3ccccc13)CCCC2,active,339.5270000000002,5.037600000000005,1,3,7.2839966563652006
CHEMBL1084094,CN(C)CCCCCCCCNc1c2c(nc3ccccc13)CCCC2,active,353.5540000000002,5.427700000000005,1,3,7.327902142064283
CHEMBL1084095,CN(C)CCCCCCCCCNc1c2c(nc3ccccc13)CCCC2,active,367.5810000000002,5.817800000000006,1,3,7.1487416512809245
CHEMBL1084367,CN(C)CCCCCCCCCCNc1c2c(nc3ccccc13)CCCC2,active,381.6080000000002,6.207900000000007,1,3,7.346787486224656
CHEMBL1084368,CN(C)CCCCCCCCCCCCNc1c2c(nc3ccccc13)CCCC2,active,409.6620000000002,6.988100000000007,1,3,6.578396073130169
CHEMBL1084369,c1ccc2c(NCCCCCCCNc3ccncc3)c3c(nc2c1)CCCC3,active,388.55900000000025,5.983100000000005,2,4,7.892790030352131
CHEMBL1084096,c1ccc2c(NCCCCCCCCNc3ccncc3)c3c(nc2c1)CCCC3,active,402.58600000000024,6.373200000000006,2,4,7.866461091629782
CHEMBL1084530,c1ccc2c(NCCCCCCCCCNc3ccncc3)c3c(nc2c1)CCCC3,active,416.6130000000002,6.763300000000006,2,4,7.080921907623926
CHEMBL1084531,c1ccc2c(NCCCCCCCCCCNc3ccncc3)c3c(nc2c1)CCCC3,active,430.6400000000002,7.153400000000007,2,4,6.7544873321858505
CHEMBL1084774,c1ccc(NCCCCCCCCCCCCNc2c3c(nc4ccccc24)CCCC3)cc1,active,457.70600000000024,8.538600000000004,2,3,6.583359492661719
CHEMBL1084775,c1ccc2c(NCCCCCCCNc3c4c(nc5ccccc35)CCCC4)ccnc2c1,active,438.6190000000002,7.1363000000000065,2,4,7.995678626217358
CHEMBL1082738,c1ccc2c(NCCCCCCCCNc3c4c(nc5ccccc35)CCCC4)ccnc2c1,active,452.64600000000024,7.526400000000007,2,4,8.05551732784983
CHEMBL1082739,c1ccc2c(NCCCCCCCCCNc3c4c(nc5ccccc35)CCCC4)ccnc2c1,active,466.67300000000023,7.916500000000007,2,4,7.42021640338319
CHEMBL118752,Nc1c2c(nc3ccccc13)CCC2,active,184.24199999999993,2.3057,1,2,7.251811972993799
CHEMBL330883,Nc1c2c(nc3ccccc13)CCCCC2,active,212.2959999999999,3.0859000000000014,1,2,7.4089353929735005
CHEMBL431844,Nc1c2c(nc3ccccc13)C1CCC2C1,active,210.27999999999994,3.181700000000002,1,2,6.619788758288394
CHEMBL331637,CC12CCC(c3c1nc1ccccc1c3N)C2(C)C,inactive,252.361,3.991900000000002,1,2,3.958607314841775
CHEMBL60167,Nc1c2c(nc3ccccc13)-c1ccccc1C2,active,232.28599999999997,3.388200000000001,1,2,6.455931955649724
CHEMBL89012,Nc1c2c(nc3ccccc13)-c1ccccc1CC2,inactive,246.31299999999996,3.582600000000002,1,2,4.431798275933005
CHEMBL118033,COc1ccc2c(c1)CCc1c-2nc2ccccc2c1N,inactive,276.339,3.5912000000000015,1,3,4.327902142064283
CHEMBL1084952,Nc1c2c(nc3ccccc13)-c1cc(Br)ccc1CC2,inactive,325.2090000000001,4.345100000000002,1,2,3.8413360191860106
CHEMBL332454,Nc1c2c(nc3ccccc13)-c1ccccc1CCC2,inactive,260.34,3.9727000000000023,1,2,3.7796303675486054
CHEMBL119634,COc1ccc2c(c1)CCCc1c-2nc2ccccc2c1N,inactive,290.36600000000004,3.9813000000000027,1,3,4.162411561764489
CHEMBL118139,Nc1c2c(nc3ccccc13)CCCc1ccccc1-2,inactive,260.34,3.9727000000000023,1,2,4.4179366370882915
CHEMBL117826,Nc1c2ccccc2nc2c1cnc1cc(Cl)ccc12,inactive,279.73,4.171800000000001,1,3,3.0
CHEMBL115697,Nc1c2c(nc3ccccc13)-c1ccccc1NCC2,inactive,261.32800000000003,3.452000000000001,2,3,4.158640529545145
CHEMBL325203,Nc1c2c(nc3ccccc13)-c1ccccc1NCCC2,inactive,275.3550000000001,3.842100000000002,2,3,3.4077121840478695
CHEMBL115580,CC1Cc2c(nc3ccccc3c2N)C1(C)O,inactive,228.295,2.216700000000001,2,3,3.8728952016351923
CHEMBL119528,CCCCC1(O)c2nc3ccccc3c(N)c2CC1C,inactive,270.376,3.3870000000000013,2,3,4.040958607678906
CHEMBL119389,CCCCC1=C(C)Cc2c1nc1ccccc1c2N,inactive,252.361,4.336800000000003,1,2,4.6020599913279625
CHEMBL41,CNCCC(Oc1ccc(C(F)(F)F)cc1)c1ccccc1,active,309.33099999999996,4.435000000000003,1,2,6.886056647693163
CHEMBL1085276,O=C1c2ccccc2CC1CC1CCN(c2ccccc2)CC1,active,305.42100000000005,4.348300000000004,0,2,6.823908740944319
CHEMBL1083678,O=C1c2ccccc2CCCC1CC1CCN(c2ccccc2)CC1,inactive,333.475,5.128500000000004,0,2,4.823908740944319
CHEMBL1083982,COc1cc2c(cc1OC)C(=O)C(CC1CCN(c3ccccc3)CC1)C2,active,365.4730000000001,4.3655000000000035,0,4,8.244125144327509
CHEMBL1083056,COc1cc2c(cc1OC)C(O)C(CC1CCN(c3ccccc3)CC1)C2,active,367.48900000000015,4.216200000000003,1,4,6.522878745280337
CHEMBL124933,CNC(=O)Oc1cccc(CN(C)CCCCCCOc2ccc3c(=O)c4ccccc4oc3c2)c1,active,488.5840000000002,5.735600000000006,1,6,8.853871964321762
CHEMBL189957,CNC(=O)Oc1cccc(CN(C)CCCCCCCOc2ccc3c(=O)c4ccccc4oc3c2)c1,active,502.6110000000002,6.125700000000006,1,6,9.494850021680094
CHEMBL1085278,CNC(=O)Oc1cccc(CN(C)CCCCCCCCOc2ccc3c(=O)c4ccccc4oc3c2)c1,active,516.6380000000003,6.515800000000008,1,6,8.167491087293763
CHEMBL1085526,CNC(=O)Oc1cccc(CN(C)CCCCCCCCCOc2ccc3c(=O)c4ccccc4oc3c2)c1,active,530.6650000000003,6.905900000000008,1,6,7.931814138253839
CHEMBL1085527,CNC(=O)Oc1cccc(CN(C)CCCCCCCCCCOc2ccc3c(=O)c4ccccc4oc3c2)c1,active,544.6920000000003,7.296000000000008,1,6,7.661543506395395
CHEMBL1086245,CNC(=O)Oc1cccc(CN(C)CCCOc2ccc(C(=O)c3ccccc3)cc2)c1,active,432.52000000000004,4.536700000000004,1,5,8.267606240177031
CHEMBL1086246,CNC(=O)Oc1cccc(CN(C)CCCOc2ccc(Cc3ccccc3)cc2)c1,active,418.53700000000003,4.896500000000005,1,4,7.607303046740334
CHEMBL1086247,CNC(=O)Oc1cccc(CN(C)CCCOc2ccc3ccccc3c2)c1,active,378.472,4.458900000000003,1,4,7.083019952679618
CHEMBL1086248,CNC(=O)Oc1cccc(CN(C)CCCOc2ccccc2)c1,active,328.4119999999999,3.3057000000000016,1,4,7.099086932262331
CHEMBL124156,CNC(=O)Oc1cccc(CN(C)CCCOc2ccc(-c3ccccc3)cc2)c1,active,404.51,4.972700000000005,1,4,7.262807357295262
CHEMBL1084276,CNC(=O)Oc1cccc(CN(C)CC#CCOc2ccc3c(=O)c4ccccc4oc3c2)c1,active,456.49800000000016,4.178600000000004,1,6,6.6777807052660805
CHEMBL340427,CNC(=O)Oc1cccc(CN(C)CCCOc2ccc3c(=O)c4ccccc4oc3c2)c1,active,446.5030000000001,4.565300000000004,1,6,9.522878745280337
CHEMBL340228,CN(CCCOc1ccc2c(=O)c3ccccc3oc2c1)Cc1cccc(OC(=O)NCCCCCCN2CCOCC2)c1,active,601.7440000000001,5.828100000000005,1,8,7.675717544702307
CHEMBL340171,CN(CCCOc1ccc2c(=O)c3ccccc3oc2c1)Cc1cccc(OC(=O)NCCCCCCCN2CCOCC2)c1,active,615.7710000000001,6.218200000000006,1,8,7.581698708680254
CHEMBL127465,CN(CCCOc1ccc2c(=O)c3ccccc3oc2c1)Cc1cccc(OC(=O)NCCCCCCCCN2CCOCC2)c1,active,629.798,6.608300000000006,1,8,7.562249437179612
CHEMBL127857,CN(CCCOc1ccc2c(=O)c3ccccc3oc2c1)Cc1cccc(OC(=O)NCCCCCCCCCN2CCOCC2)c1,active,643.8249999999999,6.998400000000007,1,8,7.533132379645891
CHEMBL94054,Cc1cc(-c2ccccc2)n[nH]c1=NCCC1CCN(Cc2ccccc2)CC1,active,386.5430000000001,4.5881200000000035,1,3,6.494850021680094
CHEMBL90241,CC(C)c1cc(-c2ccccc2)n[nH]c1=NCCC1CCN(Cc2ccccc2)CC1,active,414.59700000000026,5.403100000000005,1,3,6.366531544420414
CHEMBL91240,Cc1cc(=NCCC2CCN(Cc3ccccc3)CC2)[nH]nc1-c1ccccc1,active,386.5430000000001,4.5881200000000035,1,3,7.6777807052660805
CHEMBL90264,CCc1cc(=NCCC2CCN(Cc3ccccc3)CC2)[nH]nc1-c1ccccc1,active,400.5700000000001,4.842100000000005,1,3,7.568636235841013
CHEMBL91432,CCCc1cc(=NCCC2CCN(Cc3ccccc3)CC2)[nH]nc1-c1ccccc1,active,414.59700000000015,5.232200000000005,1,3,7.214670164989233
CHEMBL91774,c1ccc(CN2CCC(CCN=c3[nH]nc(-c4ccccc4)c4ccccc34)CC2)cc1,active,422.5760000000002,5.432900000000005,1,3,6.356547323513812
CHEMBL421501,c1ccc2c(NCCCCCCNc3c4c(nc5ccccc35)CCC4)c3c(nc2c1)CCC3,active,450.63000000000034,6.844800000000006,2,4,6.939302159646388
CHEMBL76014,c1ccc2c(NCCCCCCCNc3c4c(nc5ccccc35)CCC4)c3c(nc2c1)CCC3,active,464.6570000000003,7.234900000000007,2,4,7.1249387366083
CHEMBL74827,c1ccc2c(NCCCCCCCCNc3c4c(nc5ccccc35)CCC4)c3c(nc2c1)CCC3,active,478.68400000000037,7.625000000000007,2,4,7.657577319177793
CHEMBL73800,c1ccc2c(NCCCCCCNc3c4c(nc5ccccc35)CCCC4)c3c(nc2c1)CCCC3,active,478.6840000000004,7.625000000000007,2,4,8.853871964321762
CHEMBL32823,c1ccc2c(NCCCCCCCNc3c4c(nc5ccccc35)CCCC4)c3c(nc2c1)CCCC3,active,492.7110000000004,8.015100000000007,2,4,9.698970004336019
CHEMBL75274,c1ccc2c(NCCCCCCCCNc3c4c(nc5ccccc35)CCCC4)c3c(nc2c1)CCCC3,active,506.73800000000045,8.405200000000004,2,4,8.795880017344075
CHEMBL74940,Fc1ccc2c(NCCCCCCNc3c4c(nc5cc(F)ccc35)CCCC4)c3c(nc2c1)CCCC3,active,514.6640000000003,7.903200000000007,2,4,9.045757490560675
CHEMBL74927,Fc1ccc2c(NCCCCCCCNc3c4c(nc5cc(F)ccc35)CCCC4)c3c(nc2c1)CCCC3,active,528.6910000000003,8.293300000000006,2,4,9.221848749616356
CHEMBL312761,Fc1ccc2c(NCCCCCCCCNc3c4c(nc5cc(F)ccc35)CCCC4)c3c(nc2c1)CCCC3,active,542.7180000000002,8.683400000000002,2,4,9.154901959985743
CHEMBL73160,Clc1ccc2c(NCCCCCCNc3c4c(nc5cc(Cl)ccc35)CCCC4)c3c(nc2c1)CCCC3,active,547.5740000000002,8.9318,2,4,9.221848749616356
CHEMBL307004,Clc1ccc2c(NCCCCCCCNc3c4c(nc5cc(Cl)ccc35)CCCC4)c3c(nc2c1)CCCC3,active,561.6010000000001,9.321899999999998,2,4,10.154901959985743
CHEMBL312310,Clc1ccc2c(NCCCCCCCCNc3c4c(nc5cc(Cl)ccc35)CCCC4)c3c(nc2c1)CCCC3,active,575.628,9.711999999999996,2,4,9.522878745280337
CHEMBL75305,c1cnc2nc3c(c(NCCCCCCNc4c5c(nc6ncccc46)CCCC5)c2c1)CCCC3,active,480.66000000000037,6.415000000000006,2,6,8.318758762624412
CHEMBL76173,c1cnc2nc3c(c(NCCCCCCCNc4c5c(nc6ncccc46)CCCC5)c2c1)CCCC3,active,494.68700000000035,6.805100000000007,2,6,8.886056647693163
CHEMBL75985,c1cnc2nc3c(c(NCCCCCCCCNc4c5c(nc6ncccc46)CCCC5)c2c1)CCCC3,active,508.7140000000004,7.195200000000007,2,6,8.721246399047171
CHEMBL1083488,c1ccc2c(NCCCCCCNc3c4c(nc5ncccc35)CCCCC4)c3c(nc2c1)CCCCC3,active,507.7260000000005,7.800200000000007,2,5,8.602059991327963
CHEMBL307908,c1ccc2c(NCCCCCCCNc3c4c(nc5ccccc35)CCCCC4)c3c(nc2c1)CCCCC3,active,520.7650000000004,8.795300000000003,2,4,8.568636235841012
CHEMBL306492,c1ccc2c(NCCCCCCCCNc3c4c(nc5ccccc35)CCCCC4)c3c(nc2c1)CCCCC3,active,534.7920000000004,9.1854,2,4,8.795880017344075
CHEMBL60119,Cc1ccc2c(N)c3c(nc2c1)CCCC3,active,212.29599999999996,3.004220000000002,1,2,7.0
CHEMBL62084,Nc1c2c(nc3ccc(Cl)cc13)CCCC2,active,232.7139999999999,3.3492000000000015,1,2,6.259637310505756
CHEMBL292314,Nc1c2c(nc3cc(Cl)ccc13)CCCC2,active,232.71399999999994,3.3492000000000015,1,2,8.00436480540245
CHEMBL61715,Nc1c2c(nc3cc([N+](=O)[O-])ccc13)CCCC2,active,243.26599999999993,2.604000000000001,1,4,7.552841968657781
CHEMBL302842,COc1ccc2c(N)c3c(nc2c1)CCCC3,active,228.29499999999996,2.7044000000000006,1,3,6.455931955649724
CHEMBL61533,Nc1c2c(nc3cc(F)ccc13)CCCC2,active,216.25899999999996,2.834900000000001,1,2,7.060480747381382
CHEMBL61930,Nc1c2c(nc3cc(Cl)c(Cl)cc13)CCCC2,active,267.159,4.002600000000001,1,2,6.327902142064283
CHEMBL1084776,Cc1ccc2c(Nc3ccccc3)c3c(nc2c1)CCCC3,active,288.3940000000001,5.165620000000003,1,2,6.1249387366083
CHEMBL1084777,Clc1ccc2c(Nc3ccccc3)c3c(nc2c1)CCCC3,active,308.8120000000002,5.510600000000004,1,2,6.769551078621726
CHEMBL61849,CCCCCCCNc1c2c(nc3ccc(C)cc13)CCCC2,active,310.4850000000002,5.804320000000005,1,2,6.4089353929735005
CHEMBL61221,CCCCCCCNc1c2c(nc3cc(C)ccc13)CCCC2,active,310.4850000000002,5.804320000000006,1,2,6.886056647693163
CHEMBL59782,CCCCCCCNc1c2c(nc3cc(Cl)ccc13)CCCC2,active,330.9030000000002,6.1493000000000055,1,2,7.886056647693163
CHEMBL294525,CCCCCCCNc1c2c(nc3cc([N+](=O)[O-])ccc13)CCCC2,active,341.4550000000002,5.404100000000005,1,4,6.5376020021010435
CHEMBL61986,CCCCCCCNc1c2c(nc3cc(OC)ccc13)CCCC2,active,326.4840000000002,5.504500000000005,1,3,6.337242168318426
CHEMBL61561,CCCCCCCNc1c2c(nc3cc(F)ccc13)CCCC2,active,314.4480000000002,5.635000000000005,1,2,7.346787486224656
CHEMBL1083374,CNC(=O)Oc1cccc(CN(C)CCCOc2ccc3c(c2)O/C(=C\c2cc(O)c(O)c(O)c2)C3=O)c1,active,520.5380000000002,4.038700000000005,4,9,8.52432881167557
CHEMBL190060,CNC(=O)Oc1cccc(CN(C)CCCOc2ccc3c(c2)O/C(=C\c2cccc4ccccc24)C3=O)c1,active,522.6010000000002,6.075100000000006,1,6,8.163675884293248
CHEMBL191386,CNC(=O)Oc1cccc(CN(C)CCCOc2ccc3c(c2)O/C(=C\c2ccc4ccccc4c2)C3=O)c1,active,522.6010000000002,6.075100000000006,1,6,8.467245621007502
CHEMBL1085932,CNC(=O)Oc1cccc(CN(C)CCCCCCCOc2ccc3c(c2)O/C(=C\c2cc(O)c(O)c(O)c2)C3=O)c1,active,576.6460000000003,5.599100000000008,4,9,9.2839966563652
CHEMBL364545,CNC(=O)Oc1cccc(CN(C)CCCCCCCOc2ccc3c(c2)O/C(=C\c2cccc4ccccc24)C3=O)c1,active,578.7090000000002,7.635500000000008,1,6,8.679853713888946
CHEMBL1085933,CNC(=O)Oc1cccc(CN(C)CCCCCCCOc2ccc3c(c2)O/C(=C\c2ccc4ccccc4c2)C3=O)c1,active,578.7090000000002,7.635500000000008,1,6,8.679853713888946
CHEMBL191314,CNC(=O)Oc1cccc(CN(C)CCCCCCCOc2ccc3c(c2)O/C(=C\c2c4ccccc4cc4ccccc24)C3=O)c1,active,628.7690000000002,8.788700000000004,1,6,7.101823516502323
CHEMBL370961,CNC(=O)Oc1cccc(CN(C)CCCCCCCOc2ccc3c(c2)O/C(=C\c2ccccc2)C3=O)c1,active,528.6490000000002,6.482300000000007,1,6,8.709965388637482
CHEMBL372710,CNC(=O)Oc1cccc(CN(C)CCCCCCCOc2ccc3c(c2)O/C(=C\c2ccc(Cl)c(Cl)c2)C3=O)c1,active,597.5390000000002,7.7891000000000075,1,6,8.096910013008056
CHEMBL364678,CNC(=O)Oc1cccc(CN(C)CCCCCCCOc2ccc3c(c2)O/C(=C\c2cc(Cl)cc(Cl)c2)C3=O)c1,active,597.5390000000002,7.7891000000000075,1,6,7.350665141287858
CHEMBL1085938,CNC(=O)Oc1cccc(CN(C)CCCCCCCOc2ccc3c(c2)C/C(=C\c2cc(O)c(O)c(O)c2)C3=O)c1,active,574.6740000000003,5.805300000000009,4,8,8.744727494896694
CHEMBL1085939,CNC(=O)Oc1cccc(CN(C)CCCCCCCOc2ccc3c(c2)OC/C(=C/c2cc(O)c(O)c(O)c2)C3=O)c1,active,590.6730000000003,5.641600000000008,4,9,8.008330992620051
CHEMBL1085940,CNC(=O)Oc1cccc(CN(C)CCCCCCCOc2ccc3c(c2)CC/C(=C/c2cc(O)c(O)c(O)c2)C3=O)c1,active,588.7010000000004,6.195400000000009,4,8,8.306273051076353
CHEMBL224158,O=C(CCc1c[nH]c2ccccc12)NCCCCCNc1c2c(nc3ccccc13)CCCC2,active,454.6180000000003,5.926100000000005,3,3,7.154901959985743
CHEMBL224335,O=C(CCc1c[nH]c2ccccc12)NCCCCCNc1c2c(nc3cc(Cl)ccc13)CCCC2,active,489.0630000000003,6.579500000000006,3,3,8.397940008672037
CHEMBL1083983,O=C(CCc1c[nH]c2ccccc12)NCCCCCCNc1c2c(nc3ccccc13)CCCC2,active,468.6450000000003,6.316200000000006,3,3,10.698970004336019
CHEMBL1083984,O=C(CCc1c[nH]c2ccccc12)NCCCCCCCNc1c2c(nc3ccccc13)CCCC2,active,482.67200000000037,6.706300000000006,3,3,10.221848749616356
CHEMBL389192,O=C(CCc1c[nH]c2ccccc12)NCCCCCCCCNc1c2c(nc3cc(Cl)ccc13)CCCC2,active,531.1440000000002,7.749800000000008,3,3,9.301029995663981
CHEMBL1084262,O=C(CCc1c[nH]c2ccccc12)NCCCCCCCCCNc1c2c(nc3cc(Cl)ccc13)CCCC2,active,545.1710000000002,8.139900000000006,3,3,8.356547323513812
CHEMBL1084263,O=C(CCc1c[nH]c2ccccc12)NCCCCCCCCCCNc1c2c(nc3cc(Cl)ccc13)CCCC2,active,559.1980000000001,8.530000000000005,3,3,7.6595558851598815
CHEMBL224336,CN(CCCNC(=O)CCc1c[nH]c2ccccc12)CCCNc1c2c(nc3ccccc13)CCCC2,active,497.68700000000047,5.467800000000005,3,4,6.8326826652518236
CHEMBL388551,CN(CCCNC(=O)CCc1c[nH]c2ccccc12)CCCNc1c2c(nc3cc(Cl)ccc13)CCCC2,active,532.1320000000003,6.121200000000005,3,4,8.537602002101044
CHEMBL223170,N#Cc1ccc2[nH]cc(CCC(=O)NCCCCCCNc3c4c(nc5cc(Cl)ccc35)CCCC4)c2c1,active,528.1000000000004,6.841280000000006,3,4,9.154901959985743
CHEMBL224202,O=C(/C=C/c1c[nH]c2ccccc12)NCCCCCCNc1c2c(nc3cc(Cl)ccc13)CCCC2,active,501.07400000000035,7.050200000000006,3,3,7.7447274948966935
CHEMBL388575,O=C(NCCCCCNc1c2c(nc3cc(Cl)ccc13)CCCC2)c1c[nH]c2ccccc12,active,461.0090000000003,6.260500000000005,3,3,6.7447274948966935
CHEMBL224998,O=C(NCCCCCCNc1c2c(nc3cc(Cl)ccc13)CCCC2)c1c[nH]c2ccccc12,active,475.0360000000003,6.650600000000005,3,3,7.481486060122112
CHEMBL388627,O=C(NCCCCCCCNc1c2c(nc3cc(Cl)ccc13)CCCC2)c1c[nH]c2ccccc12,active,489.06300000000033,7.0407000000000055,3,3,7.443697499232712
CHEMBL223714,O=C(NCCCCCCCCNc1c2c(nc3cc(Cl)ccc13)CCCC2)c1c[nH]c2ccccc12,active,503.09000000000026,7.430800000000007,3,3,7.337242168318426
CHEMBL223443,O=C(Cc1c[nH]c2ccccc12)NCCCCCCCNc1c2c(nc3cc(Cl)ccc13)CCCC2,active,503.0900000000003,6.969600000000006,3,3,9.698970004336019
CHEMBL225326,O=C(Cc1c[nH]c2ccc(Br)cc12)NCCCCCCCNc1c2c(nc3cc(Cl)ccc13)CCCC2,active,581.9860000000001,7.732100000000006,3,3,9.221848749616356
CHEMBL225021,O=C(CCCc1c[nH]c2ccccc12)NCCCCCNc1c2c(nc3cc(Cl)ccc13)CCCC2,active,503.0900000000003,6.969600000000006,3,3,9.522878745280337
CHEMBL427082,O=C(CCCc1c[nH]c2ccccc12)NCCCCCCNc1c2c(nc3cc(Cl)ccc13)CCCC2,active,517.1170000000003,7.359700000000006,3,3,9.301029995663981
CHEMBL426015,Cn1cc(C(=O)NCCCCCCCNc2c3c(nc4cc(Cl)ccc24)CCCC3)c2ccccc21,active,503.0900000000003,7.051100000000007,2,4,7.962573502059376
CHEMBL388615,O=C(NCCCCCCCNc1c2c(nc3cc(Cl)ccc13)CCCC2)c1n[nH]c2ccccc12,active,490.05100000000033,6.435700000000005,3,4,7.022276394711152
CHEMBL1086007,O=C(CCOCCc1c[nH]c2ccccc12)NCCCCCNc1c2c(nc3cc(Cl)ccc13)CCCC2,active,533.1160000000003,6.596100000000006,3,4,8.823908740944319
CHEMBL1084544,O=C(CCOCCc1c[nH]c2ccccc12)NCCCCCCNc1c2c(nc3cc(Cl)ccc13)CCCC2,active,547.1430000000003,6.986200000000007,3,4,9.154901959985743
CHEMBL1084545,O=C(CCOCCc1c[nH]c2ccccc12)NCCCCCCCNc1c2c(nc3cc(Cl)ccc13)CCCC2,active,561.1700000000002,7.376300000000008,3,4,8.522878745280337
CHEMBL427342,O=C(Nc1cccc(C2=NCCN2)c1)Nc1cccc(C2=NCCN2)c1,active,348.4100000000001,2.0302,4,5,6.229147988357855
CHEMBL185896,CC(Cc1ccc(O)cc1)C1CCC(C)C(c2ccc(O)cc2)C1,active,324.46400000000006,5.496400000000005,2,2,6.2076083105017466
CHEMBL325109,COc1cc(N)c(Cl)cc1C(=O)NC1CCN(Cc2ccccc2)CC1,active,373.8840000000002,3.3252000000000024,2,4,6.050609993355087
CHEMBL1085465,CCCc1cc(N2CCC=N2)ccc1C(=O)O/N=C(\N)c1ccc(C(F)(F)F)cc1,inactive,418.4190000000001,4.331100000000003,1,5,4.886056647693163
CHEMBL189875,COc1ccc(/N=C/c2cn(-c3ccc(OC)cc3)cc2/C=N/c2ccc(OC)cc2)cc1,inactive,439.51500000000016,6.004300000000006,0,6,4.853871964321762
CHEMBL187017,Cc1cc(C2(c3cc(C)c(O)c(C)c3)CCCCC2)cc(C)c1O,inactive,324.464,5.581680000000005,2,2,4.823908740944319
CHEMBL186349,Cc1c(/N=C/c2ccccc2O)cc2c(c1N)C(C)(C)CC2(C)C,inactive,322.4520000000001,4.992320000000004,2,3,4.795880017344075
CHEMBL187370,CN(C)c1ccc(-c2c3cc(O)c(=O)cc-3oc3cc(O)c(O)cc23)cc1,inactive,363.369,3.747600000000003,3,6,4.657577319177793
CHEMBL186400,Cc1nc(N)ncc1-c1nnnn1-c1ccc(-c2ccccc2)cc1,inactive,329.367,2.676920000000001,1,7,4.568636235841013
CHEMBL328085,O=C(OC1Cc2c(O)cc(O)cc2OC1c1ccc(O)c(O)c1)c1cc(O)c(O)c(O)c1,inactive,442.37600000000015,2.5276000000000005,7,10,4.552841968657781
CHEMBL11805,COc1ccccc1CN(C)CCCCCC(=O)N(C)CCCCCCCCN(C)C(=O)CCCCCN(C)Cc1ccccc1OC,active,666.9920000000003,7.64580000000001,0,6,6.982966660701219
CHEMBL1085702,Nc1ccc2c(c1)c(-c1ccccc1)[n+](CCCNCCCNCCCNc1c3c(nc4ccccc14)CCCC3)c1cc(N)ccc21.[Cl-],active,674.337,4.004500000000002,5,6,8.826813731587725
CHEMBL1085703,COc1ccccc1CN(C)CCCN(C)CCCNCCC[n+]1c(-c2ccccc2)c2cc(N)ccc2c2ccc(N)cc21.[Cl-],active,641.304,2.9482000000000026,3,6,6.048662481204082
CHEMBL3215602,Cl.Cl.Oc1c(CNCCCCCCCCCNc2c3c(nc4ccccc24)CCCC3)ccc2cccnc12,active,569.6210000000002,8.143400000000007,3,5,8.259637310505756
CHEMBL3215816,Cc1ccc2ccc(CNCCCCCCCCNc3c4c(nc5ccccc35)CCCC4)c(O)c2n1.Cl.Cl,active,569.6210000000003,8.061720000000001,3,5,9.301029995663981
CHEMBL3216469,Cl.Cl.Cl.Oc1c(CNCCCCCCCCCNc2c3c(nc4ccccc24)CCCC3)cc(Cl)c2cccnc12,active,640.5270000000003,9.2186,3,5,9.0
CHEMBL95,Nc1c2c(nc3ccccc13)CCCC2,active,198.26899999999992,2.695800000000001,1,2,6.455931955649724
CHEMBL310555,Oc1cccc2cccnc12,active,145.16099999999997,1.9403999999999995,1,2,7.0
CHEMBL211471,CN(C)C(=O)Oc1cccc([N+](C)(C)C)c1.COS(=O)(=O)[O-],active,334.394,1.0367000000000002,0,6,7.72584215073632
CHEMBL812,CN(C)C(=O)Oc1ccc[n+](C)c1.[Br-],active,261.11899999999997,-2.4244999999999974,0,2,6.443697499232712
CHEMBL1173543,O=C(Nc1ccccc1)Oc1cccnc1,inactive,214.224,2.692500000000001,1,3,4.522878745280337
CHEMBL1173603,C[n+]1cccc(OC(=O)Nc2ccccc2)c1.[Br-],inactive,309.163,-0.8739999999999997,1,2,4.522878745280337
CHEMBL94,CNC(=O)Oc1ccc2c(c1)[C@]1(C)CCN(C)[C@@H]1N2C,active,275.352,1.7739,1,4,7.554395796726403
CHEMBL1173604,CNC(=O)Oc1ccc2c(c1)[C@]1(C)CC[N+](C)(C)C1N2C.[Br-],active,370.29099999999994,-1.0774999999999961,1,3,7.583359492661719
CHEMBL54727,CN1CC[C@@]2(C)c3cc(OC(=O)Nc4ccccc4)ccc3N(C)C12,active,337.42300000000006,3.6666000000000025,1,4,7.619788758288394
CHEMBL1173605,CN1c2ccc(OC(=O)Nc3ccccc3)cc2[C@]2(C)CC[N+](C)(C)C12.[Br-],active,432.36200000000014,0.8152000000000004,1,3,7.595166283380062
CHEMBL300143,Cc1ccccc1NC(=O)Oc1ccc2c(c1)[C@]1(C)CCN(C)C1N2C,active,351.4500000000001,3.9750200000000033,1,4,7.987162775294828
CHEMBL1172913,Cc1ccccc1NC(=O)Oc1ccc2c(c1)[C@]1(C)CC[N+](C)(C)C1N2C.[Br-],active,446.3890000000001,1.1236200000000007,1,3,7.835647144215563
CHEMBL417915,CC(C)c1ccc(NC(=O)Oc2ccc3c(c2)[C@]2(C)CCN(C)C2N3C)cc1,active,379.50400000000013,4.7900000000000045,1,4,6.119186407719209
CHEMBL1173624,CC(C)c1ccc(NC(=O)Oc2ccc3c(c2)[C@]2(C)CC[N+](C)(C)C2N3C)cc1.[Br-],active,474.44300000000015,1.9386000000000003,1,3,6.838631997765025
CHEMBL54577,CC(C)c1ccc(NC(=O)Oc2ccc3c(c2)[C@]2(C)CCN(CCc4ccccc4)C2N3C)cc1,inactive,469.62900000000025,6.402900000000008,1,4,4.522878745280337
CHEMBL1173090,CC(C)c1ccc(NC(=O)Oc2ccc3c(c2)[C@]2(C)CC[N+](C)(CCc4ccccc4)C2N3C)cc1.[Br-],active,564.5680000000002,3.5515000000000025,1,3,6.522878745280337
CHEMBL1213295,O=C(CCCN1C(=O)c2ccccc2C1=O)N1CCCCCC1,active,314.3850000000002,2.4654000000000007,0,3,6.301029995663981
CHEMBL11805,COc1ccccc1CN(C)CCCCCC(=O)N(C)CCCCCCCCN(C)C(=O)CCCCCN(C)Cc1ccccc1OC,active,666.9920000000003,7.64580000000001,0,6,6.770011163455189
CHEMBL231160,CCN(CCCCCCNC1=CC(=O)C(NCCCCCCN(CC)Cc2ccccc2OC)=CC1=O)Cc1ccccc1OC,inactive,632.8900000000003,6.2674000000000065,2,8,4.548213564475709
CHEMBL502,COc1cc2c(cc1OC)C(=O)C(CC1CCN(Cc3ccccc3)CC1)C2,inactive,379.50000000000017,4.361100000000004,0,4,4.0
CHEMBL1243360,CCOC(=O)C1=CN(C)c2cccc(OC(=O)N(C)C)c2C1,active,304.3460000000001,2.1863,0,5,8.154901959985743
CHEMBL1243329,CNC(=O)Oc1ccc2c(c1)SC[C@@H]1CCN(C)[C@H]21,active,278.37699999999995,2.503300000000001,1,4,8.090979145788843
CHEMBL340391,CCc1ccccc1NC(=O)Oc1ccc2c(c1)[C@]1(C)CCN(C)[C@@H]1N2C,active,365.47700000000015,4.229000000000004,1,4,8.0
CHEMBL130270,CC(C)c1ccccc1NC(=O)Oc1ccc2c(c1)[C@]1(C)CCN(C)[C@@H]1N2C,active,379.50400000000013,4.7900000000000045,1,4,7.823908740944319
CHEMBL1243359,CNC(=O)Oc1ccc2c(c1)CC[C@@H]1CCN(C)[C@H]21,active,260.33699999999993,2.3438000000000008,1,3,7.761953896871204
CHEMBL433041,CCCCCCCNC(=O)Oc1ccc2c(c1)[C@]1(C)CCN(C)[C@@H]1N2C,active,359.5140000000002,4.114500000000003,1,4,7.657577319177793
CHEMBL74926,CN1CC[C@@]2(C)c3cc(OC(=O)Nc4ccccc4)ccc3N(C)[C@@H]12,active,337.42300000000006,3.6666000000000025,1,4,7.655607726314889
CHEMBL337675,Cc1ccc(C)c(NC(=O)Oc2ccc3c(c2)[C@]2(C)CCN(C)[C@@H]2N3C)c1,active,365.47700000000015,4.283440000000003,1,4,7.585026652029182
CHEMBL11833,CNC(=O)Oc1ccc2c(c1)OC[C@@H]1CCN(C)[C@H]21,active,262.3089999999999,1.79,1,4,7.522878745280337
CHEMBL1240668,C[C@H](c1cccc(OC(=O)N(C)C)c1)N1CCCCC1,active,276.38,3.2939000000000025,0,3,7.494850021680094
CHEMBL130458,Cc1ccccc1NC(=O)Oc1ccc2c(c1)[C@]1(C)CCN(C)[C@@H]1N2C,active,351.4500000000001,3.9750200000000033,1,4,7.3979400086720375
CHEMBL94,CNC(=O)Oc1ccc2c(c1)[C@]1(C)CCN(C)[C@@H]1N2C,active,275.352,1.7739,1,4,7.246416941107094
CHEMBL1243297,C[C@@]12CCN(Cc3ccccc3)[C@@H]1N(Cc1ccccc1)c1ccc(OC(=O)Nc3ccccc3)cc12,inactive,489.6190000000002,6.807400000000007,1,4,4.385841290490825
CHEMBL1243140,Cc1ccccc1NC(=O)Oc1ccc2c(c1)[C@]1(C)CCN[C@@H]1N2,active,323.396,3.6085200000000013,3,4,6.080921907623926
CHEMBL95,Nc1c2c(nc3ccccc13)CCCC2,active,198.26899999999992,2.695800000000001,1,2,6.096910013008056
CHEMBL132285,CN(C)Cc1cc2c(cc1OC(=O)Nc1ccccc1)[C@]1(C)CCN(C)[C@@H]1N2C,active,394.5190000000002,3.728200000000003,1,5,6.10768273927752
CHEMBL335167,CCc1cccc(CC)c1NC(=O)Oc1ccc2c(c1)[C@]1(C)CCN(C)[C@@H]1N2C,active,393.5310000000002,4.791400000000004,1,4,6.161150909262744
CHEMBL1241457,CCNC(=O)Oc1ccc2c(c1)C1(C)COC(O2)O1,active,265.26499999999993,1.7329,1,5,6.411728293157671
CHEMBL131825,CN(C(=O)Oc1ccc2c(c1)[C@]1(C)CCN(C)[C@@H]1N2C)c1ccccc1,active,351.45000000000005,3.6909000000000027,0,4,6.54515513999149
CHEMBL1243203,CN1CC[C@@]2(C)c3cc(OC(=O)Nc4ccccc4)ccc3N(C=O)[C@@H]12,active,351.40600000000006,3.193200000000002,1,4,6.481486060122113
CHEMBL1243111,CN1CC[C@@]2(C)c3cc(OC(=O)Nc4ccccc4)ccc3N(Cc3ccccc3)[C@@H]12,active,413.52100000000013,5.2370000000000045,1,4,6.610302451793614
CHEMBL1243076,CNC(=O)Oc1ccc2c(c1)[C@]1(C)CCN(C)[C@@H]1N2Cc1ccccc1,active,351.45000000000005,3.3443000000000023,1,4,6.793713955587568
CHEMBL1243298,CN1CC[C@@]2(C)c3cc(OC(=O)N4CCc5ccccc5C4)ccc3N(C)[C@@H]12,active,377.4880000000001,3.6128000000000027,0,4,6.8297382846050425
CHEMBL519475,CCc1ccccc1NC(=O)Oc1ccc2c(c1)[C@]1(C)CC[N+](C)([O-])[C@@H]1N2C,active,381.47600000000017,4.241600000000004,1,4,6.903089986991944
CHEMBL129837,CC(C)c1ccc(NC(=O)Oc2ccc3c(c2)[C@]2(C)CCN(C)[C@@H]2N3C)cc1,active,379.50400000000013,4.7900000000000045,1,4,6.958607314841775
CHEMBL295462,CNC(=O)Oc1ccc2c(c1)c(C)cn2Nc1ccncc1F,active,314.32,3.0772200000000014,2,5,7.0
CHEMBL205340,CCNC(=O)Oc1ccc2c(c1)[C@]1(C)CCN(C)[C@@H]1N2C,active,289.37899999999996,2.1640000000000006,1,4,7.026872146400302
CHEMBL502,COc1cc2c(cc1OC)C(=O)C(CC1CCN(Cc3ccccc3)CC1)C2,active,379.50000000000017,4.361100000000004,0,4,7.045757490560675
CHEMBL131210,Cc1cc(C)cc(NC(=O)Oc2ccc3c(c2)[C@]2(C)CCN(C)[C@@H]2N3C)c1,active,365.47700000000015,4.283440000000003,1,4,7.107905397309519
CHEMBL1241427,CNC(=O)Oc1ccc2c(c1)[C@]1(C)CCN(C)[C@@H]1N2,active,261.32499999999993,1.7496,2,4,7.246416941107094
CHEMBL1243012,Cc1ccccc1NC(=O)Oc1ccc2c(c1)[C@]1(C)CCN(C)[C@@H]1N2,active,337.42300000000006,3.950720000000003,2,4,7.3979400086720375
CHEMBL1257997,CCNc1c2c(nc3ccc(OC)cc13)CCCC2.Cl,inactive,292.8099999999999,3.9758000000000027,1,3,4.180456064458132
CHEMBL1257887,CCCCNc1c2c(nc3ccc(OC)cc13)CCCC2.Cl,inactive,320.8640000000001,4.756000000000005,1,3,4.6777807052660805
CHEMBL1257885,CCCCCCNc1c2c(nc3ccc(OC)cc13)CCCC2.Cl,active,348.9180000000002,5.536200000000006,1,3,7.0
CHEMBL1257767,CCCCCCCNc1c2c(nc3ccc(OC)cc13)CCCC2.Cl,active,362.9450000000002,5.926300000000007,1,3,6.568636235841013
CHEMBL1257766,CCCCCCCCNc1c2c(nc3ccc(OC)cc13)CCCC2.Cl,active,376.97200000000015,6.316400000000007,1,3,6.443697499232712
CHEMBL1257413,CCCCCCCCCCCCCNc1c2c(nc3ccc(OC)cc13)CCCC2.Cl,inactive,447.10700000000026,8.266900000000005,1,3,4.0
CHEMBL1257525,CCCCCCCCCCCCNc1c2c(nc3ccc(OC)cc13)CCCC2.Cl,active,433.0800000000002,7.8768000000000065,1,3,6.0
CHEMBL1257412,CCCCCCCCCCCCCCNc1c2c(nc3ccc(OC)cc13)CCCC2.Cl,inactive,461.1340000000002,8.657000000000004,1,3,4.337242168318426
CHEMBL95,Nc1c2c(nc3ccccc13)CCCC2,active,198.26899999999992,2.695800000000001,1,2,6.301029995663981
CHEMBL1256415,COc1ccc2nc3c(c(N)c2c1)CCCC3,inactive,228.29499999999993,2.7044000000000006,1,3,4.823908740944319
CHEMBL1276594,O=P(NN1CCOCC1)(NN1CCOCC1)Oc1ccccc1,inactive,342.336,0.8471000000000004,2,6,2.0199966284162536
CHEMBL1276534,O=C(NP(=O)(NN1CCOCC1)NN1CCOCC1)c1ccccc1,inactive,369.3620000000001,0.19810000000000083,3,6,1.730020323354676
CHEMBL1276567,O=C(NP(=O)(NN1CCCCC1)NN1CCCCC1)c1ccccc1,inactive,365.4180000000001,2.5054999999999996,3,4,2.709965388637482
CHEMBL1275924,O=P(O)(NN1CCCCC1)Oc1ccccc1,inactive,256.24199999999996,2.1563,2,3,2.260427655549908
CHEMBL1289392,COc1cc2c(cc1OC)C(=O)C1(C2)C(c2ccccc2)CN(C)C12C(=O)Nc1ccc(Cl)cc12,inactive,488.9710000000002,4.659200000000004,1,5,4.950781977329818
CHEMBL1289615,COc1cc2c(cc1OC)C(=O)C1(C2)C(c2ccccc2)CN(C)C12C(=O)Nc1ccc([N+](=O)[O-])cc12,inactive,499.52300000000025,3.9140000000000024,1,7,4.87942606879415
CHEMBL1288825,COc1cc2c(cc1OC)C(=O)C1(C2)C(c2ccccc2Cl)C(c2ccccc2)NC12C(=O)Nc1ccc(Cl)cc12,inactive,585.4870000000001,6.711700000000006,2,5,4.913640169325252
CHEMBL1288826,COc1cc2c(cc1OC)C(=O)C1(C2)C(c2ccc(F)cc2)C(c2ccccc2)NC12C(=O)Nc1ccc([N+](=O)[O-])cc12,inactive,579.5840000000002,5.452200000000005,2,7,4.844663962534939
CHEMBL1288827,COc1ccc(C2C(c3ccccc3)NC3(C(=O)Nc4ccc([N+](=O)[O-])cc43)C23Cc2cc(OC)c(OC)cc2C3=O)cc1OC,inactive,621.6460000000003,5.330300000000005,2,9,4.813326132500255
CHEMBL502,COc1cc2c(cc1OC)C(=O)C(CC1CCN(Cc3ccccc3)CC1)C2,active,379.50000000000017,4.361100000000004,0,4,6.920818753952375
CHEMBL1642977,CC(C)(C)c1cc[n+](CCCCCCCC[n+]2ccc(C(C)(C)C)cc2)cc1.[Br-].[Br-],active,542.444,-0.09459999999999447,0,0,8.301029995663981
CHEMBL594629,CC(C)(C)c1cc[n+](CCCCCCCCCCCC[n+]2ccc(C(C)(C)C)cc2)cc1.[Br-].[Br-],active,598.5520000000001,1.4658000000000049,0,0,8.154901959985743
CHEMBL1642979,CC(C)(C)c1cc[n+](CCCCCCCCCC[n+]2ccc(C(C)(C)C)cc2)cc1.[Br-].[Br-],active,570.498,0.6856000000000049,0,0,7.920818753952375
CHEMBL1642976,CC(C)(C)c1cc[n+](CCCCCCC[n+]2ccc(C(C)(C)C)cc2)cc1.[Br-].[Br-],active,528.417,-0.48469999999999414,0,0,7.795880017344075
CHEMBL1642988,CC(C)(C)c1cc[n+](/C=C2\C=CC3=CC/C(=C\[n+]4ccc(C(C)(C)C)cc4)C=C3C2)cc1.[Br-].[Br-],active,584.4400000000002,0.4630000000000025,0,0,7.619788758288394
CHEMBL1642980,CC(C)(C)c1cc[n+](CCCCCCCCCCC[n+]2ccc(C(C)(C)C)cc2)cc1.[Br-].[Br-],active,584.5250000000001,1.0757000000000043,0,0,7.585026652029182
CHEMBL464538,C=CC[N+](C)(C)c1ccc(CCC(=O)CCc2ccc([N+](C)(C)CC=C)cc2)cc1.[Br-].[Br-],active,566.422,-0.6650999999999943,0,1,7.522878745280337
CHEMBL1642975,CC(C)(C)c1cc[n+](CCCCCC[n+]2ccc(C(C)(C)C)cc2)cc1.[Br-].[Br-],active,514.3900000000001,-0.8747999999999938,0,0,7.494850021680094
CHEMBL1642978,CC(C)(C)c1cc[n+](CCCCCCCCC[n+]2ccc(C(C)(C)C)cc2)cc1.[Br-].[Br-],active,556.471,0.2955000000000052,0,0,7.431798275933005
CHEMBL1642987,CC(C)(C)c1cc[n+](Cc2ccc(C[n+]3ccc(C(C)(C)C)cc3)cc2)cc1.[Br-].[Br-],active,534.3800000000001,-1.0387999999999948,0,0,6.522878745280337
CHEMBL1642986,CC(C)(C)c1cc[n+](Cc2cccc(C[n+]3ccc(C(C)(C)C)cc3)c2)cc1.[Br-].[Br-],active,534.3800000000001,-1.0387999999999948,0,0,6.154901959985743
CHEMBL1642985,CC(C)(C)c1cc[n+](Cc2ccccc2C[n+]2ccc(C(C)(C)C)cc2)cc1.[Br-].[Br-],inactive,534.3800000000001,-1.038799999999994,0,0,5.0
CHEMBL1642981,CC(C)(C)c1cc[n+](COC[n+]2ccc(C(C)(C)C)cc2)cc1.[Cl-].[Cl-],inactive,385.379,-2.5035999999999934,0,1,4.920818753952375
CHEMBL1642972,CC(C)(C)c1cc[n+](CCC[n+]2ccc(C(C)(C)C)cc2)cc1.[Br-].[Br-],inactive,472.30899999999997,-2.0450999999999926,0,0,4.853871964321762
CHEMBL1642971,CC(C)(C)c1cc[n+](CC[n+]2ccc(C(C)(C)C)cc2)cc1.[Br-].[Br-],inactive,458.282,-2.435199999999993,0,0,4.769551078621726
CHEMBL1642982,CC(C)(C)c1cc[n+](CCOCC[n+]2ccc(C(C)(C)C)cc2)cc1.[Br-].[Br-],inactive,502.33500000000004,-2.4185999999999925,0,1,4.721246399047171
CHEMBL1642970,CC(C)(C)c1cc[n+](C[n+]2ccc(C(C)(C)C)cc2)cc1.[Br-].[Br-],inactive,444.255,-2.6295999999999937,0,0,4.698970004336019
CHEMBL1642974,CC(C)(C)c1cc[n+](CCCCC[n+]2ccc(C(C)(C)C)cc2)cc1.[Br-].[Br-],inactive,500.363,-1.2648999999999933,0,0,4.619788758288394
CHEMBL291233,O/N=C/c1cc[n+](COC[n+]2ccc(/C=N/O)cc2)cc1.[Cl-].[Cl-],inactive,359.21299999999997,-5.482399999999997,2,5,3.2388241868442686
CHEMBL1420,C[n+]1ccccc1C=NO,inactive,137.162,0.3191999999999999,1,2,3.0565054840938974
CHEMBL1200970,CCN(CC)C(C)CN1c2ccccc2Sc2ccccc21.Cl,inactive,348.94300000000004,5.441400000000005,0,3,2.9913998282380825
CHEMBL1420,C[n+]1ccccc1C=NO,inactive,137.162,0.3191999999999999,1,2,3.0565054840938974
CHEMBL33051,NC(=O)c1cc[n+](COC[n+]2ccccc2/C=N/O)cc1.[Cl-].[Cl-],inactive,359.21299999999997,-6.191599999999997,2,4,3.692503962086787
CHEMBL291233,O/N=C/c1cc[n+](COC[n+]2ccc(/C=N/O)cc2)cc1.[Cl-].[Cl-],inactive,359.21299999999997,-5.482399999999997,2,5,3.2388241868442686
CHEMBL426113,O/N=C/c1cc[n+](CCC[n+]2ccc(/C=N/O)cc2)cc1.[Br-].[Br-],inactive,446.14300000000003,-5.023899999999998,2,4,3.7772835288524167
CHEMBL451825,O/N=C/c1cc[n+](C[n+]2ccc(/C=N/O)cc2)cc1.[Br-].[Br-],inactive,418.08900000000006,-5.608399999999998,2,4,2.696803942579511
CHEMBL397871,NC(=O)c1cc[n+](CCC[n+]2ccc(/C=N/O)cc2)cc1.[Br-].[Br-],inactive,446.14300000000003,-5.733099999999996,2,3,3.148130399270234
CHEMBL238977,NC(=O)c1cc[n+](C/C=C/C[n+]2ccc(/C=N/O)cc2)cc1.[Br-].[Br-],inactive,458.154,-5.566999999999996,2,3,3.2471835688117285
CHEMBL1644323,O/N=C/c1cc[n+](CCC[n+]2ccc(-c3ccccc3)cc2)cc1.[Br-].[Br-],inactive,479.216,-3.1649999999999956,1,2,3.9507819773298185
CHEMBL1644325,CC(=O)c1cc[n+](CCC[n+]2ccc(/C=N/O)cc2)cc1.[Br-].[Br-],inactive,445.15500000000003,-4.629399999999997,1,3,3.9788107009300617
CHEMBL1644328,N/C(=N\O)c1cc[n+](CCC[n+]2ccc(/C=N/O)cc2)cc1.[Br-].[Br-],inactive,461.158,-5.737499999999996,3,4,3.5361070110140926
CHEMBL54126,CN(C)C(=O)Oc1cccc([N+](C)(C)C)c1.[Br-],active,303.19999999999993,-1.052299999999998,0,2,10.366531544420413
CHEMBL1651044,C[C@@H]([C@H]1[C@H](O)C[C@@]2(C)[C@@H]3C=C[C@H]4C(C)(C)[C@@H](N(C)C)[C@H](O)C[C@@]45C[C@@]35CC[C@]12C)N(C)C,inactive,444.70400000000035,4.023400000000003,2,4,4.640164517660112
CHEMBL1651045,C[C@@H]1[C@@H]2CC[C@@H]3C(=CC[C@]4(C)[C@@H]([C@H](C)N(C)C)[C@H](O)C[C@@]34C)C=C2CC[C@@H]1N(C)C,inactive,414.6780000000003,4.972700000000005,1,3,4.58838029403677
CHEMBL1651046,C[C@@H]([C@H]1[C@H](O)C[C@@]2(C)[C@@H]3CC[C@@H]4C(=CC3=CC[C@]12C)CC[C@H](N(C)C)C4(C)C)N(C)C,inactive,428.7050000000002,5.362800000000005,1,3,4.525783735923745
CHEMBL1651041,CC(=O)O[C@@H]1C[C@@]2(C)[C@@H]3C[C@H]4OC[C@@]5(C)[C@@H](NC(=O)c6ccccc6)C=C[C@@](O)(CC3=CC[C@]2(C)[C@H]1[C@H](C)N(C)C)[C@@H]45,inactive,576.7780000000001,4.761600000000005,2,6,4.853871964321762
CHEMBL1651040,CC(=O)O[C@@H]1C[C@@]2(C)[C@@H]3CC[C@H]4[C@](C)(CO)[C@@H](NC(=O)c5ccccc5)C=C[C@]4(O)CC3=CC[C@]2(C)[C@H]1[C@H](C)N(C)C,inactive,578.7940000000002,4.745200000000005,3,6,4.519993057042849
CHEMBL1651047,C[C@@H]([C@H]1CC[C@@]2(C)[C@@H]3CC[C@@H]4C(=CC3=CC[C@]12C)CC[C@H](N(C)C)C4(C)C)N(C)C,inactive,412.7060000000002,6.392000000000007,0,2,4.096910013008056
CHEMBL1651048,C/C=C1/C(=O)C[C@@]2(C)[C@@H]3CC[C@H]4C(C)(C)[C@@H](N(C)C)CC[C@@]45C[C@@]35CC[C@]12C,inactive,383.6200000000003,5.864800000000007,0,2,4.235077015350112
CHEMBL1651038,CN[C@H]1CCC2=CC3=CC[C@]4(C)[C@@H]([C@H](C)N(C)C)[C@H](O)C[C@@]4(C)[C@@H]3CC[C@H]2C1(C)C,inactive,414.6780000000002,5.020600000000005,2,3,4.3979400086720375
CHEMBL659,COc1ccc2c3c1O[C@H]1C[C@@H](O)C=C[C@@]31CCN(C)C2,active,287.35900000000004,1.8503,1,4,6.275724130399211
CHEMBL1082433,O=C(CCC1CCN(Cc2ccccc2)CC1)c1ccccc1,active,307.437,4.561700000000004,0,2,6.519993057042849
CHEMBL75110,O=C(CCC1CCN(Cc2ccccc2)CC1)c1ccc2c(c1)CCN2,active,348.4900000000001,4.529700000000004,1,3,7.280006173632396
CHEMBL1082435,CCn1c(C)nc2cc(C(=O)CCC3CCN(Cc4ccccc4)CC3)ccc21,active,389.54300000000006,5.2397200000000055,0,4,8.369979148886591
CHEMBL1651125,O=C(CCC1CCN(Cc2ccccc2)CC1)c1ccc2c(c1)NC(c1ccccc1)N2,active,425.5760000000001,6.097900000000006,2,4,7.4800408192479315
CHEMBL73593,O=C(CCC1CCN(Cc2ccccc2)CC1)c1ccc2c(c1)NCCC2,active,362.51700000000017,4.919800000000004,1,3,6.779996573843064
CHEMBL1196495,O=C(CCC1CCN(Cc2ccccc2)CC1)c1ccc2c(c1)OCCO2,active,365.4730000000002,4.332900000000004,0,4,7.519993057042849
CHEMBL1651126,O=C(CCC1CCN(Cc2ccccc2)CC1)c1ccc2c(c1)CNCCC2,active,376.5440000000002,4.597500000000004,1,3,7.6399749108106025
CHEMBL1651127,O=C(CCC1CCN(Cc2ccccc2)CC1)c1ccc2c(c1)CCNCC2,active,376.5440000000002,4.249900000000003,1,3,7.599980364934842
CHEMBL1651128,O=C(CCC1CCN(Cc2ccccc2)CC1)c1ccc2c(c1)CNCCO2,active,378.5160000000002,4.043700000000003,1,4,7.400007822415902
CHEMBL1651129,O=C(CCC1CCN(Cc2ccccc2)CC1)c1cc2c3c(c1)CC(=O)N3CCC2,active,402.5380000000003,4.397000000000004,0,3,8.439973751087107
CHEMBL1651130,O=C(CCC1CCN(Cc2ccccc2)CC1)c1cc2c3c(c1)CCN3C(=O)CC2,active,402.5380000000003,4.397000000000004,0,3,8.010016541698601
CHEMBL1651131,O=C(CCC1CCN(Cc2ccccc2F)CC1)c1cc2c3c(ccn3C(=O)CC2)c1,active,418.5120000000002,5.2419000000000056,0,4,8.599980364934842
CHEMBL1651132,O=C(CCC1CCN(Cc2cccc(F)c2)CC1)c1cc2c3c(ccn3C(=O)CC2)c1,active,418.5120000000002,5.2419000000000056,0,4,8.890084136976206
CHEMBL1651133,O=C(CCC1CCN(Cc2ccccc2Cl)CC1)c1cc2c3c(ccn3C(=O)CC2)c1,active,434.9670000000003,5.756200000000005,0,4,8.289967300934247
CHEMBL1651134,O=C(CCC1CCN(Cc2cccc(Cl)c2)CC1)c1cc2c3c(ccn3C(=O)CC2)c1,active,434.9670000000003,5.756200000000005,0,4,8.309981219211304
CHEMBL1651135,O=C(CCC1CCN(Cc2ccc(Cl)cc2)CC1)c1cc2c3c(ccn3C(=O)CC2)c1,active,434.9670000000003,5.756200000000005,0,4,6.819988880942282
CHEMBL1651136,COc1ccccc1CN1CCC(CCC(=O)c2cc3c4c(ccn4C(=O)CC3)c2)CC1,active,430.54800000000023,5.111400000000005,0,5,7.189969213594161
CHEMBL1651137,COc1cccc(CN2CCC(CCC(=O)c3cc4c5c(ccn5C(=O)CC4)c3)CC2)c1,active,430.54800000000023,5.111400000000005,0,5,6.900008766455316
CHEMBL1651138,COc1ccc(CN2CCC(CCC(=O)c3cc4c5c(ccn5C(=O)CC4)c3)CC2)cc1,active,430.54800000000023,5.111400000000005,0,5,6.459996055149973
CHEMBL1651139,O=C(CCC1CCN(Cc2ccccc2O)CC1)c1cc2c3c(ccn3C(=O)CC2)c1,active,416.52100000000024,4.808400000000004,1,5,8.96018944585165
CHEMBL1651140,O=C(CCC1CCN(Cc2cccc(O)c2)CC1)c1cc2c3c(ccn3C(=O)CC2)c1,active,416.52100000000024,4.808400000000004,1,5,8.059981844992336
CHEMBL1651141,O=C(CCC1CCN(Cc2ccccc2[N+](=O)[O-])CC1)c1cc2c3c(ccn3C(=O)CC2)c1,active,445.51900000000035,5.011000000000005,0,6,7.0499760934766735
CHEMBL1651243,O=C(CCC1CCN(Cc2cccc([N+](=O)[O-])c2)CC1)c1cc2c3c(ccn3C(=O)CC2)c1,active,445.51900000000035,5.011000000000005,0,6,8.54000474395261
CHEMBL1651244,O=C(CCC1CCN(Cc2ccccc2)CC1)c1cc2c3c(c1)CCC(=O)N3CCC2,active,416.56500000000034,4.787100000000005,0,3,7.79997073344623
CHEMBL1651245,O=C(CCC1CCN(Cc2ccccc2)CC1)c1cc2c3c(c1)CCN3C(=O)CCC2,active,416.56500000000034,4.787100000000004,0,3,7.280006173632396
CHEMBL92460,c1ccc(CN2CCC(CCc3noc4ccccc34)CC2)cc1,active,320.4360000000001,4.6726000000000045,0,3,7.26003230324049
CHEMBL433379,Cc1ccc2onc(CCC3CCN(Cc4ccccc4)CC3)c2c1,active,334.4630000000001,4.981020000000005,0,3,8.110026361596004
CHEMBL91291,Cc1cc2onc(CCC3CCN(Cc4ccccc4)CC3)c2cc1C,active,348.4900000000002,5.289440000000005,0,3,8.240030142445693
CHEMBL94186,COc1ccc2onc(CCC3CCN(Cc4ccccc4)CC3)c2c1,active,350.46200000000005,4.681200000000005,0,4,8.14002155835798
CHEMBL418955,COc1ccc2c(CCC3CCN(Cc4ccccc4)CC3)noc2c1,active,350.4620000000001,4.681200000000004,0,4,8.079981083971084
CHEMBL93619,COc1cccc2c(CCC3CCN(Cc4ccccc4)CC3)noc12,active,350.4620000000001,4.681200000000004,0,4,8.15002808767115
CHEMBL92736,CC(=O)Nc1ccc2c(CCC3CCN(Cc4ccccc4)CC3)noc2c1,active,377.48800000000006,4.631000000000004,1,4,8.550059011226661
CHEMBL359570,O=C1Cc2cc3c(CCC4CCN(Cc5ccccc5)CC4)noc3cc2N1,active,375.47200000000015,4.167200000000003,1,4,9.480040819247932
CHEMBL329231,O=C1CCc2cc3c(CCC4CCN(Cc5ccccc5)CC4)noc3cc2N1,active,389.49900000000014,4.557300000000004,1,4,9.240030142445693
CHEMBL1179697,CN1C(=O)Cc2cc3c(CCC4CCN(Cc5ccccc5)CC4)noc3cc21,active,389.49900000000014,4.191500000000003,0,4,9.320027305722581
CHEMBL95020,O=C1Cc2c(ccc3c(CCC4CCN(Cc5ccccc5)CC4)noc23)N1,active,375.47200000000004,4.167200000000003,1,4,8.439973751087107
CHEMBL93123,O=C(Nc1ccc2c(CCC3CCN(Cc4ccccc4)CC3)noc2c1)c1ccccc1,active,439.55900000000014,5.924900000000005,1,4,8.029978734171634
CHEMBL1651246,CS(=O)(=O)Nc1ccc2c(CCC3CCN(Cc4ccccc4)CC3)noc2c1,active,413.5430000000001,4.044100000000003,1,5,7.849857838151442
CHEMBL1651247,c1ccc(CN2CCC(CCc3noc4cc(C5CCCCC5)ccc34)CC2)cc1,active,402.5820000000003,6.720300000000007,0,3,9.100015437450608
CHEMBL420625,Nc1ccc2c(CCC3CCN(Cc4ccccc4)CC3)noc2c1,active,335.45100000000014,4.254800000000004,1,4,7.700057099977233
CHEMBL330004,Brc1ccc2c(CCC3CCN(Cc4ccccc4)CC3)noc2c1,active,399.33200000000005,5.435100000000005,0,3,7.299988937677887
CHEMBL328102,c1ccc(CN2CCC(CCc3nsc4ccccc34)CC2)cc1,active,336.50400000000013,5.141100000000005,0,3,7.0
CHEMBL92142,c1ccc(CN2CCC(CCc3nccc4ccccc34)CC2)cc1,active,330.47500000000014,5.079600000000005,0,2,6.659992382003327
CHEMBL126939,C(=C/C1CCN(Cc2ccccc2)CC1)\c1noc2ccccc12,active,318.42,4.753200000000004,0,3,6.679999195735272
CHEMBL92629,c1ccc(CN2CCC(CNc3noc4ccccc34)CC2)cc1,active,321.42400000000015,4.151900000000003,1,4,6.490004907986601
CHEMBL328715,c1ccc(CN2CCC(CCNc3noc4ccccc34)CC2)cc1,active,335.45100000000014,4.542000000000003,1,4,6.090000275786018
CHEMBL1084790,Cc1nc2cc(C(=O)CCC3CCN(Cc4ccccc4)CC3)ccc2[nH]1,active,361.48900000000003,4.746420000000004,1,3,7.92009553233328
CHEMBL1084275,Cc1nc2ccc(C(=O)CCC3CCN(Cc4ccccc4)CC3)cc2s1,active,378.54100000000005,5.4798200000000055,0,4,8.169989064063882
CHEMBL1083661,O=C(CCC1CCN(Cc2ccccc2)CC1)c1ccc2c(c1)CCCN2,active,362.51700000000017,4.919800000000004,1,3,7.189969213594161
CHEMBL75013,O=C(CCC1CCN(Cc2ccccc2)CC1)c1ccc2c(c1)NCCCC2,active,376.5440000000002,5.309900000000005,1,3,6.710009933945681
CHEMBL1651248,O=C(CCC1CCN(Cc2ccc(F)cc2)CC1)c1cc2c3c(ccn3C(=O)CC2)c1,active,418.5120000000002,5.2419000000000056,0,4,8.33998877871067
CHEMBL1651249,O=C(CCC1CCN(Cc2ccc(O)cc2)CC1)c1cc2c3c(ccn3C(=O)CC2)c1,active,416.52100000000024,4.808400000000005,1,5,9.309981219211304
CHEMBL1651250,O=C(CCC1CCN(Cc2ccc([N+](=O)[O-])cc2)CC1)c1cc2c3c(ccn3C(=O)CC2)c1,active,445.51900000000035,5.011000000000005,0,6,7.36997914888659
CHEMBL328468,O=C1Cc2cc3onc(CCC4CCN(Cc5ccccc5)CC4)c3cc2N1,active,375.4720000000001,4.167200000000003,1,4,9.019996628416253
CHEMBL92463,Oc1ccc2c(CCC3CCN(Cc4ccccc4)CC3)noc2c1,active,336.4350000000001,4.378200000000004,1,4,7.590066876668706
CHEMBL92663,NC(=O)c1ccc2c(CCC3CCN(Cc4ccccc4)CC3)noc2c1,active,363.46100000000007,3.771500000000003,1,4,8.059981844992336
CHEMBL92958,c1ccc(CN2CCC(CCc3n[nH]c4ccccc34)CC2)cc1,active,319.4520000000001,4.407700000000004,1,2,6.919987152892072
CHEMBL329531,c1ccc(CN2CCC(CCc3ncnc4ccccc34)CC2)cc1,active,331.46300000000014,4.474600000000004,0,3,6.470005326930858
CHEMBL93241,c1ccc(CN2CCC(CCCc3noc4ccccc34)CC2)cc1,active,334.4630000000001,5.062700000000005,0,3,6.050000457140078
CHEMBL1669479,C[N+](C)(CCNC(=O)C(=O)NCC[N+](C)(C)Cc1ccccc1Cl)Cc1ccccc1Cl.[Cl-].[Cl-],active,552.374,-2.9131999999999927,2,2,9.154901959985743
CHEMBL1669480,[Br-].[Br-].c1ccc2c[n+](C[n+]3ccc4ccccc4c3)ccc2c1,inactive,432.1590000000001,-2.9181999999999952,0,0,3.184422251675733
CHEMBL1669481,[Br-].[Br-].c1ccc2c[n+](CCC[n+]3ccc4ccccc4c3)ccc2c1,inactive,460.2130000000002,-2.333699999999994,0,0,3.350665141287858
CHEMBL1669482,[Br-].[Br-].c1ccc2c[n+](CCCC[n+]3ccc4ccccc4c3)ccc2c1,inactive,474.24000000000024,-1.943599999999994,0,0,4.443697499232712
CHEMBL1669483,[Br-].[Br-].c1ccc2c[n+](CCCCC[n+]3ccc4ccccc4c3)ccc2c1,inactive,488.2670000000003,-1.5534999999999943,0,0,4.886056647693163
CHEMBL1669484,[Br-].[Br-].c1ccc2c[n+](CCCCCC[n+]3ccc4ccccc4c3)ccc2c1,active,502.2940000000003,-1.1633999999999947,0,0,6.522878745280337
CHEMBL1669485,[Br-].[Br-].c1ccc2c[n+](CCCCCCC[n+]3ccc4ccccc4c3)ccc2c1,active,516.3210000000004,-0.773299999999995,0,0,6.301029995663981
CHEMBL1669486,[Br-].[Br-].c1ccc2c[n+](CCCCCCCC[n+]3ccc4ccccc4c3)ccc2c1,active,530.3480000000004,-0.38319999999999554,0,0,8.301029995663981
CHEMBL104553,[Br-].[Br-].c1ccc2c[n+](CCCCCCCCC[n+]3ccc4ccccc4c3)ccc2c1,active,544.3750000000005,0.006900000000004125,0,0,7.3979400086720375
CHEMBL1643944,[Br-].[Br-].c1ccc2c[n+](CCCCCCCCCC[n+]3ccc4ccccc4c3)ccc2c1,active,558.4020000000005,0.3970000000000038,0,0,7.301029995663981
CHEMBL104613,[Br-].[Br-].c1ccc2c[n+](CCCCCCCCCCC[n+]3ccc4ccccc4c3)ccc2c1,active,572.4290000000005,0.7871000000000035,0,0,7.0
CHEMBL105537,[Br-].[Br-].c1ccc2c[n+](CCCCCCCCCCCC[n+]3ccc4ccccc4c3)ccc2c1,inactive,586.4560000000005,1.1772000000000031,0,0,3.8632794328435933
CHEMBL1669488,[Br-].[Br-].c1ccc2c[n+](CCOCC[n+]3ccc4ccccc4c3)ccc2c1,inactive,490.23900000000026,-2.707199999999993,0,1,2.8827287043442356
CHEMBL1669490,C(=C\C[n+]1ccc2ccccc2c1)\C[n+]1ccc2ccccc2c1.[Cl-].[Cl-],inactive,383.322,-2.1675999999999958,0,0,4.769551078621726
CHEMBL1669491,[Br-].[Br-].c1ccc(C[n+]2ccc3ccccc3c2)c(C[n+]2ccc3ccccc3c2)c1,inactive,522.2840000000002,-1.3273999999999941,0,0,3.6020599913279625
CHEMBL1669493,[Br-].[Br-].c1ccc2c[n+](Cc3ccc(C[n+]4ccc5ccccc5c4)cc3)ccc2c1,inactive,522.2840000000002,-1.3273999999999941,0,0,4.920818753952375
CHEMBL1669494,[Br-].[Br-].c1ccc2c[n+](Cc3ccc4ccc(C[n+]5ccc6ccccc6c5)cc4c3)ccc2c1,active,572.3440000000003,-0.17419999999999614,0,0,6.522878745280337
CHEMBL464538,C=CC[N+](C)(C)c1ccc(CCC(=O)CCc2ccc([N+](C)(C)CC=C)cc2)cc1.[Br-].[Br-],active,566.422,-0.6650999999999943,0,1,7.522878745280337
CHEMBL1200970,CCN(CC)C(C)CN1c2ccccc2Sc2ccccc21.Cl,inactive,348.94300000000004,5.441400000000005,0,3,2.9913998282380825
CHEMBL1668333,CC(C)=CC(=O)C[C@H](C)c1ccc(C)cc1,inactive,216.324,4.023920000000003,0,1,3.718739312944987
CHEMBL1668334,Cc1ccc([C@@H](C)CC(=O)CC(C)C)cc1,inactive,218.34,4.103820000000003,0,1,4.088842391260023
CHEMBL1761992,[Br-].[Br-].c1ccc2c(c1)ccc[n+]2CCCC[n+]1cccc2ccccc21,inactive,474.2400000000003,-1.943599999999994,0,0,4.42021640338319
CHEMBL601410,[Br-].[Br-].c1ccc2c(c1)ccc[n+]2CCCCCC[n+]1cccc2ccccc21,inactive,502.2940000000004,-1.1633999999999947,0,0,4.6020599913279625
CHEMBL1761994,[Br-].[Br-].c1ccc2c(c1)ccc[n+]2CCCCCCC[n+]1cccc2ccccc21,active,516.3210000000004,-0.773299999999995,0,0,7.045757490560675
CHEMBL1761995,[Br-].[Br-].c1ccc2c(c1)ccc[n+]2CCCCCCCC[n+]1cccc2ccccc21,active,530.3480000000004,-0.38319999999999554,0,0,7.096910013008056
CHEMBL105017,[Br-].[Br-].c1ccc2c(c1)ccc[n+]2CCCCCCCCC[n+]1cccc2ccccc21,active,544.3750000000005,0.006900000000004125,0,0,7.096910013008056
CHEMBL225577,[Br-].[Br-].c1ccc2c(c1)ccc[n+]2CCCCCCCCCC[n+]1cccc2ccccc21,active,558.4020000000005,0.3970000000000038,0,0,9.0
CHEMBL105257,[Br-].[Br-].c1ccc2c(c1)ccc[n+]2CCCCCCCCCCC[n+]1cccc2ccccc21,active,572.4290000000005,0.7871000000000035,0,0,8.0
CHEMBL104387,[Br-].[Br-].c1ccc2c(c1)ccc[n+]2CCCCCCCCCCCC[n+]1cccc2ccccc21,active,586.4560000000006,1.1772000000000031,0,0,7.698970004336019
CHEMBL1761996,[Cl-].[Cl-].c1ccc2c(c1)ccc[n+]2COC[n+]1cccc2ccccc21,inactive,373.2830000000001,-2.792199999999994,0,1,3.378823718224965
CHEMBL1761997,[Br-].[Br-].c1ccc2c(c1)ccc[n+]2CCOCC[n+]1cccc2ccccc21,inactive,490.2390000000003,-2.707199999999993,0,1,4.455931955649724
CHEMBL1762000,[Br-].[Br-].c1ccc(C[n+]2cccc3ccccc32)c(C[n+]2cccc3ccccc32)c1,inactive,522.2840000000002,-1.3273999999999941,0,0,4.455931955649724
CHEMBL1762001,[Br-].[Br-].c1cc(C[n+]2cccc3ccccc32)cc(C[n+]2cccc3ccccc32)c1,inactive,522.2840000000002,-1.3273999999999941,0,0,4.3979400086720375
CHEMBL1762003,[Br-].[Br-].c1ccc2c(c1)ccc[n+]2Cc1ccc2ccc(C[n+]3cccc4ccccc43)cc2c1,active,572.3440000000003,-0.17419999999999525,0,0,6.096910013008056
CHEMBL1669479,C[N+](C)(CCNC(=O)C(=O)NCC[N+](C)(C)Cc1ccccc1Cl)Cc1ccccc1Cl.[Cl-].[Cl-],active,552.374,-2.9131999999999927,2,2,9.154901959985743
CHEMBL464538,C=CC[N+](C)(C)c1ccc(CCC(=O)CCc2ccc([N+](C)(C)CC=C)cc2)cc1.[Br-].[Br-],active,566.422,-0.6650999999999943,0,1,7.522878745280337
CHEMBL1200970,CCN(CC)C(C)CN1c2ccccc2Sc2ccccc21.Cl,inactive,348.94300000000004,5.441400000000005,0,3,2.9913998282380825
CHEMBL1678,COc1cc2c(cc1OC)C(=O)C(CC1CCN(Cc3ccccc3)CC1)C2.Cl,active,415.9610000000002,4.782900000000006,0,4,7.494850021680094
CHEMBL32823,c1ccc2c(NCCCCCCCNc3c4c(nc5ccccc35)CCCC4)c3c(nc2c1)CCCC3,active,492.7110000000004,8.015100000000007,2,4,8.397940008672037
CHEMBL1677,Cl.Nc1c2c(nc3ccccc13)CCCC2,active,234.72999999999996,3.1176000000000013,1,2,7.031517051446065
CHEMBL1766151,CC1CCN(c2nccc(NCc3cccc4ccccc34)n2)CC1,inactive,332.45100000000014,4.478200000000003,1,4,4.58838029403677
CHEMBL1084213,CN1CCN(c2nccc(NCc3cccc4ccccc34)n2)CC1,inactive,333.43900000000014,2.9937000000000014,1,5,4.756961951313706
CHEMBL1084212,c1ccc2c(CNc3ccnc(N4CCSCC4)n3)cccc2c1,inactive,336.46400000000006,3.7951000000000024,1,5,4.892790030352131
CHEMBL1084211,c1ccc2c(CNc3ccnc(N4CCOCC4)n3)cccc2c1,inactive,320.39599999999996,3.078500000000002,1,5,4.8326826652518236
CHEMBL1766150,CC(=O)N1CCN(c2nccc(NCCc3ccccc3)n2)CC1,inactive,325.4160000000001,1.7996999999999994,1,5,4.701146923590294
CHEMBL1082980,CN1CCN(c2nccc(NCCc3ccccc3)n2)CC1,inactive,297.40600000000006,1.8829999999999996,1,5,4.690369832574101
CHEMBL1082979,c1ccc(CCNc2ccnc(N3CCSCC3)n2)cc1,inactive,300.43100000000004,2.684400000000001,1,5,4.578396073130169
CHEMBL1085505,c1ccc(CCNc2ccnc(N3CCOCC3)n2)cc1,inactive,284.36299999999994,1.9678,1,5,4.705533773838407
CHEMBL1766149,c1ccc(CNc2ccnc(N3CCNCC3)n2)cc1,inactive,269.3519999999999,1.4982999999999995,2,5,4.809668301829708
CHEMBL1766148,O=S1(=O)CCN(c2nccc(NCc3ccccc3)n2)CC1,inactive,318.4020000000001,1.3235,1,6,4.616184634019569
CHEMBL1766147,[O-][S+]1CCN(c2nccc(NCc3ccccc3)n2)CC1,inactive,302.40300000000013,1.6574,1,5,4.899629454882437
CHEMBL1766146,c1ccc(CNc2ccnc(NC3CCN(Cc4ccccc4)CC3)n2)cc1,inactive,373.5040000000001,4.165200000000003,2,5,4.906578314837765
CHEMBL1766145,FC(F)(F)c1ccc(CN2CCN(c3nccc(NCc4ccccc4)n3)CC2)cc1,inactive,427.47400000000016,4.429700000000003,1,5,4.540607512240769
CHEMBL1766144,Fc1ccc(CN2CCN(c3nccc(NCc4ccccc4)n3)CC2)cc1,inactive,377.46700000000016,3.5500000000000025,1,5,4.665546248849069
CHEMBL1766143,Brc1ccc(CN2CCN(c3nccc(NCc4ccccc4)n3)CC2)cc1,inactive,438.37300000000016,4.173400000000003,1,5,4.5934598195660445
CHEMBL1766142,Clc1ccc(CN2CCN(c3nccc(NCc4ccccc4)n3)CC2)cc1,inactive,393.92200000000014,4.064300000000003,1,5,4.694648630553377
CHEMBL1766141,COCCN1CCN(c2nccc(NCc3ccccc3)n2)CC1,inactive,327.43200000000013,1.8570999999999998,1,6,4.573488738635425
CHEMBL1766140,OCCN1CCN(c2nccc(NCc3ccccc3)n2)CC1,inactive,313.40500000000014,1.2029999999999994,2,6,4.578396073130169
CHEMBL1766139,CCCN1CCN(c2nccc(NCc3ccccc3)n2)CC1,inactive,311.4330000000001,2.620700000000001,1,5,4.815308569182401
CHEMBL1766020,CC(C)C1CCN(c2nccc(NCc3ccccc3)n2)CC1,inactive,310.4450000000001,3.9611000000000027,1,4,4.847711655616943
CHEMBL1766019,CC(C)N1CCN(c2nccc(NCc3ccccc3)n2)CC1,inactive,311.4330000000001,2.6191000000000004,1,5,4.6020599913279625
CHEMBL1766018,c1ccc(CNc2ccnc(N3CCN(C4CCCCC4)CC3)n2)cc1,inactive,351.4980000000001,3.5434000000000028,1,5,4.640164517660112
CHEMBL1766017,CC(C)(C)OC(=O)N1CCN(c2nccc(NCc3ccccc3)n2)CC1,inactive,369.4690000000001,3.145800000000002,1,6,4.72584215073632
CHEMBL1766016,CC(=O)N1CCN(c2nccc(NCc3ccccc3)n2)CC1,inactive,311.3890000000001,1.7571999999999994,1,5,4.779891911959945
CHEMBL1082977,CC1CCN(c2nccc(NCc3ccccc3)n2)CC1,inactive,282.3910000000001,3.325000000000002,1,4,4.735182176990463
CHEMBL1084808,CN1CCN(c2nccc(NCc3ccccc3)n2)CC1,inactive,283.3790000000001,1.8404999999999996,1,5,4.603800652904264
CHEMBL1086014,c1ccc(CNc2ccnc(N3CCSCC3)n2)cc1,inactive,286.40399999999994,2.6419000000000006,1,5,4.634512015109101
CHEMBL1085781,c1ccc(CNc2ccnc(N3CCOCC3)n2)cc1,inactive,270.3359999999999,1.9253,1,5,4.853871964321762
CHEMBL283509,COc1ccc(-c2cc3c(c(=O)o2)C[C@]2(O)[C@@]4(C)C(=O)C=CC(C)(C)[C@]4(O)CC[C@@]2(C)O3)cc1OC,active,496.5560000000003,3.445000000000002,2,8,9.0
CHEMBL502,COc1cc2c(cc1OC)C(=O)C(CC1CCN(Cc3ccccc3)CC1)C2,active,379.50000000000017,4.361100000000004,0,4,8.221848749616356
CHEMBL95,Nc1c2c(nc3ccccc13)CCCC2,active,198.26899999999992,2.695800000000001,1,2,6.698970004336019
CHEMBL636,CCN(C)C(=O)Oc1cccc([C@H](C)N(C)C)c1,active,250.34199999999998,2.7597000000000014,0,3,7.267606240177032
CHEMBL659,COc1ccc2c3c1O[C@H]1C[C@@H](O)C=C[C@@]31CCN(C)C2,active,287.35900000000004,1.8503,1,4,6.455931955649724
CHEMBL1255901,C/C=C1\[C@H]2C=C(C)C[C@@]1(N)c1ccc(=O)[nH]c1C2,active,242.32199999999997,1.9975,2,2,8.301029995663981
CHEMBL24686,COc1cc(-c2cc3c(c(=O)o2)C[C@]2(O)[C@@]4(C)C(=O)C=CC(C)(C)[C@]4(O)CC[C@@]2(C)O3)cc(OC)c1OC,active,526.5820000000003,3.4536000000000024,2,9,8.221848749616356
CHEMBL1770548,COc1cc(CNCCCNC2=CC(=O)C(NCCCNCc3ccc(O)c(OC)c3)=CC2=O)ccc1O,active,524.6180000000004,1.8734000000000015,6,10,6.703334809738469
CHEMBL1770549,COc1cc(CNCCCCCCNC2=CC(=O)C(NCCCCCCNCc3ccc(O)c(OC)c3)=CC2=O)ccc1O,active,608.7800000000004,4.214000000000003,6,10,6.991399828238082
CHEMBL1770550,O=C1C=C(NCCCNCc2cc3ccccc3o2)C(=O)C=C1NCCCNCc1cc2ccccc2o1,inactive,512.6100000000004,3.937400000000002,4,8,4.661543506395395
CHEMBL1770551,O=C1C=C(NCCCCCCNCc2cc3ccccc3o2)C(=O)C=C1NCCCCCCNCc1cc2ccccc2o1,inactive,596.7720000000004,6.278000000000006,4,8,5.0
CHEMBL1770552,O=C1C=C(NCCCNCc2nc3ccccc3s2)C(=O)C=C1NCCCNCc1nc2ccccc2s1,inactive,546.7220000000003,3.6644000000000014,4,10,5.0
CHEMBL1770553,O=C1C=C(NCCCCCCNCc2nc3ccccc3s2)C(=O)C=C1NCCCCCCNCc1nc2ccccc2s1,inactive,630.8840000000004,6.005000000000005,4,10,4.657577319177793
CHEMBL1770554,O=C1C=C(NCCCNCc2ccc(-c3nc4ccccc4s3)cc2)C(=O)C=C1NCCCNCc1ccc(-c2nc3ccccc3s2)cc1,inactive,698.9180000000002,6.998400000000007,4,10,4.503070351926785
CHEMBL1770555,O=C1C=C(NCCCCCCNCc2ccc(-c3nc4ccccc4s3)cc2)C(=O)C=C1NCCCCCCNCc1ccc(-c2nc3ccccc3s2)cc1,active,783.0799999999998,9.339,4,10,6.515700160653214
CHEMBL188821,[Br-].[Br-].c1cc(C[n+]2ccc(N3CCCCC3)cc2)ccc1C[n+]1ccc(N2CCCCC2)cc1,active,588.4320000000001,-1.653199999999991,0,2,7.1249387366083
CHEMBL187404,[Br-].[Br-].c1cc(C[n+]2ccc(N3CCCCC3)cc2)cc(-c2cccc(C[n+]3ccc(N4CCCCC4)cc3)c2)c1,active,664.53,0.013800000000007584,0,2,7.221848749616356
CHEMBL1771549,[Br-].[Br-].c1cc(C[N+]23CCC(CC2)CC3)cc(-c2cccc(C[N+]34CCC(CC3)CC4)c2)c1,active,562.4340000000003,-0.3773999999999931,0,0,6.2076083105017466
CHEMBL1771556,COc1cc2c(cc1OC)CN(c1cc[n+](Cc3ccc(C[n+]4ccc(N5CCCCC5)cc4)cc3)cc1)CC2.[Br-].[Br-],active,696.5280000000002,-1.063599999999993,0,4,7.2076083105017466
CHEMBL502,COc1cc2c(cc1OC)C(=O)C(CC1CCN(Cc3ccccc3)CC1)C2,active,379.50000000000017,4.361100000000004,0,4,7.7447274948966935
CHEMBL95,Nc1c2c(nc3ccccc13)CCCC2,active,198.26899999999992,2.695800000000001,1,2,6.958607314841775
CHEMBL1773478,CCN(CC)CC(=O)Nc1ccc(C(=O)c2ccc(CN(C)Cc3ccccc3)cc2)cc1,active,443.5910000000002,4.829900000000005,1,4,6.6777807052660805
CHEMBL1773479,CN(Cc1ccccc1)Cc1ccc(C(=O)c2ccc(NC(=O)CN3CCCCC3)cc2)cc1,active,455.60200000000026,4.974000000000005,1,4,6.259637310505756
CHEMBL1773480,CN(Cc1ccccc1)Cc1ccc(C(=O)c2ccc(NC(=O)CN3CCOCC3)cc2)cc1,active,457.57400000000024,3.8203000000000022,1,5,6.142667503568731
CHEMBL1773481,CN(Cc1ccccc1)Cc1ccc(C(=O)c2ccc(NC(=O)CCCCN3CCCCC3)cc2)cc1,active,497.6830000000004,6.1443000000000065,1,4,6.66354026615147
CHEMBL1773482,CCN(CC)CCCOc1ccc(C(=O)c2ccc(CN(C)Cc3ccccc3)cc2)cc1,active,444.6190000000002,5.6603000000000065,0,4,7.6020599913279625
CHEMBL1773483,CN(Cc1ccccc1)Cc1ccc(C(=O)c2ccc(OCCCN3CCCCC3)cc2)cc1,active,456.63000000000034,5.804400000000006,0,4,7.619788758288394
CHEMBL1773484,CN(Cc1ccccc1)Cc1ccc(C(=O)c2ccc(OCCCN3CCOCC3)cc2)cc1,active,458.6020000000003,4.650700000000004,0,5,6.97061622231479
CHEMBL1773485,CN(Cc1ccccc1)Cc1ccc(C(=O)c2ccc(OCCCN3CCC(n4c(=O)[nH]c5ccccc54)CC3)cc2)cc1,active,588.7520000000002,6.298600000000007,1,6,7.167491087293763
CHEMBL1773486,CCN(CC)CCCCCOc1ccc(C(=O)c2ccc(CN(C)Cc3ccccc3)cc2)cc1,active,472.6730000000002,6.440500000000007,0,4,6.841637507904751
CHEMBL1773487,CN(Cc1ccccc1)Cc1ccc(C(=O)c2ccc(OCCCCCN3CCCCC3)cc2)cc1,active,484.6840000000004,6.584600000000007,0,4,6.844663962534939
CHEMBL1773488,CCN(CC)CCCCCCOc1ccc(C(=O)c2ccc(CN(C)Cc3ccccc3)cc2)cc1,active,486.7000000000002,6.830600000000008,0,4,6.590066876668706
CHEMBL1773489,CN(Cc1ccccc1)Cc1ccc(C(=O)c2ccc(OCCCCCCN3CCCCC3)cc2)cc1,active,498.71100000000047,6.9747000000000074,0,4,6.6777807052660805
CHEMBL1773490,CCN(CC)CCCCCCCOc1ccc(C(=O)c2ccc(CN(C)Cc3ccccc3)cc2)cc1,active,500.7270000000002,7.220700000000009,0,4,6.0915149811213505
CHEMBL1773491,CN(Cc1ccccc1)Cc1ccc(C(=O)c2ccc(OCCCCCCCN3CCCCC3)cc2)cc1,active,512.7380000000005,7.364800000000009,0,4,6.958607314841775
CHEMBL1773492,CCN(CC)CCc1ccc(Oc2ccc(C(=O)c3ccc(CN(C)Cc4ccccc4)cc3)cc2)cc1,active,506.6900000000002,7.2262000000000075,0,4,6.886056647693163
CHEMBL502,COc1cc2c(cc1OC)C(=O)C(CC1CCN(Cc3ccccc3)CC1)C2,active,379.50000000000017,4.361100000000004,0,4,7.638272163982407
CHEMBL345124,CC[N+](C)(CC)CCC[n+]1c(-c2ccccc2)c2cc(N)ccc2c2ccc(N)cc21.[I-].[I-],inactive,668.4050000000002,-1.0035999999999945,2,2,4.494850021680094
CHEMBL95,Nc1c2c(nc3ccccc13)CCCC2,active,198.26899999999992,2.695800000000001,1,2,6.721246399047171
CHEMBL433041,CCCCCCCNC(=O)Oc1ccc2c(c1)[C@]1(C)CCN(C)[C@@H]1N2C,active,359.5140000000002,4.114500000000003,1,4,7.657577319177793
CHEMBL659,COc1ccc2c3c1O[C@H]1C[C@@H](O)C=C[C@@]31CCN(C)C2,active,287.35900000000004,1.8503,1,4,6.096910013008056
CHEMBL502,COc1cc2c(cc1OC)C(=O)C(CC1CCN(Cc3ccccc3)CC1)C2,active,379.50000000000017,4.361100000000004,0,4,7.657577319177793
CHEMBL1080386,CC(C)c1ccc(NC(=O)Oc2ccc3c(c2)[C@]2(C)CCN(CCc4ccccc4)[C@@H]2N3C)cc1,inactive,469.62900000000025,6.402900000000008,1,4,4.522878745280337
CHEMBL1782707,CN(C)CC(C)(C)c1cccc(OC(=O)NCCCCN2CCOCC2)c1,inactive,377.5290000000002,2.7266000000000004,1,5,4.0
CHEMBL1206,CCN(CC)C(C)CN1c2ccccc2Sc2ccccc21,active,312.482,5.019600000000005,0,3,6.585026652029182
CHEMBL95,Nc1c2c(nc3ccccc13)CCCC2,active,198.26899999999992,2.695800000000001,1,2,6.721246399047171
CHEMBL433041,CCCCCCCNC(=O)Oc1ccc2c(c1)[C@]1(C)CCN(C)[C@@H]1N2C,inactive,359.5140000000002,4.114500000000003,1,4,4.657577319177793
CHEMBL659,COc1ccc2c3c1O[C@H]1C[C@@H](O)C=C[C@@]31CCN(C)C2,active,287.35900000000004,1.8503,1,4,6.096910013008056
CHEMBL502,COc1cc2c(cc1OC)C(=O)C(CC1CCN(Cc3ccccc3)CC1)C2,active,379.50000000000017,4.361100000000004,0,4,7.657577319177793
CHEMBL1080386,CC(C)c1ccc(NC(=O)Oc2ccc3c(c2)[C@]2(C)CCN(CCc4ccccc4)[C@@H]2N3C)cc1,inactive,469.62900000000025,6.402900000000008,1,4,4.522878745280337
CHEMBL1782707,CN(C)CC(C)(C)c1cccc(OC(=O)NCCCCN2CCOCC2)c1,inactive,377.5290000000002,2.7266000000000004,1,5,4.0
CHEMBL1206,CCN(CC)C(C)CN1c2ccccc2Sc2ccccc21,inactive,312.482,5.019600000000005,0,3,3.585026652029182
CHEMBL95,Nc1c2c(nc3ccccc13)CCCC2,active,198.26899999999992,2.695800000000001,1,2,7.327902142064283
CHEMBL433041,CCCCCCCNC(=O)Oc1ccc2c(c1)[C@]1(C)CCN(C)[C@@H]1N2C,active,359.5140000000002,4.114500000000003,1,4,8.301029995663981
CHEMBL636,CCN(C)C(=O)Oc1cccc([C@H](C)N(C)C)c1,active,250.34199999999998,2.7597000000000014,0,3,7.431798275933005
CHEMBL1080386,CC(C)c1ccc(NC(=O)Oc2ccc3c(c2)[C@]2(C)CCN(CCc4ccccc4)[C@@H]2N3C)cc1,active,469.62900000000025,6.402900000000008,1,4,8.221848749616356
CHEMBL1782707,CN(C)CC(C)(C)c1cccc(OC(=O)NCCCCN2CCOCC2)c1,active,377.5290000000002,2.7266000000000004,1,5,8.045757490560675
CHEMBL1206,CCN(CC)C(C)CN1c2ccccc2Sc2ccccc21,active,312.482,5.019600000000005,0,3,6.522878745280337
CHEMBL95,Nc1c2c(nc3ccccc13)CCCC2,active,198.26899999999992,2.695800000000001,1,2,7.327902142064283
CHEMBL433041,CCCCCCCNC(=O)Oc1ccc2c(c1)[C@]1(C)CCN(C)[C@@H]1N2C,active,359.5140000000002,4.114500000000003,1,4,8.301029995663981
CHEMBL636,CCN(C)C(=O)Oc1cccc([C@H](C)N(C)C)c1,active,250.34199999999998,2.7597000000000014,0,3,7.431798275933005
CHEMBL1080386,CC(C)c1ccc(NC(=O)Oc2ccc3c(c2)[C@]2(C)CCN(CCc4ccccc4)[C@@H]2N3C)cc1,active,469.62900000000025,6.402900000000008,1,4,8.221848749616356
CHEMBL1782707,CN(C)CC(C)(C)c1cccc(OC(=O)NCCCCN2CCOCC2)c1,active,377.5290000000002,2.7266000000000004,1,5,8.045757490560675
CHEMBL1206,CCN(CC)C(C)CN1c2ccccc2Sc2ccccc21,active,312.482,5.019600000000005,0,3,6.522878745280337
CHEMBL1784957,C[C@@H](Cc1ccccc1)NC(=O)Oc1cccc([C@H](C)N(C)C)c1.Cl,active,362.901,4.450600000000005,1,3,6.29413628771608
CHEMBL1784956,C[C@H](Cc1ccccc1)NC(=O)Oc1cccc([C@H](C)N(C)C)c1.Cl,active,362.901,4.450600000000005,1,3,6.393618634889395
CHEMBL1784955,C[C@@H](c1cccc(OC(=O)N(C)[C@@H](C)Cc2ccccc2)c1)N(C)C.Cl,active,376.92800000000005,4.792800000000005,0,3,6.882728704344236
CHEMBL1784958,C[C@H](Cc1ccccc1)N(C)C(=O)Oc1cccc([C@H](C)N(C)C)c1.Cl,active,376.92800000000005,4.792800000000005,0,3,6.519993057042849
CHEMBL1783529,C[C@@H]([C@H]1[C@H](O)C[C@@]2(C)[C@@H]3CC[C@H]4[C@]5(C)COC(C(F)(F)F)=N[C@H]5CC[C@@]45C[C@@]35C(=O)C[C@]12C)N(C)C,inactive,510.6410000000003,4.865100000000004,1,5,5.0
CHEMBL1783530,C[C@@H]([C@H]1[C@H](O)C[C@@]2(C)[C@@H]3CC[C@H]4[C@]5(C)COC(C(C)(C)F)=N[C@H]5CC[C@@]45C[C@@]35C(=O)C[C@]12C)N(C)C,active,502.7150000000004,5.050900000000006,1,5,6.128427064454121
CHEMBL1783532,CC(C)C1=N[C@H]2CC[C@]34C[C@]35C(=O)C[C@]3(C)[C@@H]([C@H](C)N(C)C)[C@H](O)C[C@@]3(C)[C@@H]5CC[C@H]4[C@]2(C)CN1C,inactive,497.7680000000003,4.874000000000005,1,5,5.0
CHEMBL1782071,CCN1C[C@]2(C)[C@H](CC=C3C[C@H]4C(=O)C[C@]5(C)[C@@H]([C@H](C)N(C)C)[C@H](O)C[C@@]5(C)[C@@H]4CC[C@H]32)N=C1C(C)C,inactive,511.7950000000003,5.4302000000000055,1,5,5.0
CHEMBL1783533,CC(C)C1=N[C@H]2CC[C@]34C[C@]35C(=O)C[C@]3(C)[C@@H]([C@H](C)N(C)C)[C@H](O)C[C@@]3(C)[C@@H]5CC[C@H]4[C@]2(C)N1,inactive,469.7140000000002,4.284200000000004,2,5,5.0
CHEMBL1783534,CC(C)C1=N[C@H]2CC[C@]34C[C@]35C(=O)C[C@]3(C)[C@@H]([C@H](C)N(C)C)[C@H](O)C[C@@]3(C)[C@@H]5CC[C@H]4[C@]2(C)C=C1,active,480.73700000000025,5.540900000000006,1,4,7.6020599913279625
CHEMBL1783535,CC(C)C1=N[C@H]2CC[C@]34C[C@]35C(=O)C[C@]3(C)[C@@H]([C@H](C)N(C)C)[C@H](O)C[C@@]3(C)[C@@H]5CC[C@H]4[C@]2(C)CC1,active,482.7530000000003,5.764900000000006,1,4,6.209011524911184
CHEMBL1783520,CC(C)C1=N[C@H]2CC[C@]34C[C@]35C(=O)C[C@]3(C)[C@@H]([C@H](C)N(C)C)[C@H](O)C[C@@]3(C)[C@@H]5CC[C@H]4[C@]2(C)CS1,active,500.7930000000003,5.675400000000007,1,5,7.221848749616356
CHEMBL1783521,CN[C@@H](C)[C@H]1[C@H](O)C[C@@]2(C)[C@@H]3CC[C@H]4[C@]5(C)CSC(C(C)C)=N[C@H]5CC[C@@]45C[C@@]35C(=O)C[C@]12C,active,486.76600000000036,5.333200000000005,2,5,7.119186407719209
CHEMBL1783522,CC(=O)N(C)[C@@H](C)[C@H]1[C@H](O)C[C@@]2(C)[C@@H]3CC[C@H]4[C@]5(C)CSC(C(C)C)=N[C@H]5CC[C@@]45C[C@@]35C(=O)C[C@]12C,active,528.8030000000003,5.5921000000000065,1,5,6.525783735923745
CHEMBL1783523,CC(C)C1=N[C@H]2CC[C@]34C[C@]35C(=O)C[C@]3(C)[C@@H]([C@H](C)N(C)C(=O)c6ccccc6)[C@H](O)C[C@@]3(C)[C@@H]5CC[C@H]4[C@]2(C)CS1,active,590.8740000000001,6.886000000000009,1,5,7.366531544420414
CHEMBL1783524,CC(C)C1=N[C@H]2CC[C@]34C[C@]35C(=O)C[C@]3(C)[C@@H]([C@H](C)N(C)C(=O)OC(C)(C)C)[C@H](O)C[C@@]3(C)[C@@H]5CC[C@H]4[C@]2(C)CS1,active,586.8830000000003,6.9807000000000095,1,6,6.798602875679548
CHEMBL1783525,CC(C)C1=N[C@H]2CC[C@]34C[C@]35C(=O)C[C@]3(C)[C@@H]([C@H](C)N(C)Cc6ccccc6)[C@H](O)C[C@@]3(C)[C@@H]5CC[C@H]4[C@]2(C)CS1,active,576.8910000000002,7.24580000000001,1,5,8.154901959985743
CHEMBL1783526,CC(C)C1=N[C@H]2CC[C@]34C[C@]35C(=O)C[C@]3(C)[C@@H]([C@H](C)N(C)CCc6ccccc6)[C@H](O)C[C@@]3(C)[C@@H]5CC[C@H]4[C@]2(C)CS1,active,590.9180000000002,7.28830000000001,1,5,7.698970004336019
CHEMBL1783527,CC(C)C1=N[C@H]2CC[C@]34C[C@]35C(=O)C[C@]3(C)[C@@H]([C@H](C)N(C)CCCc6ccccc6)[C@H](O)C[C@@]3(C)[C@@H]5CC[C@H]4[C@]2(C)CS1,active,604.9450000000002,7.6784000000000106,1,5,7.119186407719209
CHEMBL1783528,COc1ccccc1CN(C)[C@@H](C)[C@H]1[C@H](O)C[C@@]2(C)[C@@H]3CC[C@H]4[C@]5(C)CSC(C(C)C)=N[C@H]5CC[C@@]45C[C@@]35C(=O)C[C@]12C,active,606.9170000000001,7.254400000000009,1,6,8.221848749616356
CHEMBL1783514,COc1cccc(CN(C)[C@@H](C)[C@H]2[C@H](O)C[C@@]3(C)[C@@H]4CC[C@H]5[C@]6(C)CSC(C(C)C)=N[C@H]6CC[C@@]56C[C@@]46C(=O)C[C@]23C)c1,active,606.9170000000003,7.254400000000009,1,6,8.522878745280337
CHEMBL1783515,COc1ccc(CN(C)[C@@H](C)[C@H]2[C@H](O)C[C@@]3(C)[C@@H]4CC[C@H]5[C@]6(C)CSC(C(C)C)=N[C@H]6CC[C@@]56C[C@@]46C(=O)C[C@]23C)cc1,active,606.9170000000004,7.254400000000009,1,6,8.045757490560675
CHEMBL1783516,CC(C)C1=N[C@H]2CC[C@]34C[C@]35C(=O)C[C@]3(C)[C@@H]([C@H](C)N(C)Cc6ccccc6C(F)(F)F)[C@H](O)C[C@@]3(C)[C@@H]5CC[C@H]4[C@]2(C)CS1,active,644.8879999999999,8.264600000000009,1,5,7.958607314841775
CHEMBL1783517,CC(C)C1=N[C@H]2CC[C@]34C[C@]35C(=O)C[C@]3(C)[C@@H]([C@H](C)N(C)Cc6cccc(C(F)(F)F)c6)[C@H](O)C[C@@]3(C)[C@@H]5CC[C@H]4[C@]2(C)CS1,active,644.8879999999999,8.264600000000009,1,5,8.522878745280337
CHEMBL1783518,CC(C)C1=N[C@H]2CC[C@]34C[C@]35C(=O)C[C@]3(C)[C@@H]([C@H](C)N(C)Cc6ccc(C(F)(F)F)cc6)[C@H](O)C[C@@]3(C)[C@@H]5CC[C@H]4[C@]2(C)CS1,active,644.8879999999999,8.264600000000009,1,5,8.522878745280337
CHEMBL1783519,CC(C)C1=N[C@H]2CC[C@]34C[C@]35C(=O)C[C@]3(C)[C@@H]([C@H](C)N(C)CCN6C(=O)c7ccccc7C6=O)[C@H](O)C[C@@]3(C)[C@@H]5CC[C@H]4[C@]2(C)CS1,active,659.937,6.341800000000009,1,7,7.154901959985743
CHEMBL1783499,CC(C)C1=N[C@H]2CC[C@]34C[C@]35C(=O)C[C@]3(C)[C@@H]([C@H](C)N(C)CCCN6C(=O)c7ccccc7C6=O)[C@H](O)C[C@@]3(C)[C@@H]5CC[C@H]4[C@]2(C)CS1,active,673.9639999999999,6.731900000000009,1,7,7.853871964321762
CHEMBL95,Nc1c2c(nc3ccccc13)CCCC2,active,198.26899999999992,2.695800000000001,1,2,6.315154638355588
CHEMBL589390,Cc1ccc2c(c1)c1c(n2CCc2ccc(C)nc2)CCN(C)C1,inactive,319.4520000000001,3.883740000000002,0,3,4.346787486224656
CHEMBL1814729,Cl.O=C(NCCNc1c2c(nc3ccccc13)CCCC2)c1ccc(F)cc1,active,399.8970000000002,4.5164000000000035,2,3,9.088842391260023
CHEMBL1814730,Cl.O=C(NCCCNc1c2c(nc3ccccc13)CCCC2)c1ccc(F)cc1,active,413.92400000000026,4.906500000000004,2,3,9.092051478387727
CHEMBL1814731,Cl.O=C(NCCCCNc1c2c(nc3ccccc13)CCCC2)c1ccc(F)cc1,active,427.95100000000025,5.296600000000005,2,3,9.105683937315561
CHEMBL95,Nc1c2c(nc3ccccc13)CCCC2,active,198.26899999999992,2.695800000000001,1,2,8.500312917381596
CHEMBL1819169,c1ccc2c(NCCCCCCN3CCOCC3)c3c(nc2c1)CCCC3,active,367.53700000000015,4.418100000000004,1,4,7.161780778092374
CHEMBL1819170,c1ccc2c(NCCCCCCCN3CCOCC3)c3c(nc2c1)CCCC3,active,381.5640000000002,4.808200000000005,1,4,7.351639989019068
CHEMBL1819171,c1ccc2c(NCCCCCCCCN3CCOCC3)c3c(nc2c1)CCCC3,active,395.59100000000024,5.198300000000005,1,4,7.782516055786093
CHEMBL1819172,c1ccc2c(NCCCCCCCCCN3CCOCC3)c3c(nc2c1)CCCC3,active,409.6180000000003,5.588400000000005,1,4,7.468521082957745
CHEMBL1819173,c1ccc2c(NCCCCCCCCCCN3CCOCC3)c3c(nc2c1)CCCC3,active,423.6450000000003,5.978500000000007,1,4,7.546681659952962
CHEMBL1819174,O=c1c2ccc(OCCCCCCCNc3c4c(nc5ccccc35)CCCC4)cc2oc2ncccc12,active,507.6340000000003,7.209600000000006,1,6,6.548213564475709
CHEMBL1819175,c1ccc2c(c1)Cc1c-2nc2ccccc2c1NCCCCCCCNc1c2c(nc3ccccc13)CCCC2,active,526.7280000000004,8.707500000000001,2,4,7.856985199745905
CHEMBL1819176,Clc1ccc2c(NCCCCCCCNc3c4c(nc5ccccc35)-c3ccccc3C4)c3c(nc2c1)CCCC3,active,561.173,9.360899999999999,2,4,8.978810700930062
CHEMBL1819177,Clc1ccc2c(NCCCCCCCNc3c4c(nc5cc(Cl)ccc35)-c3ccccc3C4)c3c(nc2c1)CCCC3,active,595.6179999999999,10.014299999999993,2,4,7.91721462968355
CHEMBL1819178,Clc1ccc2c(NCCCCCCCOc3ccc(-c4cc5ccccc5o4)cc3)c3c(nc2c1)CCCC3,active,539.1190000000001,9.621599999999995,1,4,6.508638306165727
CHEMBL1819179,Clc1ccc2c(NCCCCCCCOc3cccc(-c4cc5ccccc5o4)c3)c3c(nc2c1)CCCC3,active,539.1190000000001,9.621599999999995,1,4,6.58838029403677
CHEMBL1819180,c1ccc2c(c1)Cc1c-2nc2ccccc2c1NCCCCCCCNc1c2c(nc3ccccc13)-c1ccccc1C2,active,560.7450000000003,9.399899999999999,2,4,6.341988603342887
CHEMBL95,Nc1c2c(nc3ccccc13)CCCC2,active,198.26899999999992,2.695800000000001,1,2,6.6020599913279625
CHEMBL32823,c1ccc2c(NCCCCCCCNc3c4c(nc5ccccc35)CCCC4)c3c(nc2c1)CCCC3,active,492.7110000000004,8.015100000000007,2,4,9.09151498112135
CHEMBL1766151,CC1CCN(c2nccc(NCc3cccc4ccccc34)n2)CC1,inactive,332.45100000000014,4.478200000000003,1,4,4.58838029403677
CHEMBL1834076,CC(C)(C)OC(=O)N1CCN(c2nccc(NC(c3ccccc3)c3ccccc3)n2)CC1,inactive,445.5670000000002,4.735200000000004,1,6,4.0
CHEMBL1834060,CC(C)N1CCN(c2nccc(NCc3cccc4ccccc34)n2)CC1,inactive,361.49300000000017,3.772300000000002,1,5,4.801342913045577
CHEMBL1834061,CC(C)C1CCN(c2nccc(NCc3cccc4ccccc34)n2)CC1,inactive,360.50500000000017,5.1143000000000045,1,4,4.777283528852417
CHEMBL1834062,CCCN1CCN(c2nccc(NCc3cccc4ccccc34)n2)CC1,inactive,361.49300000000017,3.773900000000003,1,5,4.721246399047171
CHEMBL1834064,CC(=O)N1CCN(c2nccc(NCc3cccc4ccccc34)n2)CC1,inactive,361.4490000000002,2.910400000000001,1,5,4.860120913598763
CHEMBL1834065,CC(C)(C)OC(=O)N1CCN(c2nccc(NCc3cccc4ccccc34)n2)CC1,inactive,419.52900000000017,4.299000000000003,1,6,4.294136287716081
CHEMBL1834066,c1ccc2c(CNc3ccnc(N4CCNCC4)n3)cccc2c1,inactive,319.412,2.6515000000000004,2,5,4.756961951313706
CHEMBL1834068,COCCN1CCN(c2nccc(NCc3cccc4ccccc34)n2)CC1,inactive,377.4920000000002,3.0103000000000018,1,6,4.931814138253838
CHEMBL1834069,CN1CCN(c2nccc(NC(c3ccccc3)c3ccccc3)n2)CC1,inactive,359.47700000000015,3.4299000000000017,1,5,4.863279432843593
CHEMBL1834070,CC1CCN(c2nccc(NC(c3ccccc3)c3ccccc3)n2)CC1,inactive,358.48900000000015,4.914400000000004,1,4,4.492144128304169
CHEMBL1834071,CC(C)N1CCN(c2nccc(NC(c3ccccc3)c3ccccc3)n2)CC1,inactive,387.5310000000002,4.208500000000003,1,5,4.692503962086787
CHEMBL1834072,CC(C)C1CCN(c2nccc(NC(c3ccccc3)c3ccccc3)n2)CC1,inactive,386.5430000000002,5.550500000000005,1,4,4.371611069949688
CHEMBL1834073,CCCN1CCN(c2nccc(NC(c3ccccc3)c3ccccc3)n2)CC1,inactive,387.5310000000002,4.210100000000003,1,5,4.835647144215563
CHEMBL1834074,c1ccc(C(Nc2ccnc(N3CCN(C4CCCCC4)CC3)n2)c2ccccc2)cc1,inactive,427.5960000000001,5.132800000000005,1,5,5.0
CHEMBL1834075,CC(=O)N1CCN(c2nccc(NC(c3ccccc3)c3ccccc3)n2)CC1,inactive,387.4870000000002,3.3466000000000014,1,5,4.5376020021010435
CHEMBL1834077,c1ccc(C(Nc2ccnc(N3CCNCC3)n2)c2ccccc2)cc1,inactive,345.44999999999993,3.0877000000000017,2,5,4.504455662453552
CHEMBL1834078,OCCN1CCN(c2nccc(NC(c3ccccc3)c3ccccc3)n2)CC1,inactive,389.5030000000002,2.7924000000000007,2,6,4.665546248849069
CHEMBL1834079,COCCN1CCN(c2nccc(NC(c3ccccc3)c3ccccc3)n2)CC1,inactive,403.5300000000002,3.446500000000002,1,6,4.406713932979542
CHEMBL95,Nc1c2c(nc3ccccc13)CCCC2,active,198.26899999999992,2.695800000000001,1,2,7.113509274827518
CHEMBL1678,COc1cc2c(cc1OC)C(=O)C(CC1CCN(Cc3ccccc3)CC1)C2.Cl,active,415.9610000000002,4.782900000000006,0,4,7.494850021680094
CHEMBL1084213,CN1CCN(c2nccc(NCc3cccc4ccccc34)n2)CC1,inactive,333.43900000000014,2.9937000000000014,1,5,4.756961951313706
CHEMBL12089,COc1ccc2cc3[n+](cc2c1OC)CCc1cc2c(cc1-3)OCO2.[Cl-],active,371.82000000000005,0.10029999999999983,0,4,6.111259039317107
CHEMBL31184,c1ccc2c(c1)cc1ccc3cccc4ccc2c1c34,inactive,252.31599999999997,5.737200000000003,0,0,4.552841968657781
CHEMBL40583,Cc1ccc2cc3c(ccc4ccccc43)c3c2c1CC3,inactive,268.359,5.553220000000004,0,0,4.644299507218118
CHEMBL195437,CCCCCCCCc1ccc(O)cc1,inactive,206.32900000000004,4.295200000000005,1,1,4.940398720237246
CHEMBL808,Clc1ccc(COC(Cn2ccnc2)c2ccc(Cl)cc2Cl)cc1,inactive,381.69000000000005,5.801400000000003,0,3,4.864009153078375
CHEMBL1255901,C/C=C1\[C@H]2C=C(C)C[C@@]1(N)c1ccc(=O)[nH]c1C2,active,242.32199999999997,1.9975,2,2,7.5376020021010435
CHEMBL672,CC(C)OC(=O)C(C)(C)Oc1ccc(C(=O)c2ccc(Cl)cc2)cc1,inactive,360.837,4.680000000000004,0,4,4.808241678629552
CHEMBL7002,CC1(COc2ccc(CC3SC(=O)NC3=O)cc2)CCCCC1,inactive,333.4530000000002,3.9299000000000026,1,4,4.823156615496261
CHEMBL104,Clc1ccccc1C(c1ccccc1)(c1ccccc1)n1ccnc1,inactive,344.845,5.376700000000004,0,2,4.711974464611637
CHEMBL411,CC/C(=C(/CC)c1ccc(O)cc1)c1ccc(O)cc1,inactive,268.356,4.828600000000005,2,2,4.592609095529268
CHEMBL54126,CN(C)C(=O)Oc1cccc([N+](C)(C)C)c1.[Br-],active,303.19999999999993,-1.052299999999998,0,2,6.698970004336019
CHEMBL94,CNC(=O)Oc1ccc2c(c1)[C@]1(C)CCN(C)[C@@H]1N2C,active,275.352,1.7739,1,4,6.756961951313706
CHEMBL91,Clc1ccc(COC(Cn2ccnc2)c2ccc(Cl)cc2Cl)c(Cl)c1,inactive,416.1350000000001,6.454800000000002,0,3,4.729111635301168
CHEMBL1306,CC(C)N1CCN(c2ccc(OC[C@H]3CO[C@](Cn4cncn4)(c4ccc(Cl)cc4Cl)O3)cc2)CC1,inactive,532.472,4.462700000000003,0,8,4.666089456527021
CHEMBL81,O=C(c1ccc(OCCN2CCCCC2)cc1)c1c(-c2ccc(O)cc2)sc2cc(O)ccc12,active,473.5940000000001,6.075200000000007,2,6,6.3979400086720375
CHEMBL95,Nc1c2c(nc3ccccc13)CCCC2,active,198.26899999999992,2.695800000000001,1,2,6.481486060122113
CHEMBL1912062,CCN(CCCCCCNC(=O)CCCCC1CCSS1)Cc1ccccc1OC,active,452.73000000000013,5.907800000000006,1,5,6.59176003468815
CHEMBL1912061,COc1cc2nc(Cl)nc(NCCCNC(=O)CCCCC3CCSS3)c2cc1OC,inactive,485.07500000000033,4.932700000000004,2,8,3.7166987712964503
CHEMBL1912060,O=C(CCCCc1cccs1)NCCCNc1c2c(nc3cc(Cl)ccc13)CCCC2,active,456.05500000000035,6.159700000000005,2,4,8.575118363368933
CHEMBL194823,O=C(CCCCC1CCSS1)NCCCNc1c2c(nc3cc(Cl)ccc13)CCCC2,active,478.12700000000035,6.3993000000000055,2,5,9.596879478824182
CHEMBL1912059,O=C(CCCC[C@@H]1CCSS1)NCCCNc1c2c(nc3cc(Cl)ccc13)CCCC2,active,478.12700000000035,6.3993000000000055,2,5,9.638272163982407
CHEMBL1912058,O=C(CCCC[C@H]1CCSS1)NCCCNc1c2c(nc3cc(Cl)ccc13)CCCC2,active,478.12700000000035,6.3993000000000055,2,5,9.326979092871104
CHEMBL1912063,COc1cccc(C(C)N(C)CCCNC(=O)CCCCC2CCSS2)c1,inactive,410.64900000000017,4.908400000000004,1,5,4.130181792020672
CHEMBL1912064,CC(c1cccc(OCCCNC(=O)CCCCC2CCSS2)c1)N(C)C,inactive,410.64900000000006,4.908400000000004,1,5,4.598599459218456
CHEMBL134342,O=C(O)CCCC[C@@H]1CCSS1,inactive,206.332,2.7851000000000017,1,3,3.0
CHEMBL231160,CCN(CCCCCCNC1=CC(=O)C(NCCCCCCN(CC)Cc2ccccc2OC)=CC1=O)Cc1ccccc1OC,active,632.8900000000003,6.2674000000000065,2,8,8.809668301829708
CHEMBL95,Nc1c2c(nc3ccccc13)CCCC2,active,198.26899999999992,2.695800000000001,1,2,6.301029995663981
CHEMBL1256415,COc1ccc2nc3c(c(N)c2c1)CCCC3,inactive,228.29499999999993,2.7044000000000006,1,3,4.978810700930062
CHEMBL1618217,CCCCCCNc1c2c(nc3ccc(OC)cc13)CCCC2,active,312.45700000000016,5.114400000000004,1,3,7.0
CHEMBL1618106,CCCCCCCNc1c2c(nc3ccc(OC)cc13)CCCC2,active,326.4840000000002,5.5045000000000055,1,3,6.568636235841013
CHEMBL1914495,C=CC(CBr)Nc1c2c(nc3ccc(OC)cc13)CCCC2,inactive,361.28300000000024,4.483600000000003,1,3,4.050122295963125
CHEMBL1915758,COC(=O)[C@H](C)CC(=O)C[C@@H](C)[C@H]1C[C@@H]2OC(C)(C)O[C@H]3C[C@H]4C(C)(C)C(=O)CC[C@]4(C)C4=C3[C@@]2(C)[C@]1(C)CC4=O,inactive,570.7670000000003,6.018200000000006,0,7,4.7363639314118915
CHEMBL1086927,COC(=O)C(C)CC(=O)C[C@@H](C)[C@H]1C[C@H](O)[C@@]2(C)C3=C(C(=O)C[C@]12C)[C@@]1(C)CCC(=O)C(C)(C)[C@@H]1C[C@@H]3O,inactive,530.7020000000006,4.219900000000004,2,7,4.519131076312832
CHEMBL1087180,CC(CC(=O)C[C@@H](C)[C@H]1CC(=O)[C@@]2(C)C3=C(C(=O)C[C@]12C)[C@@]1(C)CC[C@H](O)C(C)(C)[C@@H]1C[C@@H]3O)C(=O)O,inactive,516.6750000000004,4.131500000000003,3,6,4.645315446045271
CHEMBL465514,C[C@H](CC(=O)C[C@@H](C)[C@H]1CC(=O)[C@@]2(C)C3=C(C(=O)C[C@]12C)[C@@]1(C)CCC(=O)C(C)(C)[C@@H]1CC3=O)C(=O)O,inactive,512.6430000000005,4.547900000000004,1,6,4.7363639314118915
CHEMBL1087131,CC(CC(=O)C[C@@H](C)[C@H]1C[C@H](O)[C@@]2(C)C3=C(C(=O)C[C@]12C)[C@@]1(C)CCC(=O)C(C)(C)[C@@H]1CC3)C(=O)O,inactive,500.67600000000044,5.160700000000005,2,5,4.638839004804974
CHEMBL240972,C/C(=C\CC[C@@H](C)[C@H]1CC[C@@]2(C)C3=CC[C@H]4C(C)(C)[C@@H](O)CC[C@]4(C)C3=CC[C@]12C)CO,inactive,440.7120000000003,7.22750000000001,2,2,4.57218942732401
CHEMBL1915760,C/C(=C\CC[C@@H](C)[C@H]1CC[C@@]2(C)C3=CC[C@H]4C(C)(C)[C@@H](O)CC[C@]4(C)C3=CC[C@]12C)C(=O)O,inactive,454.6950000000003,7.319800000000009,2,2,4.675511766692344
CHEMBL1915761,C[C@H](CCC=C(CO)CO)[C@H]1CC[C@@]2(C)C3=CC[C@H]4C(C)(C)C(=O)CC[C@]4(C)C3=CC[C@]12C,inactive,454.69500000000033,6.408100000000007,2,3,4.660747365967301
CHEMBL1915762,C[C@H](CC[C@H](O)C(C)(C)O)[C@H]1CC[C@@]2(C)C3=CC[C@H]4C(C)(C)[C@@H](O)CC[C@]4(C)C3=CC[C@]12C,inactive,458.72700000000026,6.420700000000009,3,3,4.788612447063141
CHEMBL1098479,C[C@H](CC[C@@H](O)C(C)(C)O)[C@H]1CC[C@@]2(C)C3=CC[C@H]4C(C)(C)C(=O)CC[C@]4(C)C3=CC[C@]12C,inactive,456.7110000000003,6.628900000000008,2,3,4.6006724678413216
CHEMBL1915763,C[C@H](CC[C@H](O)[C@](C)(O)CO)[C@H]1CC[C@@]2(C)C3=CC[C@H]4C(C)(C)C(=O)CC[C@]4(C)C3=CC[C@]12C,inactive,472.7100000000004,5.601300000000006,3,4,4.651500429716163
CHEMBL1915764,C/C(=C\CC[C@@H](C)[C@H]1CC[C@@]2(C)C3=C(CC[C@]12C)[C@@]1(C)CC[C@H](O)C(C)(C)[C@@H]1CC3=O)CO,inactive,456.71100000000024,6.6305000000000085,2,3,4.508218224415835
CHEMBL465487,C[C@H](CCC(=O)O)[C@H]1CC(=O)[C@@]2(C)C3=C(C(=O)C[C@]12C)[C@@]1(C)CC[C@H](O)C(C)(C)[C@@H]1C[C@@H]3O,inactive,460.6110000000002,3.9263000000000035,3,5,4.586532587014175
CHEMBL460969,C[C@H](CCC(=O)O)[C@H]1CC(=O)[C@@]2(C)C3=C(C(=O)C[C@]12C)[C@@]1(C)CCC(=O)C(C)(C)[C@@H]1C[C@@H]3O,inactive,458.59500000000025,4.1345000000000045,2,5,4.619065536669298
CHEMBL512830,COC(=O)CC[C@@H](C)[C@H]1CC(=O)[C@@]2(C)C3=C(C(=O)[C@@H](OC(C)=O)[C@]12C)[C@@]1(C)CC[C@H](O)C(C)(C)[C@@H]1CC3=O,inactive,530.6580000000004,3.7645000000000026,1,8,4.76598918241282
CHEMBL1915765,CCCCOC(=O)CC[C@@H](C)[C@H]1CC[C@@]2(C)C3=C(C(=O)C[C@]12C)[C@@]1(C)CC[C@H](O)C(C)(C)[C@@H]1C[C@@H]3O,inactive,502.73600000000033,6.006000000000009,2,5,4.936291440608582
CHEMBL1915766,CCCCOC(=O)CC[C@@H](C)[C@H]1CC[C@@]2(C)C3=C(C(=O)C[C@]12C)[C@@]1(C)CCC(=O)C(C)(C)[C@@H]1C[C@@H]3O,inactive,500.72000000000037,6.214200000000008,1,5,4.911509529817604
CHEMBL12089,COc1ccc2cc3[n+](cc2c1OC)CCc1cc2c(cc1-3)OCO2.[Cl-],active,371.82000000000005,0.10029999999999983,0,4,7.3979400086720375
CHEMBL1916766,Nc1c2c(nc3oc(-c4ccccc4)cc13)CCCC2,inactive,264.32800000000003,3.9558000000000018,1,3,4.0
CHEMBL1916768,Nc1c2c(nc3c1cc(-c1ccccc1)n3-c1ccccc1)CCCC2,inactive,339.4420000000002,5.153500000000003,1,3,4.341988603342887
CHEMBL1916770,Cc1ccc(-c2cc3c(N)c4c(nc3o2)CCCC4)cc1,inactive,278.3549999999999,4.264220000000003,1,3,4.0
CHEMBL1916927,Nc1c2c(nc3oc(-c4ccc(Cl)cc4)cc13)CCCC2,inactive,298.77300000000014,4.609200000000002,1,3,4.0
CHEMBL1916929,N#Cc1c(-c2ccc(Cl)cc2)oc2nc3c(c(N)c12)CCCC3,inactive,323.78300000000013,4.480880000000003,1,4,4.0
CHEMBL1922540,C#CCOP(C)(=O)OC(C(F)(F)F)C(F)(F)F,inactive,284.0919999999999,2.9689000000000014,0,3,4.187086643357144
CHEMBL1922541,C#CCOP(C)(=O)OC(C(=O)OC)C(F)(F)F,inactive,274.131,1.5796000000000001,0,5,4.360513510731414
CHEMBL180483,COc1cc2c(cc1OC)C(=O)C(Oc1ccc(CN3CCCC3)cc1)C2,active,367.4450000000002,3.4860000000000024,0,5,7.301029995663981
CHEMBL95,Nc1c2c(nc3ccccc13)CCCC2,active,198.26899999999992,2.695800000000001,1,2,6.913640169325252
CHEMBL1929421,C#CCN(C)Cc1cc2cc(OCCCC3CCN(Cc4ccccc4)CC3)ccc2n1C,active,443.63500000000016,5.314500000000006,0,4,6.42021640338319
CHEMBL1940736,COc1ccccc1NCc1cc(=O)oc2cc3oc4ccccc4c3cc12,active,371.3920000000001,5.313100000000003,1,5,6.721246399047171
CHEMBL1940737,COc1cc2c(C)c(OC)c(=O)oc2cc1OCCCCOc1cc(O)cc(N(C)C)c1,active,443.49600000000027,4.128220000000003,1,8,6.560667306169737
CHEMBL1940738,COc1cc2oc(=O)c(OCCCCOc3cc(O)cc(N(C)C)c3)c(C)c2cc1OC,active,443.49600000000015,4.128220000000003,1,8,9.627087997029893
CHEMBL231160,CCN(CCCCCCNC1=CC(=O)C(NCCCCCCN(CC)Cc2ccccc2OC)=CC1=O)Cc1ccccc1OC,active,632.8900000000003,6.2674000000000065,2,8,8.809668301829708
CHEMBL1940612,CCN(CCCCCCNC1=CC(=O)c2ccccc2C1=O)Cc1ccccc1OC,active,420.5530000000002,4.630200000000004,1,5,8.011887159731648
CHEMBL1940613,CCN(CCCCCCNC1=CC(=O)c2ncccc2C1=O)Cc1ccccc1OC,active,421.5410000000002,4.0252000000000026,1,6,7.554395796726403
CHEMBL1940614,CCN(CCCCCCNC1=CC(=O)C(C)=C(C)C1=O)Cc1ccccc1OC,active,398.5470000000002,4.039200000000004,1,5,7.5376020021010435
CHEMBL1940615,CCN(CCCCCCNC1=CC(=O)C(OC)=CC1=O)Cc1ccccc1OC,active,400.5190000000002,3.233100000000002,1,6,7.185086818724926
CHEMBL1940617,NCCCCCCNC1=CC(=O)c2ccccc2C1=O,inactive,272.34800000000007,2.0582000000000003,2,4,4.1904402853647325
CHEMBL1940618,COc1ccccc1CN1CCC(N2CCC(NC3=CC(=O)c4ccccc4C3=O)CC2)CC1,inactive,459.5900000000003,3.676700000000003,1,6,4.764471553092451
CHEMBL1940619,COC1=CC(=O)C(N2CCC(C3CCN(Cc4ccccc4OC)CC3)CC2)=CC1=O,inactive,424.5410000000003,3.185200000000002,0,6,4.61261017366127
CHEMBL1940612,CCN(CCCCCCNC1=CC(=O)c2ccccc2C1=O)Cc1ccccc1OC,inactive,420.5530000000002,4.630200000000004,1,5,4.346787486224656
CHEMBL1952057,CCCCN1CCN=C1/C=N/O.Cl,inactive,205.68900000000002,1.3823999999999999,1,4,3.6989700043360187
CHEMBL1952058,Cl.O/N=C/C1=NCCN1Cc1ccccc1,inactive,239.70600000000002,1.7825000000000002,1,4,4.356547323513812
CHEMBL1952059,Cl.O/N=C/C1=NCCN1Cc1ccc(Cl)cc1Cl,inactive,308.596,3.0893000000000015,1,4,4.619788758288394
CHEMBL1952060,Cl.O/N=C/C1=NCCN1Cc1cc(C(F)(F)F)cc(C(F)(F)F)c1,inactive,375.7,3.820100000000002,1,4,4.070581074285707
CHEMBL1952061,CCCCN1CCCN=C1/C=N/O.Cl,inactive,219.71600000000004,1.7725,1,4,3.804100347590766
CHEMBL1952062,CCCCCN1CCCN=C1/C=N/O.Cl,inactive,233.74300000000002,2.1626,1,4,4.6777807052660805
CHEMBL1952063,Cl.O/N=C/C1=NCCCN1Cc1ccccc1,inactive,253.733,2.1726,1,4,4.552841968657781
CHEMBL1952065,Cl.O/N=C/C1=NCCCN1Cc1cc(C(F)(F)F)cc(C(F)(F)F)c1,inactive,389.727,4.210200000000002,1,4,4.346787486224656
CHEMBL1952066,CCCCN1CC(C)(C)CN=C1/C=N/O.Cl,inactive,247.77,2.4086000000000003,1,4,4.031517051446065
CHEMBL1952067,CCCCCN1CC(C)(C)CN=C1/C=N/O.Cl,inactive,261.79699999999997,2.7987000000000015,1,4,4.050609993355087
CHEMBL1952047,CCC/N=C(/C=N/O)N(C)C.Cl,inactive,193.678,1.2383,1,3,3.6989700043360187
CHEMBL1952048,CCCC/N=C(/C=N/O)N(C)C.Cl,inactive,207.70499999999998,1.6284,1,3,4.267606240177032
CHEMBL1952049,CCCCC/N=C(/C=N/O)N(C)C.Cl,inactive,221.73200000000003,2.0185,1,3,4.886056647693163
CHEMBL1952050,CC(C)CC/N=C(/C=N/O)N(C)C.Cl,inactive,221.73200000000003,1.8744,1,3,4.769551078621726
CHEMBL1952051,COCC/N=C(/C=N/O)N(C)C.Cl,inactive,209.67700000000002,0.47469999999999996,1,4,3.6989700043360187
CHEMBL1952052,COCCC/N=C(/C=N/O)N(C)C.Cl,inactive,223.70400000000004,0.8647999999999998,1,4,3.6989700043360187
CHEMBL1952053,CN(C)C(/C=N/O)=N\C1CC1.Cl,inactive,191.66199999999998,0.9906999999999997,1,3,3.6989700043360187
CHEMBL1952054,CN(C)C(/C=N/O)=N\C1CCC1.Cl,inactive,205.68899999999996,1.3807999999999998,1,3,3.6989700043360187
CHEMBL1952055,CN(C)C(/C=N/O)=N\Cc1ccccc1.Cl,inactive,241.722,2.0284999999999997,1,3,3.6989700043360187
CHEMBL1952056,CN(C)C(/C=N/O)=N\c1ccccc1.Cl,inactive,227.69500000000002,2.1600000000000006,1,3,3.6989700043360187
CHEMBL1952048,CCCC/N=C(/C=N/O)N(C)C.Cl,inactive,207.70499999999998,1.6284,1,3,4.267606240177032
CHEMBL2011402,COc1ccc([C@H]2Oc3cc(O)c(C/C=C(\C)CCC=C(C)C)c(O)c3C(=O)[C@@H]2O)cc1O,inactive,454.51900000000023,4.724500000000006,4,7,4.496209316942819
CHEMBL459258,COc1cc([C@H]2Oc3cc(O)c(C/C=C(\C)CCC=C(C)C)c(O)c3C(=O)[C@@H]2O)ccc1O,inactive,454.5190000000002,4.724500000000006,4,7,4.314258261397736
CHEMBL2011403,COc1c(O)cc(C2Oc3cc(O)c(C/C=C(\C)CCC=C(C)C)c(O)c3C(=O)[C@@H]2O)cc1O,inactive,470.51800000000026,4.430100000000005,5,8,4.806875401645538
CHEMBL2011404,COc1ccc([C@@H]2CC(=O)c3c(cc(O)c(C/C=C(\C)CCC=C(C)C)c3O)O2)cc1O,inactive,438.5200000000002,5.7537000000000065,3,6,4.0343280287798935
CHEMBL253152,COc1cc([C@@H]2CC(=O)c3c(cc(O)c(C/C=C(\C)CCC=C(C)C)c3O)O2)ccc1O,inactive,438.5200000000002,5.753700000000006,3,6,3.9617773616312815
CHEMBL2011405,COc1c(O)cc(C2CC(=O)c3c(cc(O)c(C/C=C(\C)CCC=C(C)C)c3O)O2)cc1O,inactive,454.51900000000023,5.459300000000004,4,7,4.640164517660112
CHEMBL374130,CC(C)=CCC/C(C)=C/Cc1c(O)cc2c(c1O)C(=O)C[C@@H](c1ccc(O)cc1)O2,inactive,408.49400000000014,5.745100000000007,3,5,4.0385789059335515
CHEMBL2011406,COc1cc(C2CC(=O)c3c(cc(O)c(C/C=C(\C)CCC=C(C)C)c3O)O2)cc(OC)c1O,inactive,468.5460000000003,5.762300000000006,3,7,3.499900808084277
CHEMBL399121,COc1ccc([C@@H]2CC(=O)c3c(O)cc(O)cc3O2)cc1O,inactive,302.28200000000004,2.518500000000001,3,6,2.606231819841255
CHEMBL9352,O=C1C[C@@H](c2ccc(O)cc2)Oc2cc(O)cc(O)c21,inactive,272.25600000000003,2.5099000000000014,3,5,2.6893066876566394
CHEMBL8996,O=C1C[C@@H](c2ccc(O)c(O)c2)Oc2cc(O)cc(O)c21,inactive,288.25500000000005,2.215500000000001,4,6,2.778898880038495
CHEMBL94,CNC(=O)Oc1ccc2c(c1)[C@]1(C)CCN(C)[C@@H]1N2C,active,275.352,1.7739,1,4,6.823908740944319
CHEMBL2011483,CC1=CC2Cc3nc4cc(Cl)ccc4c(NCCCCCCNc4c5c(nc6ccccc46)CCCC5)c3C(C1)C2.Cl,active,601.6660000000004,9.817399999999994,2,4,9.050609993355087
CHEMBL3215882,CC1=CC2Cc3nc4cc(Cl)ccc4c(NCCCCCCCNc4c5c(nc6ccccc46)CCCC5)c3C(C1)C2.Cl.Cl.Cl,active,688.6150000000004,11.051099999999982,2,4,8.723538195826755
CHEMBL3216777,CC1=C[C@@H]2Cc3nc4cc(Cl)ccc4c(NCCCCCCCNc4c5c(nc6ccccc46)CCCC5)c3[C@H](C1)C2.Cl.Cl.Cl,active,688.6150000000004,11.051099999999982,2,4,8.876148359032914
CHEMBL3217208,CC1=C[C@H]2Cc3nc4cc(Cl)ccc4c(NCCCCCCCNc4c5c(nc6ccccc46)CCCC5)c3[C@@H](C1)C2.Cl.Cl.Cl,active,688.6150000000004,11.051099999999982,2,4,8.164943898279883
CHEMBL2011487,CC1=CC2Cc3nc4cc(Cl)ccc4c(NCCCN(C)CCCNc4c5c(nc6ccccc46)CCCC5)c3C(C1)C2.Cl,active,630.7080000000002,8.969,2,5,9.3767507096021
CHEMBL2011488,CC1=CC2Cc3nc4cc(Cl)ccc4c(NCCCCCCCCNc4c5c(nc6ccccc46)CCCC5)c3C(C1)C2.Cl,active,629.7200000000003,10.59759999999999,2,4,8.860120913598763
CHEMBL3216116,CC1=CC2Cc3nc4cc(Cl)ccc4c(NCCCCCCCCCNc4c5c(nc6ccccc46)CCCC5)c3C(C1)C2.Cl.Cl.Cl,active,716.6690000000002,11.83129999999998,2,4,8.452225294612177
CHEMBL3216554,CC1=CC2Cc3nc4cc(Cl)ccc4c(NCCCCCCCCCCNc4c5c(nc6ccccc46)CCCC5)c3C(C1)C2.Cl.Cl.Cl,active,730.6960000000001,12.221399999999978,2,4,8.377785977033705
CHEMBL2011491,CC1=CC2Cc3nc4cc(Cl)ccc4c(NCCCCCCNc4c5c(nc6cc(Cl)ccc46)CCCC5)c3C(C1)C2.Cl,active,636.1110000000001,10.47079999999999,2,4,9.130768280269024
CHEMBL3216555,CC1=CC2Cc3nc4cc(Cl)ccc4c(NCCCCCCCNc4c5c(nc6cc(Cl)ccc46)CCCC5)c3C(C1)C2.Cl.Cl.Cl.Cl,active,759.5210000000001,12.126299999999976,2,4,8.39577394691553
CHEMBL3216556,CC1=C[C@@H]2Cc3nc4cc(Cl)ccc4c(NCCCCCCCNc4c5c(nc6cc(Cl)ccc46)CCCC5)c3[C@H](C1)C2.Cl.Cl.Cl.Cl,active,759.5210000000001,12.126299999999976,2,4,8.6903698325741
CHEMBL3216557,CC1=C[C@H]2Cc3nc4cc(Cl)ccc4c(NCCCCCCCNc4c5c(nc6cc(Cl)ccc46)CCCC5)c3[C@@H](C1)C2.Cl.Cl.Cl.Cl,active,759.5210000000001,12.126299999999976,2,4,7.939302159646388
CHEMBL2011495,CC1=CC2Cc3nc4cc(Cl)ccc4c(NCCCN(C)CCCNc4c5c(nc6cc(Cl)ccc46)CCCC5)c3C(C1)C2.Cl,active,665.1529999999999,9.622399999999995,2,5,9.508638306165727
CHEMBL2011496,CC1=CC2Cc3nc4cc(Cl)ccc4c(NCCCCCCCCNc4c5c(nc6cc(Cl)ccc46)CCCC5)c3C(C1)C2.Cl,active,664.165,11.250999999999985,2,4,8.87942606879415
CHEMBL3216778,CC1=CC2Cc3nc4cc(Cl)ccc4c(NCCCCCCCCCNc4c5c(nc6cc(Cl)ccc46)CCCC5)c3C(C1)C2.Cl.Cl.Cl.Cl,active,787.575,12.906499999999971,2,4,8.48678239993206
CHEMBL3216779,CC1=CC2Cc3nc4cc(Cl)ccc4c(NCCCCCCCCCCNc4c5c(nc6cc(Cl)ccc46)CCCC5)c3C(C1)C2.Cl.Cl.Cl.Cl,active,801.6020000000001,13.29659999999997,2,4,8.041436116778032
CHEMBL536047,CC1=CC2Cc3nc4cc(Cl)ccc4c(N)c3C(C1)C2.Cl,active,321.25100000000003,4.888200000000003,1,2,9.161150909262744
CHEMBL1994202,CC1=C[C@@H]2Cc3nc4cc(Cl)ccc4c(N)c3[C@H](C1)C2.Cl,active,321.25100000000003,4.888200000000003,1,2,9.366531544420413
CHEMBL2011499,CC1=C[C@H]2Cc3nc4cc(Cl)ccc4c(N)c3[C@@H](C1)C2.Cl,active,321.25100000000003,4.888200000000003,1,2,7.866461091629782
CHEMBL95,Nc1c2c(nc3ccccc13)CCCC2,active,198.26899999999992,2.695800000000001,1,2,6.498940737782249
CHEMBL292314,Nc1c2c(nc3cc(Cl)ccc13)CCCC2,active,232.71399999999994,3.3492000000000015,1,2,7.87942606879415
CHEMBL2011488,CC1=CC2Cc3nc4cc(Cl)ccc4c(NCCCCCCCCNc4c5c(nc6ccccc46)CCCC5)c3C(C1)C2.Cl,inactive,629.7200000000003,10.59759999999999,2,4,4.212539525481585
CHEMBL340807,COc1ccc2c3c([nH]c2c1)C(C)=NCC3,inactive,214.26799999999997,2.5416000000000007,1,2,4.6252516539898965
CHEMBL2018160,COc1ccc2c(ccc[n+]2C)c1.[I-],inactive,301.12699999999995,-1.3230999999999988,0,1,4.303381540767775
CHEMBL659,COc1ccc2c3c1O[C@H]1C[C@@H](O)C=C[C@@]31CCN(C)C2,active,287.35900000000004,1.8503,1,4,6.522878745280337
CHEMBL376478,CC[C@H]1C[C@@H]2C[C@H]3c4[nH]c5cc([C@@H]6C[C@H]7C(C(=O)OC)[C@@H](Cc8c6[nH]c6ccccc86)N(C)C[C@H]7CC)ccc5c4CCN(C2)[C@@H]13,active,618.866,7.233000000000008,2,4,6.6439741428068775
CHEMBL2018162,CC[C@H]1C[C@@H]2CN3CCc4c([nH]c5cc([C@H]6C[C@H]7C(C(=O)OC)[C@H](Cc8c6[nH]c6ccccc86)N(C)C[C@H]7CC)ccc45)[C@](C(=O)OC)(C2)[C@H]13,active,676.9020000000002,6.560200000000007,2,6,7.1487416512809245
CHEMBL95,Nc1c2c(nc3ccccc13)CCCC2,active,198.26899999999992,2.695800000000001,1,2,6.455931955649724
CHEMBL2019053,Cl.O=C(NCCCCCCCCCCNc1c2c(nc3cc(Cl)ccc13)CCCC2)c1cc(=O)c2cc(O)c(O)cc2o1,active,628.5970000000004,7.6691000000000065,4,7,10.045757490560675
CHEMBL2019052,Cl.O=C(NCCCCCCCCCCNc1c2c(nc3ccccc13)CCCC2)c1cc(=O)c2cc(O)c(O)cc2o1,active,594.1520000000004,7.015700000000008,4,7,8.187086643357144
CHEMBL2019049,Cl.O=C(NCCCCCCCCCCNc1c2c(nc3cc(Cl)ccc13)CCCC2)c1cc(=O)c2c(O)cc(O)cc2o1,active,628.5970000000004,7.669100000000007,4,7,10.187086643357144
CHEMBL2019048,COc1cc(O)c2c(=O)cc(C(=O)NCCCCCCCCCCNc3c4c(nc5cc(Cl)ccc35)CCCC4)oc2c1.Cl,active,642.6240000000001,7.972100000000006,3,7,10.455931955649724
CHEMBL2019047,Cl.O=C(NCCCCCCCCCCNc1c2c(nc3ccccc13)CCCC2)c1cc(=O)c2c(O)cc(O)cc2o1,active,594.1520000000004,7.015700000000008,4,7,8.638272163982407
CHEMBL2019046,COc1cc(O)c2c(=O)cc(C(=O)NCCCCCCCCCCNc3c4c(nc5ccccc35)CCCC4)oc2c1.Cl,active,608.1790000000003,7.318700000000008,3,7,9.0
CHEMBL2019044,Cl.O=C(NCCCCCCCCCCNc1c2c(nc3cc(Cl)ccc13)CCCC2)c1cc(=O)c2cc(O)ccc2o1,active,612.5980000000004,7.963500000000008,3,6,9.0
CHEMBL2019043,Cl.O=C(NCCCCCCCCCCNc1c2c(nc3ccccc13)CCCC2)c1cc(=O)c2cc(O)ccc2o1,active,578.1530000000004,7.310100000000007,3,6,8.096910013008056
CHEMBL2019041,COc1cc2oc(C(=O)NCCCCCCCCCCNc3c4c(nc5cc(Cl)ccc35)CCCC4)cc(=O)c2cc1OC.Cl,active,656.6510000000003,8.275100000000004,2,7,9.698970004336019
CHEMBL2019040,COc1cc2oc(C(=O)NCCCCCCCCCCNc3c4c(nc5ccccc35)CCCC4)cc(=O)c2cc1OC.Cl,active,622.2060000000002,7.621700000000009,2,7,8.744727494896694
CHEMBL2019038,COc1cc(OC)c2c(=O)cc(C(=O)NCCCCCCCCCCNc3c4c(nc5cc(Cl)ccc35)CCCC4)oc2c1.Cl,active,656.6510000000001,8.275100000000005,2,7,9.455931955649724
CHEMBL2019037,COc1cc(OC)c2c(=O)cc(C(=O)NCCCCCCCCCCNc3c4c(nc5ccccc35)CCCC4)oc2c1.Cl,active,622.2060000000002,7.621700000000009,2,7,8.638272163982407
CHEMBL2019035,COc1ccc2oc(C(=O)NCCCCCCCCCCNc3c4c(nc5cc(Cl)ccc35)CCCC4)cc(=O)c2c1.Cl,active,626.6250000000002,8.266500000000004,2,6,10.0
CHEMBL2019034,COc1ccc2oc(C(=O)NCCCCCCCCCCNc3c4c(nc5ccccc35)CCCC4)cc(=O)c2c1.Cl,active,592.1800000000003,7.613100000000008,2,6,9.11069829749369
CHEMBL2019032,Cl.O=C(NCCCCCCCCCCNc1c2c(nc3cc(Cl)ccc13)CCCC2)c1cc(=O)c2ccccc2o1,active,596.5990000000004,8.257900000000005,2,5,9.522878745280337
CHEMBL2019030,Cl.O=C(NCCCCCCCCCCNc1c2c(nc3ccccc13)CCCC2)c1cc(=O)c2ccccc2o1,active,562.1540000000003,7.604500000000007,2,5,7.756961951313706
CHEMBL2022933,C#CCN1CCc2nc3nc(N4CCCC4)c(C#N)cc3c(N)c2C1,active,332.41100000000006,1.6751800000000001,1,6,6.187086643357144
CHEMBL95,Nc1c2c(nc3ccccc13)CCCC2,active,198.26899999999992,2.695800000000001,1,2,6.376750709602099
CHEMBL340427,CNC(=O)Oc1cccc(CN(C)CCCOc2ccc3c(=O)c4ccccc4oc3c2)c1,active,446.5030000000001,4.565300000000004,1,6,9.522878745280337
CHEMBL189957,CNC(=O)Oc1cccc(CN(C)CCCCCCCOc2ccc3c(=O)c4ccccc4oc3c2)c1,active,502.6110000000002,6.125700000000006,1,6,9.494850021680094
CHEMBL2047528,CN(CCCOc1ccc2ccc(=O)oc2c1)Cc1cccc(OC(=O)NCCCCCc2ccccc2)c1,active,528.6490000000003,6.195300000000007,1,6,7.125518182300533
CHEMBL2047529,CN(CCCOc1ccc2ccc(=O)oc2c1)Cc1cccc(OC(=O)NCCCCCCCN2CCOCC2)c1,active,565.7110000000004,5.065000000000005,1,8,6.924453038607469
CHEMBL2047530,CN(CCCOc1ccc2c(=O)c3cccnc3oc2c1)Cc1cccc(OC(=O)NCCCCCc2ccccc2)c1,active,579.6970000000005,6.743500000000007,1,7,7.048176964684088
CHEMBL2047531,CN(CCCOc1ccc2c(=O)c3cccnc3oc2c1)Cc1cccc(OC(=O)NCCCCCCCN2CCOCC2)c1,active,616.7590000000001,5.613200000000005,1,9,6.856985199745905
CHEMBL502,COc1cc2c(cc1OC)C(=O)C(CC1CCN(Cc3ccccc3)CC1)C2,active,379.50000000000017,4.361100000000004,0,4,7.494850021680094
CHEMBL2047375,c1ccc(CN2CCC(Nc3nccc(NCc4ccc5c(c4)OCO5)n3)CC2)cc1,inactive,417.51300000000026,3.893900000000002,2,7,4.899629454882437
CHEMBL2047231,COc1cc(CNc2ccnc(NC3CCN(Cc4ccccc4)CC3)n2)cc(OC)c1OC,inactive,463.5820000000003,4.191000000000003,2,8,4.987162775294828
CHEMBL2047228,Cc1ccc(CNc2ccnc(NC3CCN(Cc4ccccc4)CC3)n2)cc1,inactive,387.5310000000001,4.473620000000004,2,5,4.889410289700751
CHEMBL1256415,COc1ccc2nc3c(c(N)c2c1)CCCC3,inactive,228.29499999999993,2.7044000000000006,1,3,4.823908740944319
CHEMBL1677,Cl.Nc1c2c(nc3ccccc13)CCCC2,active,234.72999999999996,3.1176000000000013,1,2,6.301029995663981
CHEMBL2064471,O=C(CCNCCNc1c2c(nc3ccccc13)CCCC2)N1CCN(CCNc2c3c(nc4ccccc24)CCCC3)CC1,active,605.831,5.188500000000005,3,7,8.347753658996677
CHEMBL2064470,CN(CCCN1CCN(CCNc2c3c(nc4ccccc24)CCCC3)CC1)c1ccccc1,active,457.66600000000034,4.669600000000004,1,5,7.071604147743286
CHEMBL2064469,CCN(CCCN1CCN(CCNc2c3c(nc4ccccc24)CCCC3)CC1)C1CCCCC1,active,477.7410000000005,5.1878000000000055,1,5,6.7121982700697735
CHEMBL2064468,CN(CCCN1CCN(CCNc2c3c(nc4ccccc24)CCCC3)CC1)C1CCCCC1,active,463.7140000000005,4.797700000000004,1,5,7.39040559077478
CHEMBL2064466,CN(CCC(=O)N1CCN(CCNc2c3c(nc4ccccc24)CCCC3)CC1)c1ccccc1,active,471.64900000000034,4.196200000000003,1,5,7.153044674980176
CHEMBL2064465,CCN(CCC(=O)N1CCN(CCNc2c3c(nc4ccccc24)CCCC3)CC1)C1CCCCC1,active,491.7240000000005,4.714400000000004,1,5,8.303643611266669
CHEMBL2064464,CN(CCC(=O)N1CCN(CCNc2c3c(nc4ccccc24)CCCC3)CC1)C1CCCCC1,active,477.6970000000005,4.324300000000003,1,5,7.826813731587726
CHEMBL2064404,O=C(CCN1CCCCC1)N1CCN(CCNc2c3c(nc4ccccc24)CCCC3)CC1,active,449.6430000000003,3.5457000000000027,1,5,7.286509456906058
CHEMBL2071427,Oc1ccc2nc3ccccc3nc2c1,inactive,196.209,2.4886,1,3,4.301029995663981
CHEMBL463686,O=C(O)c1cccc2nc3ccccc3nc12,inactive,224.219,2.4812000000000003,1,3,4.301029995663981
CHEMBL2071428,CC(C)=CCc1cccc2nc3cccc(C(=O)O)c3nc12,inactive,292.338,3.9899000000000022,1,3,4.301029995663981
CHEMBL1952289,CC(C)=CCc1cc(=O)cc2n(C)c3cccc(C(=O)O)c3nc1-2,inactive,322.3640000000001,3.2452000000000014,1,4,4.301029995663981
CHEMBL1255901,C/C=C1\[C@H]2C=C(C)C[C@@]1(N)c1ccc(=O)[nH]c1C2,active,242.32199999999997,1.9975,2,2,7.920818753952375
CHEMBL659,COc1ccc2c3c1O[C@H]1C[C@@H](O)C=C[C@@]31CCN(C)C2,active,287.35900000000004,1.8503,1,4,6.0
CHEMBL2088780,N#Cc1c(N)nc(NCCC2CCN(Cc3ccccc3)CC2)c(C#N)c1-c1ccccc1,active,436.5630000000002,4.788360000000004,2,6,6.4089353929735005
CHEMBL2088781,N#Cc1c(N)nc(NCCCC2CCN(Cc3ccccc3)CC2)c(C#N)c1-c1ccccc1,active,450.5900000000002,5.178460000000005,2,6,6.619788758288394
CHEMBL2088782,N#Cc1c(N)nc(NCCCCC2CCN(Cc3ccccc3)CC2)c(C#N)c1-c1ccccc1,active,464.6170000000002,5.568560000000006,2,6,6.920818753952375
CHEMBL2088784,N#Cc1cc(C#N)c(NCCC2CCN(Cc3ccccc3)CC2)nc1N,active,360.4650000000001,3.121360000000001,2,6,6.657577319177793
CHEMBL2088785,N#Cc1cc(C#N)c(NCCCC2CCN(Cc3ccccc3)CC2)nc1N,active,374.4920000000001,3.5114600000000014,2,6,8.0268721464003
CHEMBL2088786,N#Cc1cc(C#N)c(NCCCCC2CCN(Cc3ccccc3)CC2)nc1N,active,388.51900000000006,3.9015600000000026,2,6,7.154901959985743
CHEMBL502,COc1cc2c(cc1OC)C(=O)C(CC1CCN(Cc3ccccc3)CC1)C2,active,379.50000000000017,4.361100000000004,0,4,8.0
CHEMBL2147460,CN(C)c1ccccc1CNCCCCCCCNc1c2c(nc3ccccc13)CCCC2,active,444.66700000000014,6.3318000000000065,2,4,8.285670240254767
CHEMBL2147462,CN(C)c1ccccc1CNCCCCCCCCCNc1c2c(nc3ccccc13)CCCC2,active,472.72100000000023,7.112000000000007,2,4,8.453457336521868
CHEMBL2147461,CN(C)c1ccccc1CNCCCCCCCCNc1c2c(nc3ccccc13)CCCC2,active,458.6940000000002,6.721900000000007,2,4,8.393618634889394
CHEMBL2160227,CN(CCCCCCCOc1cccc(-c2oc3ccccc3c2C(=O)c2ccccc2)c1)Cc1ccccc1,active,531.6960000000003,8.792100000000003,0,4,6.619788758288394
CHEMBL2160226,CNC(=O)Oc1cccc(CN(C)CCCCCCCOc2ccc(-c3oc4ccccc4c3C(=O)c3ccc(C)cc3)cc2)c1,active,618.7740000000002,8.818720000000004,1,6,6.468521082957745
CHEMBL2160223,CCN(CC)CCOc1cccc(C(=O)c2c(-c3ccc(OCCCCCCCN(C)Cc4ccccc4)cc3)oc3ccccc23)c1,inactive,646.8720000000005,9.5127,0,6,4.430626090384954
CHEMBL2160225,CN(CCCCCCCOc1ccc(-c2oc3ccccc3c2C(=O)c2ccc(OCCN3CCOCC3)cc2)cc1)Cc1ccccc1,inactive,660.8550000000004,8.503100000000005,0,7,4.4089353929735005
CHEMBL2160221,CCN(CC)Cc1cccc(C(=O)c2c(-c3ccc(OCCCCCCCN(C)Cc4ccccc4)cc3)oc3ccccc23)c1,inactive,616.8460000000003,9.633899999999999,0,5,4.275724130399211
CHEMBL2160220,CN(CCCCCCCOc1ccc(-c2oc3ccccc3c2C(=O)c2c3ccccc3cc3ccccc23)cc1)Cc1ccccc1,inactive,631.8160000000001,11.098499999999987,0,4,4.169411331314856
CHEMBL2160224,CCN(CC)CCOc1ccc(C(=O)c2c(-c3ccc(OCCCCCCCN(C)Cc4ccccc4)cc3)oc3ccccc23)cc1,inactive,646.8720000000005,9.5127,0,6,4.107905397309519
CHEMBL2160222,CCN(CC)Cc1ccc(C(=O)c2c(-c3ccc(OCCCCCCCN(C)Cc4ccccc4)cc3)oc3ccccc23)cc1,inactive,616.8460000000003,9.633899999999999,0,5,4.0
CHEMBL2160217,CN(CCCCCCCOc1ccc(-c2oc3ccccc3c2C(=O)c2cccc3ccccc23)cc1)Cc1ccccc1,inactive,581.7560000000003,9.945299999999996,0,4,3.9956786262173574
CHEMBL2160228,Cc1cccc(C(=O)c2c(-c3cccc(OCCCCCCCN(C)Cc4ccccc4)c3)oc3ccccc23)c1,inactive,545.7230000000003,9.100520000000001,0,4,3.9913998282380825
CHEMBL2160213,CN(CCCCCOc1ccc(-c2cc3ccccc3o2)cc1)Cc1ccccc1,inactive,399.53400000000016,6.780900000000006,0,3,3.6675615400843946
CHEMBL345124,CC[N+](C)(CC)CCC[n+]1c(-c2ccccc2)c2cc(N)ccc2c2ccc(N)cc21.[I-].[I-],inactive,668.4050000000002,-1.0035999999999945,2,2,4.492144128304169
CHEMBL12089,COc1ccc2cc3[n+](cc2c1OC)CCc1cc2c(cc1-3)OCO2.[Cl-],active,371.82000000000005,0.10029999999999983,0,4,6.214670164989233
CHEMBL2181440,COc1cc2c(cc1OC)C(c1ccccc1)N(CCCCCc1cnc(/C=N/O)c(O)c1)CC2,inactive,475.58900000000034,4.973000000000004,2,7,3.3010299956639813
CHEMBL2181438,COc1cc2c(cc1OC)C(c1ccccc1)N(CCCCCCc1cc(C)nc(/C=N/O)c1O)CC2,inactive,503.6430000000004,5.671520000000006,2,7,3.5228787452803374
CHEMBL2181437,COc1cc2c(cc1OC)C(c1ccccc1)N(CCCCCc1ccnc(/C=N/O)c1O)CC2,inactive,475.58900000000034,4.973000000000005,2,7,3.494850021680094
CHEMBL2181435,COc1cc2c(cc1OC)C(c1ccccc1)N(CCCc1ccnc(/C=N/O)c1O)CC2,inactive,447.53500000000025,4.192800000000003,2,7,3.6989700043360187
CHEMBL2181433,COc1cc2c(cc1OC)C(c1ccccc1)N(CCCCCCc1ccc(O)c(/C=N/O)n1)CC2,inactive,489.6160000000004,5.3631000000000055,2,7,3.3979400086720375
CHEMBL2181432,COc1cc2c(cc1OC)C(c1ccccc1)N(CCCCCc1ccc(O)c(/C=N/O)n1)CC2,inactive,475.58900000000034,4.973000000000005,2,7,4.0
CHEMBL2181431,COc1cc2c(cc1OC)C(c1ccccc1)N(CCCCc1ccc(O)c(/C=N/O)n1)CC2,inactive,461.5620000000003,4.582900000000003,2,7,4.0
CHEMBL2181430,COc1cc2c(cc1OC)C(c1ccccc1)N(CCCc1ccc(O)c(/C=N/O)n1)CC2,inactive,447.53500000000025,4.192800000000003,2,7,3.585026652029182
CHEMBL95,Nc1c2c(nc3ccccc13)CCCC2,active,198.26899999999992,2.695800000000001,1,2,6.455931955649724
CHEMBL2206896,COc1ccc(C2c3ccc4ccccc4c3Oc3nc4c(c(N)c32)CCCC4)c(OC)c1,active,438.5270000000003,5.998900000000005,1,5,6.431798275933005
CHEMBL2206895,COc1cc(C2c3ccc4ccccc4c3Oc3nc4c(c(N)c32)CCCC4)ccc1O,active,424.5000000000003,5.695900000000004,2,5,6.481486060122113
CHEMBL2206892,Cc1ccc(C2c3ccc4ccccc4c3Oc3nc4c(c(N)c32)CCCC4)cc1,active,392.5020000000003,6.290120000000005,1,3,6.3979400086720375
CHEMBL2206891,Nc1c2c(nc3c1C(c1ccccc1)c1ccc4ccccc4c1O3)CCCC2,active,378.47500000000025,5.9817000000000045,1,3,6.522878745280337
CHEMBL2238007,Nc1c2c(nc3nc(-c4ccccc4)cc(C(F)(F)F)c13)-c1ccccc1CC2,inactive,391.3960000000002,5.663400000000003,1,3,4.6356366453842694
CHEMBL2238006,Nc1c2c(nc3nc(-c4ccccc4)cc(C(F)(F)F)c13)-c1ccccc1C2,inactive,377.36900000000014,5.469000000000003,1,3,4.755475488429917
CHEMBL2238005,CC1CCc2nc3nc(-c4ccccc4)cc(C(F)(F)F)c3c(N)c2C1,active,357.37900000000013,5.022600000000002,1,3,6.292429823902063
CHEMBL2238001,Nc1c2c(nc3nc(-c4ccccc4)cc(C(F)(F)F)c13)CCCCC2,inactive,357.37900000000025,5.166700000000002,1,3,4.994390554639719
CHEMBL2238000,Nc1c2c(nc3nc(-c4ccccc4)cc(C(F)(F)F)c13)CCCC2,active,343.3520000000002,4.776600000000002,1,3,6.455931955649724
CHEMBL2237998,CC(C)Cc1cc(N)c2c(C(F)(F)F)cc(-c3ccccc3)nc2n1,inactive,345.368,5.096300000000004,1,3,4.719194071606333
CHEMBL2237997,Nc1cc(-c2cccs2)nc2nc(-c3ccccc3)cc(C(F)(F)F)c12,inactive,371.38700000000006,5.626300000000002,1,4,4.984640244590786
CHEMBL2237995,Nc1cc(-c2ccccc2Br)nc2nc(-c3ccccc3)cc(C(F)(F)F)c12,active,444.2540000000001,6.327300000000004,1,3,6.050609993355087
CHEMBL2237994,Nc1cc(-c2ccc(Cl)cc2)nc2nc(-c3ccccc3)cc(C(F)(F)F)c12,active,399.80300000000005,6.218200000000003,1,3,6.2839966563652006
CHEMBL95,Nc1c2c(nc3ccccc13)CCCC2,active,198.26899999999992,2.695800000000001,1,2,6.853871964321762
CHEMBL659,COc1ccc2c3c1O[C@H]1C[C@@H](O)C=C[C@@]31CCN(C)C2,active,287.35900000000004,1.8503,1,4,6.301029995663981
CHEMBL94,CNC(=O)Oc1ccc2c(c1)[C@]1(C)CCN(C)[C@@H]1N2C,active,275.352,1.7739,1,4,10.886056647693163
CHEMBL400257,COc1c2[nH]c3occc3c(OC)c-2ccc1=O,active,245.23399999999995,2.243099999999999,1,4,7.0
CHEMBL607537,COc1cc2oc(=O)ccc2c(OC)c1OC,active,236.22299999999996,1.8188,0,5,7.0
CHEMBL256497,COc1cc(=O)[nH]c2c(OC)cccc12,active,205.213,1.5453,1,3,7.0
CHEMBL21396,COc1ccc2c(OC)c3ccoc3nc2c1OC,active,259.26099999999997,3.006800000000001,0,5,8.065501548756432
CHEMBL389668,COc1cccc(CN(C)CCCCCCCOc2ccc3c(=O)c4ccccc4oc3c2)c1OC,inactive,489.6120000000002,6.424700000000008,0,6,3.8601209135987635
CHEMBL225396,COc1ccc(CN(C)CCCCCCCOc2ccc3c(=O)c4ccccc4oc3c2)cc1,inactive,459.5860000000001,6.416100000000007,0,5,3.4436974992327127
CHEMBL375976,CN(CCCCCCCOc1ccc2c(=O)c3ccccc3oc2c1)Cc1cccc(Cl)c1,inactive,464.0050000000002,7.060900000000006,0,4,3.2262135550188065
CHEMBL223652,CN(CCCCCCCOc1ccc2c(=O)c3ccccc3oc2c1)Cc1ccc(Cl)cc1,inactive,464.0050000000002,7.060900000000006,0,4,2.9788107009300617
CHEMBL225451,COc1cccc(CN(C)CCCCCCCOc2ccc3c(=O)c4ccccc4oc3c2)c1,inactive,459.5860000000001,6.416100000000007,0,5,4.3979400086720375
CHEMBL128392,CCCNC(=O)Oc1cccc(CN(C)CCCOc2ccc3c(=O)ccoc3c2)c1,active,424.4970000000001,4.192300000000004,1,6,6.6020599913279625
CHEMBL127857,CN(CCCOc1ccc2c(=O)c3ccccc3oc2c1)Cc1cccc(OC(=O)NCCCCCCCCCN2CCOCC2)c1,active,643.8249999999999,6.998400000000007,1,8,7.533132379645891
CHEMBL128780,CCCCCCCNC(=O)Oc1cccc(CN(C)CCCCOc2ccc3c(=O)c4ccccc4oc3c2)c1,active,544.6920000000005,7.296000000000008,1,6,7.0
CHEMBL129577,CCCCCCCNC(=O)Oc1cccc(CN(CCCOc2ccc3c(=O)c4ccccc4oc3c2)C(C)C)c1,active,558.7190000000004,7.684500000000009,1,6,6.769551078621726
CHEMBL128551,CCCCNC(=O)Oc1cccc(CN(C)CCCOc2ccc3ccc(=O)oc3c2)c1,active,438.52400000000017,4.582400000000004,1,6,7.853871964321762
CHEMBL128452,CCCCNC(=O)Oc1cccc(CN(CCC)CCCOc2ccc3c(=O)c4ccccc4oc3c2)c1,active,516.6380000000004,6.515800000000007,1,6,7.154901959985743
CHEMBL1085527,CNC(=O)Oc1cccc(CN(C)CCCCCCCCCCOc2ccc3c(=O)c4ccccc4oc3c2)c1,active,544.6920000000003,7.296000000000008,1,6,7.661543506395395
CHEMBL1085526,CNC(=O)Oc1cccc(CN(C)CCCCCCCCCOc2ccc3c(=O)c4ccccc4oc3c2)c1,active,530.6650000000003,6.905900000000008,1,6,7.931814138253839
CHEMBL372710,CNC(=O)Oc1cccc(CN(C)CCCCCCCOc2ccc3c(c2)O/C(=C\c2ccc(Cl)c(Cl)c2)C3=O)c1,active,597.5390000000002,7.7891000000000075,1,6,8.096910013008056
CHEMBL131219,CCCN(CCCOc1ccc2c(=O)c3ccccc3oc2c1)Cc1cccc(OC(=O)NC)c1,active,474.55700000000024,5.345500000000005,1,6,8.397940008672037
CHEMBL128390,CCCCCCCNC(=O)Oc1cccc(CN(C)CCCOc2ccc3c(=O)c4cccnc4oc3c2)c1,active,531.6530000000005,6.3009000000000075,1,7,7.376750709602099
CHEMBL2236394,CCN(CCCCCOc1ccc2c(=O)c3ccccc3oc2c1)Cc1cccc(OC(=O)NC)c1,active,488.5840000000003,5.735600000000005,1,6,9.086186147616283
CHEMBL191461,CNC(=O)Oc1cccc(CN(C)CCCCCCCOc2ccc3c(c2)C/C(=C\c2cc(OC)c(OC)c(OC)c2)C3=O)c1,active,616.7550000000002,6.714300000000009,1,8,8.744727494896694
CHEMBL340625,CNC(=O)Oc1cccc(CN(C)CCCOc2ccc3ccc(=O)oc3c2)c1,active,396.44300000000004,3.4121000000000024,1,6,8.244125144327509
CHEMBL128202,CCN(CCCOc1ccc2c(=O)c3ccccc3oc2c1)Cc1cccc(OC(=O)NC)c1,active,460.53000000000026,4.955400000000004,1,6,9.2518119729938
CHEMBL128260,CN(CCCOc1ccc2c(=O)c3ccccc3oc2c1)Cc1cccc(OC(=O)Nc2ccccc2)c1,active,508.57400000000024,6.4580000000000055,1,6,8.55284196865778
CHEMBL2236393,CNCOc1cccc(CN(C)CCCCCCCOc2ccc3c(=O)c4ccccc4oc3c2)c1,active,488.62800000000016,5.963200000000007,1,6,9.494850021680094
CHEMBL340427,CNC(=O)Oc1cccc(CN(C)CCCOc2ccc3c(=O)c4ccccc4oc3c2)c1,active,446.5030000000001,4.565300000000004,1,6,9.522878745280337
CHEMBL2234537,CC1(C)CC(=O)C2=C(C1)Nc1nc3c(c(N)c1[C@H]2c1ccncc1)CCCC3,active,374.48800000000017,4.138200000000003,2,5,6.219999701663429
CHEMBL2234536,COc1ccc([C@H]2C3=C(CC(C)(C)CC3=O)Nc3nc4c(c(N)c32)CCCC4)cc1,active,403.52600000000024,4.751800000000004,2,5,6.659992382003327
CHEMBL2234535,Cc1ccc([C@H]2C3=C(CC(C)(C)CC3=O)Nc3nc4c(c(N)c32)CCCC4)cc1,active,387.52700000000027,5.051620000000003,2,4,6.639993867770902
CHEMBL2234534,CC1(C)CC(=O)C2=C(C1)Nc1nc3c(c(N)c1[C@H]2c1ccc(F)cc1)CCCC3,active,391.4900000000002,4.882300000000003,2,4,6.270001452716577
CHEMBL2234533,CC1(C)CC(=O)C2=C(C1)Nc1nc3c(c(N)c1[C@H]2c1ccccc1)CCCC3,active,373.50000000000017,4.743200000000003,2,4,6.490004907986601
CHEMBL490359,CCOC(=O)C1=C(C)Nc2nc3c(c(N)c2[C@H]1c1ccc(OC)cc1)CCCC3,active,393.48700000000025,3.945700000000003,2,6,7.349984047528161
CHEMBL2234532,CCOC(=O)C1=C(C)Nc2nc3c(c(N)c2[C@H]1c1cccc(OC)c1)CCCC3,active,393.48700000000025,3.945700000000003,2,6,7.209996479609511
CHEMBL2234531,CCOC(=O)C1=C(C)Nc2nc3c(c(N)c2[C@@H]1c1ccccc1OC)CCCC3,active,393.48700000000025,3.945700000000003,2,6,6.799998134593398
CHEMBL2234530,CCOC(=O)C1=C(C)Nc2nc3c(c(N)c2[C@H]1c1ccc(C)cc1)CCCC3,active,377.4880000000002,4.2455200000000035,2,5,7.0400051616715835
CHEMBL2234529,CCOC(=O)C1=C(C)Nc2nc3c(c(N)c2[C@H]1c1ccc([N+](=O)[O-])cc1)CCCC3,active,408.45800000000025,3.8453000000000026,2,7,6.219999701663429
CHEMBL2234528,CCOC(=O)C1=C(C)Nc2nc3c(c(N)c2[C@H]1c1cccc([N+](=O)[O-])c1)CCCC3,active,408.45800000000025,3.8453000000000026,2,7,6.959991363986458
CHEMBL2234527,CCOC(=O)C1=C(C)Nc2nc3c(c(N)c2[C@H]1c1ccccc1[N+](=O)[O-])CCCC3,active,408.45800000000025,3.8453000000000026,2,7,6.519993057042849
CHEMBL2234526,CCOC(=O)C1=C(C)Nc2nc3c(c(N)c2[C@H]1c1ccc(F)cc1)CCCC3,active,381.4510000000002,4.076200000000003,2,5,7.280006173632396
CHEMBL2234525,CCOC(=O)C1=C(C)Nc2nc3c(c(N)c2[C@H]1c1ccccc1)CCCC3,active,363.4610000000002,3.9371000000000027,2,5,7.100015437450609
CHEMBL2234524,COc1ccc([C@H]2C3=C(CC(C)(C)CC3=O)Oc3nc4c(c(N)c32)CCCC4)cc1,inactive,404.5100000000002,4.718700000000004,1,5,4.389999976337708
CHEMBL2234523,COc1cccc([C@H]2C3=C(CC(C)(C)CC3=O)Oc3nc4c(c(N)c32)CCCC4)c1,inactive,404.5100000000002,4.718700000000004,1,5,4.6700000181810175
CHEMBL2234521,Cc1ccc([C@H]2C3=C(CC(C)(C)CC3=O)Oc3nc4c(c(N)c32)CCCC4)cc1,inactive,388.51100000000025,5.018520000000004,1,4,4.28999998644378
CHEMBL2234520,CC1(C)CC(=O)C2=C(C1)Oc1nc3c(c(N)c1[C@H]2c1ccc([N+](=O)[O-])cc1)CCCC3,inactive,419.4810000000002,4.618300000000003,1,6,4.030000000370884
CHEMBL2234519,CC1(C)CC(=O)C2=C(C1)Oc1nc3c(c(N)c1[C@H]2c1cccc([N+](=O)[O-])c1)CCCC3,inactive,419.4810000000002,4.618300000000003,1,6,4.920000156997057
CHEMBL2234518,CC1(C)CC(=O)C2=C(C1)Oc1nc3c(c(N)c1[C@H]2c1ccccc1C(F)(F)F)CCCC3,inactive,442.48100000000017,5.728900000000005,1,4,4.750000100140428
CHEMBL2234517,CC1(C)CC(=O)C2=C(C1)Oc1nc3c(c(N)c1[C@H]2c1ccc(F)cc1)CCCC3,inactive,392.47400000000016,4.849200000000003,1,4,4.159999981744464
CHEMBL2234516,CC1(C)CC(=O)C2=C(C1)Oc1nc3c(c(N)c1[C@H]2c1ccccc1)CCCC3,inactive,374.48400000000015,4.710100000000003,1,4,4.3100000171743025
CHEMBL2234841,CCOC(=O)C1=C(C)Oc2nc3c(c(N)c2[C@H]1c1ccc(OC)c(OC)c1)CCCCC3,inactive,438.52400000000034,4.311300000000004,1,7,4.480000028175458
CHEMBL2234840,CCOC(=O)C1=C(C)Oc2nc3c(c(N)c2[C@H]1c1ccccc1OC)CCCCC3,inactive,408.4980000000003,4.302700000000004,1,6,4.68000002720016
CHEMBL2234839,CCOC(=O)C1=C(C)Oc2nc3c(c(N)c2[C@H]1c1cccc(OC)c1)CCCCC3,inactive,408.4980000000003,4.302700000000004,1,6,4.889999848866887
CHEMBL2234836,CCOC(=O)C1=C(C)Oc2nc3c(c(N)c2[C@H]1c1ccc(OC)c(OC)c1)CCC3,inactive,410.47000000000025,3.531100000000002,1,7,4.569999968362492
CHEMBL2234835,CCOC(=O)C1=C(C)Oc2nc3c(c(N)c2[C@H]1c1cccc(OC)c1)CCC3,inactive,380.4440000000002,3.5225000000000026,1,6,4.619999985338959
CHEMBL2234834,CCOC(=O)C1=C(C)Oc2nc3c(c(N)c2[C@H]1c1cccs1)CCCCC3,inactive,384.5010000000002,4.3556000000000035,1,6,4.8399999311187
CHEMBL2234833,CCOC(=O)C1=C(C)Oc2nc3c(c(N)c2[C@H]1c1cccnc1)CCCCC3,inactive,379.4600000000002,3.6891000000000025,1,6,4.489999942195333
CHEMBL2234830,CCOC(=O)C1=C(C)Oc2nc3c(c(N)c2[C@H]1c1cccs1)CCCC3,inactive,370.47400000000016,3.9655000000000022,1,6,4.609999985082743
CHEMBL2234546,CCOC(=O)C1=C(C)Oc2nc3c(c(N)c2[C@H]1c1ccc(OC)cc1)CCCC3,active,394.47100000000023,3.912600000000003,1,6,6.060001790087838
CHEMBL2234545,CCOC(=O)C1=C(C)Oc2nc3c(c(N)c2[C@H]1c1cccs1)CCC3,inactive,356.4470000000001,3.575400000000002,1,6,4.559999953221535
CHEMBL398250,CCOC(=O)c1c(C)nc2nc3c(c(N)c2c1-c1ccc(OC)cc1)CCC3,inactive,377.4440000000002,3.8614200000000025,1,6,4.860000083248981
CHEMBL253602,CCOC(=O)c1c(C)nc2nc3c(c(N)c2c1-c1ccccc1)CCCCC3,inactive,375.4720000000002,4.633020000000004,1,5,4.68000002720016
CHEMBL398249,CCOC(=O)c1c(C)nc2nc3c(c(N)c2c1-c1ccccc1)CCC3,inactive,347.4180000000001,3.852820000000002,1,5,4.920000156997057
CHEMBL2234543,CCOC(=O)c1c(C)nc2nc3c(c(N)c2c1-c1ccc(OC)cc1)CCCCCC3,inactive,419.5250000000003,5.031720000000004,1,6,4.769999911123512
CHEMBL2234542,CCOC(=O)c1c(C)nc2nc3c(c(N)c2c1-c1ccccc1)CCCCCC3,inactive,389.49900000000025,5.023120000000004,1,5,4.769999911123512
CHEMBL2234541,CCOC(=O)c1c(C)nc2nc3c(c(N)c2c1-c1cccc([N+](=O)[O-])c1)CCCCC3,inactive,420.4690000000003,4.541220000000004,1,7,4.849999859991125
CHEMBL2234540,CCOC(=O)c1c(C)nc2nc3c(c(N)c2c1-c1ccc(Cl)cc1)CCCCC3,inactive,409.91700000000026,5.286420000000004,1,5,4.719999935717911
CHEMBL2234539,CCOC(=O)c1c(C)nc2nc3c(c(N)c2c1-c1ccccc1OC)CCCCC3,inactive,405.4980000000003,4.641620000000003,1,6,4.659999925349902
CHEMBL2234538,CCOC(=O)c1c(C)nc2nc3c(c(N)c2c1-c1ccc(C)cc1)CCCCC3,inactive,389.49900000000025,4.941440000000004,1,5,4.889999848866887
CHEMBL400675,CCOC(=O)c1c(C)nc2nc3c(c(N)c2c1-c1cccc([N+](=O)[O-])c1)CCCC3,active,406.44200000000023,4.151120000000002,1,7,6.030002001401658
CHEMBL252380,CCOC(=O)c1c(C)nc2nc3c(c(N)c2c1-c1ccc(F)cc1)CCCC3,active,379.4350000000002,4.3820200000000025,1,5,6.149997413907539
CHEMBL253386,CCOC(=O)c1c(C)nc2nc3c(c(N)c2c1-c1ccccc1)CCCC3,active,361.44500000000016,4.242920000000003,1,5,6.090000275786018
CHEMBL2297277,CC(C)=CCC/C(C)=C/Cc1cc(-c2cc(=O)c3c(O)cc(O)cc3o2)c(O)cc1O,inactive,422.4770000000001,5.517600000000007,4,6,4.790216985151485
CHEMBL2297278,COc1cc(O)c(-c2cc(=O)c3c(O)cc(O)cc3o2)cc1C/C=C(\C)CCC=C(C)C,inactive,436.5040000000003,5.820600000000003,3,6,4.960585880823863
CHEMBL28,O=c1cc(-c2ccc(O)cc2)oc2cc(O)cc(O)c12,active,270.24,2.576800000000001,3,5,7.920818753952375
CHEMBL31574,O=c1c(O)c(-c2ccc(O)c(O)c2)oc2cc(O)ccc12,active,286.23900000000003,2.282400000000001,4,6,7.920818753952375
CHEMBL164,O=c1c(O)c(-c2cc(O)c(O)c(O)c2)oc2cc(O)cc(O)c12,active,318.237,1.6935999999999998,6,8,7.920818753952375
CHEMBL309490,O=c1c(O)c(-c2ccccc2)oc2cc(O)cc(O)c12,active,270.24,2.576800000000001,3,5,7.920818753952375
CHEMBL2297279,O=c1c(OC2O[C@H](CO)[C@H](O)[C@H](O)[C@H]2O)c(-c2ccc(O)cc2)oc2cc(O)cc(O)c12,active,448.3800000000002,-0.24449999999999966,7,11,7.920818753952375
CHEMBL226335,C[C@@H]1O[C@@H](OC[C@H]2O[C@@H](Oc3c(-c4ccc(O)c(O)c4)oc4cc(O)cc(O)c4c3=O)[C@H](O)[C@@H](O)[C@@H]2O)[C@H](O)[C@H](O)[C@H]1O,active,610.5210000000004,-1.6871000000000003,10,16,7.920818753952375
CHEMBL2297280,COc1cc2occ(-c3ccc(OC4CCN(Cc5ccccc5)CC4)cc3)c(=O)c2cc1OC,active,471.5530000000002,5.520600000000005,0,6,7.031517051446065
CHEMBL50,O=c1c(O)c(-c2ccc(O)c(O)c2)oc2cc(O)cc(O)c12,inactive,302.23800000000006,1.988,5,7,3.4511685268258474
CHEMBL2314726,COc1cc2cc(NC(=O)[C@H]3CCC[C@@H](NCc4ccccc4)C3)c(=O)oc2cc1OC,active,436.5080000000002,4.097300000000003,2,6,7.366531544420414
CHEMBL659,COc1ccc2c3c1O[C@H]1C[C@@H](O)C=C[C@@]31CCN(C)C2,active,287.35900000000004,1.8503,1,4,6.522878745280337
CHEMBL636,CCN(C)C(=O)Oc1cccc([C@H](C)N(C)C)c1,active,250.34199999999998,2.7597000000000014,0,3,6.154901959985743
CHEMBL502,COc1cc2c(cc1OC)C(=O)C(CC1CCN(Cc3ccccc3)CC1)C2,active,379.50000000000017,4.361100000000004,0,4,8.698970004336019
CHEMBL95,Nc1c2c(nc3ccccc13)CCCC2,active,198.26899999999992,2.695800000000001,1,2,7.0
CHEMBL2323356,CCOc1ccc(/C=N/NC(=O)CN2CCC(Cc3ccccc3)CC2)cc1,inactive,379.5040000000001,3.4901000000000026,1,4,4.274905478918531
CHEMBL2323355,COc1ccc(/C=N/NC(=O)CN2CCC(Cc3ccccc3)CC2)cc1,inactive,365.47700000000003,3.1000000000000014,1,4,4.133712660915805
CHEMBL2323354,COc1ccc(/C=N/NC(=O)CN2CCC(Cc3ccccc3)CC2)cc1OC,inactive,395.5030000000001,3.108600000000002,1,5,4.2020403562628035
CHEMBL2323353,CCOc1ccc(/C=N/NC(=O)CN2CCN(Cc3ccccc3)CC2)cc1,inactive,380.4920000000001,2.3531999999999993,1,5,4.089375595110798
CHEMBL2323352,COc1ccc(/C=N/NC(=O)CN2CCN(Cc3ccccc3)CC2)cc1,inactive,366.46500000000003,1.9630999999999994,1,5,4.053056729302175
CHEMBL2323351,COc1ccc(/C=N/NC(=O)CN2CCN(Cc3ccccc3)CC2)cc1OC,inactive,396.4910000000001,1.9716999999999996,1,6,4.090979145788844
CHEMBL502,COc1cc2c(cc1OC)C(=O)C(CC1CCN(Cc3ccccc3)CC1)C2,active,379.50000000000017,4.361100000000004,0,4,8.244125144327509
CHEMBL1255901,C/C=C1\[C@H]2C=C(C)C[C@@]1(N)c1ccc(=O)[nH]c1C2,active,242.32199999999997,1.9975,2,2,7.346787486224656
CHEMBL2332981,O=C(C[C@H]1C[C@H]2CCCN2[C@]12C(=O)Nc1ccccc12)N1C/C(=C\c2cccc3ccccc23)C(=O)[C@]2(C[C@H]3CCCN3[C@@]23C(=O)Nc2ccccc23)C1,inactive,717.8699999999999,6.058600000000006,2,6,4.685500772026848
CHEMBL2332540,O=C(C[C@H]1C[C@H]2CCCN2[C@]12C(=O)Nc1ccccc12)N1C/C(=C\c2ccc(F)cc2)C(=O)[C@]2(C[C@H]3CCCN3[C@@]23C(=O)Nc2ccccc23)C1,inactive,685.8000000000001,5.044500000000005,2,6,4.625801742070918
CHEMBL2332530,Cc1ccc(/C=C2\CN(C(=O)C[C@H]3C[C@H]4CCCN4[C@]34C(=O)Nc3ccccc34)C[C@@]3(C[C@H]4CCCN4[C@@]34C(=O)Nc3ccccc34)C2=O)cc1,inactive,681.8370000000003,5.213820000000005,2,6,4.707965564005264
CHEMBL2332532,O=C(C[C@H]1C[C@H]2CCCN2[C@]12C(=O)Nc1ccccc12)N1C/C(=C\c2cccc([N+](=O)[O-])c2)C(=O)[C@]2(C[C@H]3CCCN3[C@@]23C(=O)Nc2ccccc23)C1,inactive,712.8069999999999,4.813600000000004,2,8,4.575118363368933
CHEMBL2332533,O=C(C[C@H]1C[C@H]2CCCN2[C@]12C(=O)Nc1ccccc12)N1C/C(=C\c2ccccc2F)C(=O)[C@]2(C[C@H]3CCCN3[C@@]23C(=O)Nc2ccccc23)C1,inactive,685.8000000000001,5.044500000000005,2,6,4.609418121449565
CHEMBL2332534,O=C(C[C@H]1C[C@H]2CCCN2[C@]12C(=O)Nc1ccccc12)N1C/C(=C\c2ccccc2Cl)C(=O)[C@]2(C[C@H]3CCCN3[C@@]23C(=O)Nc2ccccc23)C1,inactive,702.2549999999999,5.558800000000005,2,6,4.86518562967954
CHEMBL2332542,COc1ccccc1/C=C1\CN(C(=O)C[C@H]2C[C@H]3CCCN3[C@]23C(=O)Nc2ccccc23)C[C@@]2(C[C@H]3CCCN3[C@@]23C(=O)Nc2ccccc23)C1=O,inactive,697.8360000000001,4.914000000000004,2,7,4.942714355581785
CHEMBL2332543,Cc1ccccc1/C=C1\CN(C(=O)C[C@H]2C[C@H]3CCCN3[C@]23C(=O)Nc2ccccc23)C[C@@]2(C[C@H]3CCCN3[C@@]23C(=O)Nc2ccccc23)C1=O,inactive,681.8370000000002,5.213820000000005,2,6,4.561457651213889
CHEMBL2332544,O=C(C[C@H]1C[C@H]2CCCN2[C@]12C(=O)Nc1ccccc12)N1C/C(=C\c2ccccc2)C(=O)[C@]2(C[C@H]3CCCN3[C@@]23C(=O)Nc2ccccc23)C1,inactive,667.8100000000002,4.905400000000005,2,6,4.706637445288554
CHEMBL2332980,O=C1/C(=C/c2ccc(F)cc2)CN(C(=O)C[C@H]2C[C@H]3CCCN3[C@]23C(=O)Nc2ccccc23)C/C1=C\c1ccc(F)cc1,inactive,579.6470000000004,5.5651000000000055,1,4,4.70245833218184
CHEMBL2332978,Cc1ccc(/C=C2\CN(C(=O)C[C@H]3C[C@H]4CCCN4[C@]34C(=O)Nc3ccccc34)C/C(=C\c3ccc(C)cc3)C2=O)cc1,inactive,571.7210000000002,5.903740000000006,1,4,4.697452627512514
CHEMBL2332975,O=C1/C(=C/c2ccccc2F)CN(C(=O)C[C@H]2C[C@H]3CCCN3[C@]23C(=O)Nc2ccccc23)C/C1=C\c1ccccc1F,inactive,579.6470000000004,5.5651000000000055,1,4,4.463820467862774
CHEMBL2332974,O=C1/C(=C/c2ccccc2Cl)CN(C(=O)C[C@H]2C[C@H]3CCCN3[C@]23C(=O)Nc2ccccc23)C/C1=C\c1ccccc1Cl,inactive,612.5570000000002,6.593700000000006,1,4,4.923723744595782
CHEMBL2332550,COc1ccccc1/C=C1\CN(C(=O)C[C@H]2C[C@H]3CCCN3[C@]23C(=O)Nc2ccccc23)C/C(=C\c2ccccc2OC)C1=O,inactive,603.7190000000003,5.304100000000005,1,6,4.799696817018415
CHEMBL2332549,Cc1ccccc1/C=C1\CN(C(=O)C[C@H]2C[C@H]3CCCN3[C@]23C(=O)Nc2ccccc23)C/C(=C\c2ccccc2C)C1=O,inactive,571.7210000000001,5.903740000000006,1,4,4.904133546521457
CHEMBL2332548,O=C1/C(=C/c2ccccc2)CN(C(=O)C[C@H]2C[C@H]3CCCN3[C@]23C(=O)Nc2ccccc23)C/C1=C\c1ccccc1,inactive,543.6670000000003,5.2869000000000055,1,4,4.757210190521324
CHEMBL2332547,C=CC(=O)N1C/C(=C\c2cccc3ccccc23)C(=O)/C(=C/c2cccc3ccccc23)C1,inactive,429.51900000000023,6.057300000000005,0,2,4.858863909879261
CHEMBL350032,C=CC(=O)N1C/C(=C\c2ccc(F)cc2)C(=O)/C(=C/c2ccc(F)cc2)C1,inactive,365.3790000000001,4.029100000000003,0,2,4.820448208834812
CHEMBL152675,C=CC(=O)N1C/C(=C\c2ccc(Cl)cc2)C(=O)/C(=C/c2ccc(Cl)cc2)C1,inactive,398.2890000000001,5.057700000000004,0,2,4.656788409820252
CHEMBL454594,C=CC(=O)N1C/C(=C\c2ccc(C)cc2)C(=O)/C(=C/c2ccc(C)cc2)C1,inactive,357.45300000000015,4.367740000000004,0,2,4.743282254022513
CHEMBL2332546,C=CC(=O)N1C/C(=C\c2ccc(Cl)cc2Cl)C(=O)/C(=C/c2ccc(Cl)cc2Cl)C1,inactive,467.1790000000002,6.364500000000003,0,2,4.80271944187438
CHEMBL2332536,C=CC(=O)N1C/C(=C\c2ccccc2F)C(=O)/C(=C/c2ccccc2F)C1,inactive,365.3790000000001,4.029100000000003,0,2,4.927750102386486
CHEMBL2332535,C=CC(=O)N1C/C(=C\c2ccccc2Cl)C(=O)/C(=C/c2ccccc2Cl)C1,inactive,398.2890000000001,5.057700000000004,0,2,4.787279845582158
CHEMBL2332538,C=CC(=O)N1C/C(=C\c2ccccc2C)C(=O)/C(=C/c2ccccc2C)C1,inactive,357.45300000000015,4.367740000000004,0,2,4.759700417997287
CHEMBL156016,C=CC(=O)N1C/C(=C\c2ccccc2)C(=O)/C(=C/c2ccccc2)C1,inactive,329.39900000000006,3.7509000000000023,0,2,4.752517739322946
CHEMBL502,COc1cc2c(cc1OC)C(=O)C(CC1CCN(Cc3ccccc3)CC1)C2,active,379.50000000000017,4.361100000000004,0,4,7.6777807052660805
CHEMBL211471,CN(C)C(=O)Oc1cccc([N+](C)(C)C)c1.COS(=O)(=O)[O-],inactive,334.394,1.0367000000000002,0,6,4.1605219526258015
CHEMBL2375483,Brc1cccc(-c2nnc3sc(-c4ccoc4)nn23)c1,active,347.197,3.875300000000002,0,6,6.46344155742847
CHEMBL32823,c1ccc2c(NCCCCCCCNc3c4c(nc5ccccc35)CCCC4)c3c(nc2c1)CCCC3,active,492.7110000000004,8.015100000000007,2,4,9.397940008672037
CHEMBL2380677,O=C1/C(=C/c2ccc(F)cc2)CN(C(=O)[C@H]2C[C@H]3CCCN3[C@]23C(=O)Nc2cc(Cl)ccc23)C/C1=C\c1ccc(F)cc1,inactive,600.0650000000003,5.828400000000006,1,4,4.651305809734459
CHEMBL2380672,O=C1/C(=C/c2ccccc2F)CN(C(=O)[C@H]2C[C@H]3CCCN3[C@]23C(=O)Nc2cc(Cl)ccc23)C/C1=C\c1ccccc1F,inactive,600.0650000000003,5.828400000000006,1,4,4.5300307905000405
CHEMBL2380670,COc1ccccc1/C=C1\CN(C(=O)[C@H]2C[C@H]3CCCN3[C@]23C(=O)Nc2cc(Cl)ccc23)C/C(=C\c2ccccc2OC)C1=O,inactive,624.1370000000003,5.5674000000000055,1,6,4.838033383635925
CHEMBL2380669,Cc1ccccc1/C=C1\CN(C(=O)[C@H]2C[C@H]3CCCN3[C@]23C(=O)Nc2cc(Cl)ccc23)C/C(=C\c2ccccc2C)C1=O,inactive,592.1390000000001,6.167040000000006,1,4,4.950781977329818
CHEMBL2380668,O=C1/C(=C/c2ccccc2)CN(C(=O)[C@H]2C[C@H]3CCCN3[C@]23C(=O)Nc2cc(Cl)ccc23)C/C1=C\c1ccccc1,inactive,564.0850000000003,5.550200000000006,1,4,4.8035474582966105
CHEMBL2332547,C=CC(=O)N1C/C(=C\c2cccc3ccccc23)C(=O)/C(=C/c2cccc3ccccc23)C1,inactive,429.51900000000023,6.057300000000005,0,2,4.858863909879261
CHEMBL350032,C=CC(=O)N1C/C(=C\c2ccc(F)cc2)C(=O)/C(=C/c2ccc(F)cc2)C1,inactive,365.3790000000001,4.029100000000003,0,2,4.820448208834812
CHEMBL152675,C=CC(=O)N1C/C(=C\c2ccc(Cl)cc2)C(=O)/C(=C/c2ccc(Cl)cc2)C1,inactive,398.2890000000001,5.057700000000004,0,2,4.656788409820252
CHEMBL454594,C=CC(=O)N1C/C(=C\c2ccc(C)cc2)C(=O)/C(=C/c2ccc(C)cc2)C1,inactive,357.45300000000015,4.367740000000004,0,2,4.743282254022513
CHEMBL2332546,C=CC(=O)N1C/C(=C\c2ccc(Cl)cc2Cl)C(=O)/C(=C/c2ccc(Cl)cc2Cl)C1,inactive,467.1790000000002,6.364500000000003,0,2,4.80271944187438
CHEMBL2332536,C=CC(=O)N1C/C(=C\c2ccccc2F)C(=O)/C(=C/c2ccccc2F)C1,inactive,365.3790000000001,4.029100000000003,0,2,4.927750102386486
CHEMBL2332535,C=CC(=O)N1C/C(=C\c2ccccc2Cl)C(=O)/C(=C/c2ccccc2Cl)C1,inactive,398.2890000000001,5.057700000000004,0,2,4.787279845582158
CHEMBL2332538,C=CC(=O)N1C/C(=C\c2ccccc2C)C(=O)/C(=C/c2ccccc2C)C1,inactive,357.45300000000015,4.367740000000004,0,2,4.759700417997287
CHEMBL156016,C=CC(=O)N1C/C(=C\c2ccccc2)C(=O)/C(=C/c2ccccc2)C1,inactive,329.39900000000006,3.7509000000000023,0,2,4.752517739322946
CHEMBL95,Nc1c2c(nc3ccccc13)CCCC2,active,198.26899999999992,2.695800000000001,1,2,6.5718652059712115
CHEMBL2396914,c1ccc2c(c1)CCCN2c1nc2ccccc2[nH]1,inactive,249.317,3.6472000000000016,1,2,4.0
CHEMBL2396913,CC1CCCCN1c1nc2ccccc2[nH]1,inactive,215.30000000000004,2.941700000000001,1,2,4.051000545973047
CHEMBL2396912,c1ccc2[nH]c(N3CCCCC3)nc2c1,inactive,201.27299999999997,2.5532000000000004,1,2,4.22767829327708
CHEMBL1429841,c1ccc(Nc2nc3ccccc3[nH]2)nc1,inactive,210.24000000000004,2.7014999999999993,2,3,4.0
CHEMBL2396911,c1ccc2[nH]c(NC34CC5CC(CC(C5)C3)C4)nc2c1,inactive,267.3759999999999,3.9436000000000027,2,2,4.0
CHEMBL2396910,CN(C)CCCN(c1nc2ccccc2[nH]1)c1nc2ccccc2[nH]1,inactive,334.4270000000001,3.5290000000000017,2,4,4.224171185535387
CHEMBL2396909,NCCNc1nc2ccccc2[nH]1,inactive,176.223,0.9334999999999998,3,3,4.0
CHEMBL2396908,CC(C)(C)OC(=O)NCCNc1nc2ccccc2[nH]1,inactive,276.34,2.4995000000000003,3,4,4.0
CHEMBL1572608,CCN(CC)CCCNc1nc2ccccc2[nH]1,inactive,246.35800000000003,2.7067000000000005,2,3,4.0
CHEMBL2396907,c1ccc(CCCNc2nc3ccccc3[nH]2)cc1,inactive,251.33300000000003,3.6076000000000015,2,2,4.0
CHEMBL2396906,COCCNc1nc2ccccc2[nH]1,inactive,191.234,1.6211999999999998,2,3,4.0
CHEMBL2396905,CCCCN(C)c1nc2ccccc2[nH]1,inactive,203.28900000000002,2.799200000000001,1,2,4.0
CHEMBL2396904,CCCCN(C)c1nc2ccccc2n1C,inactive,217.316,2.8096000000000014,0,3,4.0
CHEMBL2396903,CCCCNc1nc2ccccc2n1C,inactive,203.289,2.785300000000001,1,3,4.0
CHEMBL1376358,CCCCNc1nc2ccccc2[nH]1,inactive,189.262,2.7749000000000006,2,2,4.0
CHEMBL145,O=C(O)/C=C/c1ccc(O)c(O)c1,inactive,180.159,1.1956,3,3,4.0
CHEMBL51628,O=c1ccc2ccc(O)cc2o1,inactive,162.14399999999998,1.4986,1,3,4.0
CHEMBL1443379,C/C=C(\C)C(=O)OC(C)(C)[C@@H]1Cc2cc3ccc(=O)oc3cc2O1,inactive,328.3640000000001,3.384500000000002,0,5,4.0
CHEMBL2402007,CC(C)=CC(=O)OC(C)(C)[C@@H]1Cc2cc3ccc(=O)oc3cc2O1,inactive,328.3640000000001,3.384500000000002,0,5,4.0
CHEMBL416,COc1c2occc2cc2ccc(=O)oc12,active,216.19199999999995,2.5478000000000005,0,4,6.119186407719209
CHEMBL94,CNC(=O)Oc1ccc2c(c1)[C@]1(C)CCN(C)[C@@H]1N2C,active,275.352,1.7739,1,4,8.537602002101044
CHEMBL502,COc1cc2c(cc1OC)C(=O)C(CC1CCN(Cc3ccccc3)CC1)C2,active,379.50000000000017,4.361100000000004,0,4,7.3979400086720375
CHEMBL95,Nc1c2c(nc3ccccc13)CCCC2,active,198.26899999999992,2.695800000000001,1,2,6.795880017344075
CHEMBL1255901,C/C=C1\[C@H]2C=C(C)C[C@@]1(N)c1ccc(=O)[nH]c1C2,active,242.32199999999997,1.9975,2,2,6.903089986991944
CHEMBL2409142,C=C[C@@H]1[C@H]2C=C(C)C[C@]1(N)c1ccc(=O)[nH]c1C2,active,242.32199999999997,1.8534,2,2,6.310691140876379
CHEMBL448799,C=C[C@@H]1[C@H]2C=C(C)C[C@]1(NC)c1ccc(=O)[nH]c1C2,inactive,256.349,2.1140999999999996,2,2,4.823908740944319
CHEMBL2409141,CC1=C[C@H]2Cc3[nH]c(=O)ccc3[C@@]3(C1)[C@@H]2[C@H](C)CN3C,inactive,270.37600000000003,2.2902000000000005,1,2,4.91721462968355
CHEMBL2409140,CC1=C[C@H]2Cc3[nH]c(=O)ccc3[C@@]3(C1)[C@@H]2[C@H](Cl)CCN3C,inactive,304.82100000000014,2.651600000000001,1,2,4.679853713888946
CHEMBL95,Nc1c2c(nc3ccccc13)CCCC2,active,198.26899999999992,2.695800000000001,1,2,6.2839966563652006
CHEMBL2413743,Clc1ccc2[nH]c(-c3ccc(OCCN4CCCCC4)cc3)nc2c1,active,355.8690000000001,4.748000000000003,1,3,6.886056647693163
CHEMBL2413738,Oc1ccc(-c2nc3cc(Cl)ccc3[nH]2)cc1,inactive,244.68100000000004,3.5889000000000015,2,2,4.0
CHEMBL2413737,Cc1ccc2[nH]c(-c3ccc(OCCN4CCOCC4)cc3)nc2c1,inactive,337.42300000000006,3.2493200000000018,1,4,4.8887374863409345
CHEMBL2413736,Cc1ccc2[nH]c(-c3ccc(OCCN4CCCCC4)cc3)nc2c1,active,335.451,4.403020000000003,1,3,6.4089353929735005
CHEMBL2413735,Cc1ccc2[nH]c(-c3ccc(OCCN4CCCC4)cc3)nc2c1,active,321.424,4.012920000000003,1,3,6.3979400086720375
CHEMBL2413734,CCN(CC)CCOc1ccc(-c2nc3cc(C)ccc3[nH]2)cc1,inactive,323.44,4.258920000000003,1,3,4.292600168866751
CHEMBL2413733,Cc1ccc2[nH]c(-c3ccc(OCCN(C)C)cc3)nc2c1,inactive,295.386,3.478720000000002,1,3,4.908684840302777
CHEMBL2413732,Cc1ccc2[nH]c(-c3ccc(O)cc3)nc2c1,inactive,224.26300000000003,3.243920000000001,2,2,4.0
CHEMBL2413561,c1ccc2[nH]c(-c3ccc(OCCN4CCOCC4)cc3)nc2c1,inactive,323.39599999999996,2.940900000000001,1,4,4.0
CHEMBL2413558,CC(C)N(CCOc1ccc(-c2nc3ccccc3[nH]2)cc1)C(C)C,inactive,337.46700000000004,4.727500000000004,1,3,4.630413109263656
CHEMBL2413745,CCN(CC)CCOc1ccc(-c2nc3ccccc3[nH]2)cc1,inactive,309.413,3.9505000000000026,1,3,4.0
CHEMBL2413746,CN(C)CCOc1ccc(-c2nc3ccccc3[nH]2)cc1,inactive,281.359,3.170300000000001,1,3,4.9714287473074625
CHEMBL377740,Oc1ccc(-c2nc3ccccc3[nH]2)cc1,inactive,210.23600000000005,2.9355,2,2,4.0
CHEMBL502,COc1cc2c(cc1OC)C(=O)C(CC1CCN(Cc3ccccc3)CC1)C2,active,379.50000000000017,4.361100000000004,0,4,8.0
CHEMBL2419688,N#Cc1cc(C#N)c(NCCCCC2CCN(Cc3ccccc3)CC2)nc1Cl,active,407.94900000000007,4.972760000000005,1,5,7.886056647693163
CHEMBL2419687,N#Cc1cc(C#N)c(NCCCC2CCN(Cc3ccccc3)CC2)nc1Cl,active,393.922,4.582660000000004,1,5,7.267606240177032
CHEMBL2419686,N#Cc1cc(C#N)c(NCCC2CCN(Cc3ccccc3)CC2)nc1Cl,active,379.8950000000001,4.192560000000004,1,5,6.508638306165727
CHEMBL2419684,N#Cc1c(Cl)nc(NCCCCC2CCN(Cc3ccccc3)CC2)c(C#N)c1-c1ccccc1,active,484.0470000000002,6.639760000000007,1,5,7.508638306165727
CHEMBL94,CNC(=O)Oc1ccc2c(c1)[C@]1(C)CCN(C)[C@@H]1N2C,active,275.352,1.7739,1,4,7.3979400086720375
CHEMBL2425415,COc1ccc(NC(=S)NNC=C2C(=O)NC(=S)NC2=O)cc1,inactive,351.41300000000007,-0.09900000000000081,5,6,3.685479720938315
CHEMBL2425414,O=C1NC(=S)NC(=O)C1=CNNC(=S)Nc1ccc(C(F)(F)F)cc1,inactive,389.3840000000001,0.9112000000000002,5,5,4.002569926202529
CHEMBL2425413,O=C1NC(=O)C(=CNNC(=S)Nc2cccc(C(F)(F)F)c2)C(=O)N1,inactive,373.31600000000003,0.7462999999999995,5,5,4.389552778557879
CHEMBL2425412,O=C1NC(=S)NC(=O)C1=CNNC(=S)Nc1ccc(Br)cc1,inactive,400.28300000000013,0.6549,5,5,4.101219986710174
CHEMBL2425410,O=C1NC(=S)NC(=O)C1=CNNC(=S)Nc1ccc(Cl)cc1,inactive,355.8320000000001,0.5458000000000001,5,5,3.916819995870023
CHEMBL2425409,O=C1NC(=S)NC(=O)C1=CNNC(=S)Nc1ccc(F)cc1,inactive,339.3770000000001,0.031499999999999695,5,5,4.1056285461437625
CHEMBL2425408,O=C1NC(=S)NC(=O)C1=CNNC(=S)Nc1ccccc1,inactive,321.3870000000001,-0.10759999999999992,5,5,3.9388869460820213
CHEMBL2425407,O=C(NNC=C1C(=O)NC(=S)NC1=O)Nc1ccccc1,inactive,305.319,-0.2724999999999995,5,5,4.12953756841108
CHEMBL2425418,NC(=S)NNC=C1C(=O)NC(=O)NC1=O,inactive,229.221,-2.4259000000000004,5,5,3.9240517753559647
CHEMBL2425417,CC(=O)NC=C1C(=O)NC(=O)NC1=O,inactive,197.14999999999998,-1.6275999999999993,3,4,4.041388342235121
CHEMBL2441695,COc1c(F)c[n+](CCC[n+]2cc(F)c(OC)c(F)c2)cc1F.O=S(=O)([O-])C(F)(F)F.O=S(=O)([O-])C(F)(F)F,inactive,630.4350000000002,2.0283,0,8,4.552841968657781
CHEMBL2441694,COc1c(F)c[n+](C)cc1F.O=S(=O)([O-])C(F)(F)F,inactive,309.212,0.8493,0,4,4.008773924307505
CHEMBL2441693,COc1cccc(C#N)[n+]1C.F[B-](F)(F)F,inactive,235.97699999999995,1.6913799999999999,0,2,4.7447274948966935
CHEMBL2441692,COc1ccc(C#N)c[n+]1C.F[B-](F)(F)F,inactive,235.97699999999995,1.6913799999999999,0,2,4.1938200260161125
CHEMBL2441691,COc1cc(C#N)cc[n+]1C.F[B-](F)(F)F,inactive,235.97699999999995,1.6913799999999999,0,2,4.214670164989233
CHEMBL2441690,COc1ccc([N+](=O)[O-])c[n+]1C.F[B-](F)(F)F,inactive,255.96399999999997,1.7278999999999998,0,3,4.455931955649724
CHEMBL2441689,COc1cccc(C(F)(F)F)[n+]1C.F[B-](F)(F)F,inactive,278.96399999999994,2.8385000000000016,0,1,4.337242168318426
CHEMBL2441688,COc1ccc(C(F)(F)F)c[n+]1C.F[B-](F)(F)F,inactive,278.964,2.8385000000000016,0,1,4.508638306165727
CHEMBL2441687,COc1ccc(F)c[n+]1C.F[B-](F)(F)F,inactive,228.95699999999997,1.9588,0,1,4.769551078621726
CHEMBL2441686,COc1c(F)ccc[n+]1C.F[B-](F)(F)F,inactive,228.95699999999997,1.9588,0,1,3.958607314841775
CHEMBL2441685,COc1cccc[n+]1C.F[B-](F)(F)F,inactive,210.96699999999996,1.8197,0,1,4.337242168318426
CHEMBL2441684,COc1c(F)c[n+](CCCCCOc2ccc3c(C)cc(=O)oc3c2)cc1F.O=S(=O)([O-])C(F)(F)F,active,539.4750000000003,3.9764200000000036,0,7,6.327902142064283
CHEMBL2440134,COc1c(F)c[n+](CCCCOc2ccc3c(C)cc(=O)oc3c2)cc1F.O=S(=O)([O-])C(F)(F)F,active,525.4480000000002,3.5863200000000024,0,7,6.275724130399211
CHEMBL2441679,COc1ccc(C(F)(F)F)c[n+]1CCCCC[n+]1cc(C(F)(F)F)ccc1OC.O=S(=O)([O-])C(F)(F)F.O=S(=O)([O-])C(F)(F)F,inactive,722.5230000000005,4.289700000000003,0,8,4.657577319177793
CHEMBL2441677,COc1ccc(C(F)(F)F)c[n+]1CCCCCO.O=S(=O)([O-])C(F)(F)F,inactive,413.336,2.215500000000001,1,5,3.8827287043442356
CHEMBL2441676,COc1cc2c(cc1OC)C(=O)C(CCCCCCCc1cccc(OC)[n+]1C)C2.O=S(=O)([O-])C(F)(F)F,active,561.6190000000004,4.526600000000004,0,7,6.568636235841013
CHEMBL2441675,COc1cc2c(cc1OC)C(=O)C(CCCCCCc1cccc(OC)[n+]1C)C2.O=S(=O)([O-])C(F)(F)F,active,547.5920000000003,4.136500000000003,0,7,7.0
CHEMBL2441674,COc1cc2c(cc1OC)C(=O)C(CCCCCc1cccc(OC)[n+]1C)C2.O=S(=O)([O-])C(F)(F)F,active,533.5650000000003,3.746400000000002,0,7,6.886056647693163
CHEMBL2441673,COc1cc2c(cc1OC)C[N+](C)(CCCCCCCc1cccc(OC)[n+]1C)CC2.O=S(=O)([O-])C(F)(F)F.O=S(=O)([O-])C(F)(F)F,active,726.7550000000006,4.335600000000004,0,9,6.958607314841775
CHEMBL2441672,COc1cc2c(cc1OC)C[N+](C)(CCCCCCc1cccc(OC)[n+]1C)CC2.O=S(=O)([O-])C(F)(F)F.O=S(=O)([O-])C(F)(F)F,active,712.7280000000005,3.9455000000000036,0,9,6.721246399047171
CHEMBL2441671,COc1cc2c(cc1OC)C[N+](C)(CCCCCc1cccc(OC)[n+]1C)CC2.O=S(=O)([O-])C(F)(F)F.O=S(=O)([O-])C(F)(F)F,active,698.7010000000005,3.5554000000000023,0,9,6.337242168318426
CHEMBL2441669,COc1cccc(CCCCCCCCc2cccc(OC)[n+]2C)[n+]1C.O=S(=O)([O-])C(F)(F)F.O=S(=O)([O-])C(F)(F)F,active,656.6640000000003,3.581400000000002,0,8,6.721246399047171
CHEMBL2441668,COc1cccc(CCCCCCCc2cccc(OC)[n+]2C)[n+]1C.O=S(=O)([O-])C(F)(F)F.O=S(=O)([O-])C(F)(F)F,active,642.6370000000003,3.191300000000002,0,8,6.920818753952375
CHEMBL2441667,COc1cccc(CCCCCCc2cccc(OC)[n+]2C)[n+]1C.O=S(=O)([O-])C(F)(F)F.O=S(=O)([O-])C(F)(F)F,active,628.6100000000002,2.8012000000000015,0,8,7.154901959985743
CHEMBL2441666,COc1cccc(CCCCCc2cccc(OC)[n+]2C)[n+]1C.O=S(=O)([O-])C(F)(F)F.O=S(=O)([O-])C(F)(F)F,active,614.5830000000002,2.4111000000000002,0,8,6.958607314841775
CHEMBL2441695,COc1c(F)c[n+](CCC[n+]2cc(F)c(OC)c(F)c2)cc1F.O=S(=O)([O-])C(F)(F)F.O=S(=O)([O-])C(F)(F)F,inactive,630.4350000000002,2.0283,0,8,4.6777807052660805
CHEMBL2441694,COc1c(F)c[n+](C)cc1F.O=S(=O)([O-])C(F)(F)F,inactive,309.212,0.8493,0,4,4.267606240177032
CHEMBL2441693,COc1cccc(C#N)[n+]1C.F[B-](F)(F)F,inactive,235.97699999999995,1.6913799999999999,0,2,4.853871964321762
CHEMBL2441692,COc1ccc(C#N)c[n+]1C.F[B-](F)(F)F,inactive,235.97699999999995,1.6913799999999999,0,2,4.366531544420414
CHEMBL2441691,COc1cc(C#N)cc[n+]1C.F[B-](F)(F)F,inactive,235.97699999999995,1.6913799999999999,0,2,4.292429823902063
CHEMBL2441689,COc1cccc(C(F)(F)F)[n+]1C.F[B-](F)(F)F,inactive,278.96399999999994,2.8385000000000016,0,1,4.443697499232712
CHEMBL2441688,COc1ccc(C(F)(F)F)c[n+]1C.F[B-](F)(F)F,inactive,278.964,2.8385000000000016,0,1,4.638272163982407
CHEMBL2441687,COc1ccc(F)c[n+]1C.F[B-](F)(F)F,inactive,228.95699999999997,1.9588,0,1,4.795880017344075
CHEMBL2441686,COc1c(F)ccc[n+]1C.F[B-](F)(F)F,inactive,228.95699999999997,1.9588,0,1,4.154901959985743
CHEMBL2441685,COc1cccc[n+]1C.F[B-](F)(F)F,inactive,210.96699999999996,1.8197,0,1,4.431798275933005
CHEMBL2441684,COc1c(F)c[n+](CCCCCOc2ccc3c(C)cc(=O)oc3c2)cc1F.O=S(=O)([O-])C(F)(F)F,active,539.4750000000003,3.9764200000000036,0,7,6.318758762624412
CHEMBL2440134,COc1c(F)c[n+](CCCCOc2ccc3c(C)cc(=O)oc3c2)cc1F.O=S(=O)([O-])C(F)(F)F,active,525.4480000000002,3.5863200000000024,0,7,6.161150909262744
CHEMBL2441682,COc1ccc(C(F)(F)F)c[n+]1CCCCCOc1ccc2c(C)cc(=O)oc2c1.O=S(=O)([O-])C(F)(F)F,active,571.4920000000004,4.717020000000004,0,7,6.142667503568731
CHEMBL2441681,COc1ccc(C(F)(F)F)c[n+]1CCCCOc1ccc2c(C)cc(=O)oc2c1.O=S(=O)([O-])C(F)(F)F,active,557.4650000000004,4.326920000000004,0,7,6.119186407719209
CHEMBL2441679,COc1ccc(C(F)(F)F)c[n+]1CCCCC[n+]1cc(C(F)(F)F)ccc1OC.O=S(=O)([O-])C(F)(F)F.O=S(=O)([O-])C(F)(F)F,inactive,722.5230000000005,4.289700000000003,0,8,4.657577319177793
CHEMBL2441678,COc1ccc(C(F)(F)F)c[n+]1CCC[n+]1cc(C(F)(F)F)ccc1OC.O=S(=O)([O-])C(F)(F)F.O=S(=O)([O-])C(F)(F)F,inactive,694.4690000000004,3.5095000000000027,0,8,4.978810700930062
CHEMBL2441677,COc1ccc(C(F)(F)F)c[n+]1CCCCCO.O=S(=O)([O-])C(F)(F)F,inactive,413.336,2.215500000000001,1,5,4.008773924307505
CHEMBL2441676,COc1cc2c(cc1OC)C(=O)C(CCCCCCCc1cccc(OC)[n+]1C)C2.O=S(=O)([O-])C(F)(F)F,active,561.6190000000004,4.526600000000004,0,7,6.721246399047171
CHEMBL2441675,COc1cc2c(cc1OC)C(=O)C(CCCCCCc1cccc(OC)[n+]1C)C2.O=S(=O)([O-])C(F)(F)F,active,547.5920000000003,4.136500000000003,0,7,7.154901959985743
CHEMBL2441674,COc1cc2c(cc1OC)C(=O)C(CCCCCc1cccc(OC)[n+]1C)C2.O=S(=O)([O-])C(F)(F)F,active,533.5650000000003,3.746400000000002,0,7,6.920818753952375
CHEMBL2441673,COc1cc2c(cc1OC)C[N+](C)(CCCCCCCc1cccc(OC)[n+]1C)CC2.O=S(=O)([O-])C(F)(F)F.O=S(=O)([O-])C(F)(F)F,active,726.7550000000006,4.335600000000004,0,9,7.309803919971486
CHEMBL2441672,COc1cc2c(cc1OC)C[N+](C)(CCCCCCc1cccc(OC)[n+]1C)CC2.O=S(=O)([O-])C(F)(F)F.O=S(=O)([O-])C(F)(F)F,active,712.7280000000005,3.9455000000000036,0,9,6.823908740944319
CHEMBL2441671,COc1cc2c(cc1OC)C[N+](C)(CCCCCc1cccc(OC)[n+]1C)CC2.O=S(=O)([O-])C(F)(F)F.O=S(=O)([O-])C(F)(F)F,active,698.7010000000005,3.5554000000000023,0,9,6.301029995663981
CHEMBL2441669,COc1cccc(CCCCCCCCc2cccc(OC)[n+]2C)[n+]1C.O=S(=O)([O-])C(F)(F)F.O=S(=O)([O-])C(F)(F)F,active,656.6640000000003,3.581400000000002,0,8,6.7447274948966935
CHEMBL2441668,COc1cccc(CCCCCCCc2cccc(OC)[n+]2C)[n+]1C.O=S(=O)([O-])C(F)(F)F.O=S(=O)([O-])C(F)(F)F,active,642.6370000000003,3.191300000000002,0,8,6.920818753952375
CHEMBL2441667,COc1cccc(CCCCCCc2cccc(OC)[n+]2C)[n+]1C.O=S(=O)([O-])C(F)(F)F.O=S(=O)([O-])C(F)(F)F,active,628.6100000000002,2.8012000000000015,0,8,7.154901959985743
CHEMBL2441666,COc1cccc(CCCCCc2cccc(OC)[n+]2C)[n+]1C.O=S(=O)([O-])C(F)(F)F.O=S(=O)([O-])C(F)(F)F,active,614.5830000000002,2.4111000000000002,0,8,7.0
CHEMBL2441665,COc1cccc(CCc2cccc(OC)[n+]2C)[n+]1C.O=S(=O)([O-])C(F)(F)F.O=S(=O)([O-])C(F)(F)F,active,572.5020000000003,1.2408000000000001,0,8,6.0915149811213505
CHEMBL33051,NC(=O)c1cc[n+](COC[n+]2ccccc2/C=N/O)cc1.[Cl-].[Cl-],inactive,359.21299999999997,-6.191599999999997,2,4,4.180456064458132
CHEMBL95,Nc1c2c(nc3ccccc13)CCCC2,active,198.26899999999992,2.695800000000001,1,2,6.416801226031377
CHEMBL3087683,CC(C(=O)NCCCNCCCNC1=CC(=O)c2ccccc2C1=O)c1ccc(-c2ccccc2)c(F)c1,inactive,513.6130000000002,4.6349000000000045,3,5,3.9706162223147903
CHEMBL3087682,CC(C(=O)NCCCNC1=CC(=O)C(NCCCNC(=O)C(C)c2ccc(-c3ccccc3)c(F)c2)=CC1=O)c1ccc(-c2ccccc2)c(F)c1,inactive,704.8180000000001,6.317400000000007,4,6,4.698970004336019
CHEMBL3087681,CC(C(=O)NCCCCCCNC1=CC(=O)C(NCCCCCCNC(=O)C(C)c2ccc(-c3ccccc3)c(F)c2)=CC1=O)c1ccc(-c2ccccc2)c(F)c1,inactive,788.9800000000005,8.658000000000005,4,6,4.698970004336019
CHEMBL3087679,C[C@@H](C(=O)NCCCNCCCNC1=CC(=O)C(NCCCNCCCNC(=O)[C@H](C)c2ccc(-c3ccccc3)c(F)c2)=CC1=O)c1ccc(-c2ccccc2)c(F)c1,inactive,819.0100000000003,6.276800000000009,6,8,4.555955204081924
CHEMBL3087677,COc1ccc2c(c1)c(CC(=O)NCCCNCCCNC1=CC(=O)C(NCCCNCCCNC(=O)Cc3c(C)n(C(=O)c4ccc(Cl)cc4)c4ccc(OC)cc34)=CC1=O)c(C)n2C(=O)c1ccc(Cl)cc1,inactive,1046.0659999999998,6.769840000000008,6,14,4.987162775294828
CHEMBL3087676,O=C(Cc1ccccc1Nc1c(Cl)cccc1Cl)NCCCNCCCNC1=CC(=O)C(NCCCNCCCNC(=O)Cc2ccccc2Nc2c(Cl)cccc2Cl)=CC1=O,inactive,922.7859999999997,7.643400000000007,8,10,4.8124792791635365
CHEMBL3087674,CC(C)Cc1ccc(C(C)C(=O)NCCCNCCCNC2=CC(=O)C(NCCCNCCCNC(=O)C(C)c3ccc(CC(C)C)cc3)=CC2=O)cc1,active,743.0500000000002,5.061600000000009,6,8,6.221848749616356
CHEMBL231160,CCN(CCCCCCNC1=CC(=O)C(NCCCCCCN(CC)Cc2ccccc2OC)=CC1=O)Cc1ccccc1OC,active,632.8900000000003,6.2674000000000065,2,8,8.809668301829708
CHEMBL3085881,CCn1c(=O)n(C)s/c1=N\CCC1CCN(Cc2ccccc2)CC1,active,360.52700000000004,2.4711999999999996,0,6,6.853871964321762
CHEMBL92663,NC(=O)c1ccc2c(CCC3CCN(Cc4ccccc4)CC3)noc2c1,active,363.46100000000007,3.771500000000003,1,4,9.096910013008056
CHEMBL195241,Cc1c(N2CCN(C)CC2)nc2ccccc2c1C(=O)NCCCCCCCNc1c2c(nc3ccccc13)CCCC2,active,578.8050000000002,6.5144200000000065,2,6,8.387216143280265
CHEMBL430403,CCOC(=O)C1=C(C)Oc2nc3c(c(N)c2C1c1ccc(C)cc1)CCCC3,active,378.4720000000002,4.212420000000003,1,5,6.739928612014925
CHEMBL398628,CCOC(=O)C1=C(C)Oc2nc3c(c(N)c2C1c1ccc(OC)cc1)CCCC3,active,394.47100000000023,3.912600000000003,1,6,6.061480274823508
CHEMBL95,Nc1c2c(nc3ccccc13)CCCC2,active,198.26899999999992,2.695800000000001,1,2,6.272458742971444
CHEMBL502,COc1cc2c(cc1OC)C(=O)C(CC1CCN(Cc3ccccc3)CC1)C2,active,379.50000000000017,4.361100000000004,0,4,7.958607314841775
CHEMBL3086279,COc1cc2c(cc1OC)[Se](=O)N(CCC1CCN(Cc3ccccc3)CC1)C2=O,active,475.44700000000034,2.587600000000001,0,5,6.787812395596042
CHEMBL3086278,COc1cc2[se]n(CCCCC3CCN(Cc4ccccc4)CC3)c(=O)c2cc1OC,active,487.5020000000003,4.1582000000000034,0,5,6.987162775294828
CHEMBL3086277,COc1cc2[se]n(CCCC3CCN(Cc4ccccc4)CC3)c(=O)c2cc1OC,active,473.47500000000025,3.768100000000003,0,5,6.636388020107856
CHEMBL3086276,COc1cc2[se]n(CCC3CCN(Cc4ccccc4)CC3)c(=O)c2cc1OC,active,459.44800000000026,3.378000000000002,0,5,7.013228265733755
CHEMBL95,Nc1c2c(nc3ccccc13)CCCC2,active,198.26899999999992,2.695800000000001,1,2,6.54515513999149
CHEMBL3093180,O=C1/C(=C/c2ccc(F)cc2)COc2cc(OCCCCCCNc3c4c(nc5ccccc35)CCCC4)ccc21,active,550.6740000000004,7.962700000000008,1,5,6.9775716288145135
CHEMBL3093175,COc1ccc(/C=C2\COc3cc(OCCCCCCCCNc4c5c(nc6ccccc46)CCCC5)ccc3C2=O)cc1,active,590.7640000000004,8.612400000000004,1,6,6.915066425063284
CHEMBL3093174,COc1ccc(/C=C2\COc3cc(OCCCCCCNc4c5c(nc6ccccc46)CCCC5)ccc3C2=O)cc1,active,562.7100000000004,7.832200000000007,1,6,6.80465394165158
CHEMBL3093173,COc1ccc(/C=C2\COc3cc(OCCCCCNc4c5c(nc6ccccc46)CCCC5)ccc3C2=O)cc1,active,548.6830000000003,7.442100000000007,1,6,7.008773924307505
CHEMBL95,Nc1c2c(nc3ccccc13)CCCC2,active,198.26899999999992,2.695800000000001,1,2,6.54515513999149
CHEMBL3093791,COc1cc2[se]n(CCCCCCNc3c4c(nc5ccccc35)CCCC4)c(=O)c2cc1OC,active,538.5500000000003,5.175200000000005,1,6,7.8201610719768135
CHEMBL3093787,O=c1c2ccccc2[se]n1CCCCCCNc1c2c(nc3ccccc13)CCCC2,active,478.49800000000033,5.158000000000004,1,4,7.709520186669327
CHEMBL3093804,[Br-].[Br-].c1cc[n+](CCCCCCCCCCCC[n+]2cccc3ccccc32)cc1,active,536.3960000000005,0.02400000000000513,0,0,8.327902142064282
CHEMBL3093803,[Br-].[Br-].c1cc[n+](CCCCCCCCCCC[n+]2cccc3ccccc32)cc1,active,522.3690000000005,-0.36609999999999454,0,0,7.769551078621726
CHEMBL3093802,[Br-].[Br-].c1cc[n+](CCCCCCCCCC[n+]2cccc3ccccc32)cc1,active,508.3420000000004,-0.7561999999999942,0,0,8.301029995663981
CHEMBL3093801,[Br-].[Br-].c1cc[n+](CCCCCCCCC[n+]2cccc3ccccc32)cc1,active,494.31500000000034,-1.1462999999999937,0,0,6.920818753952375
CHEMBL3093800,[Br-].[Br-].c1cc[n+](CCCCCCCC[n+]2cccc3ccccc32)cc1,active,480.2880000000003,-1.5363999999999933,0,0,6.568636235841013
CHEMBL3093799,[Br-].[Br-].c1cc[n+](CCCCCCC[n+]2cccc3ccccc32)cc1,active,466.26100000000025,-1.926499999999993,0,0,6.267606240177032
CHEMBL3093798,[Br-].[Br-].c1cc[n+](CCCCCCCCCCC[n+]2ccc3ccccc3c2)cc1,active,522.3690000000005,-0.36609999999999454,0,0,7.522878745280337
CHEMBL3093797,[Br-].[Br-].c1cc[n+](CCCCCCCCCC[n+]2ccc3ccccc3c2)cc1,active,508.3420000000004,-0.7561999999999942,0,0,7.698970004336019
CHEMBL3093796,[Br-].[Br-].c1cc[n+](CCCCCCCCC[n+]2ccc3ccccc3c2)cc1,active,494.31500000000034,-1.1462999999999937,0,0,7.3979400086720375
CHEMBL3093795,[Br-].[Br-].c1cc[n+](CCCCCCCC[n+]2ccc3ccccc3c2)cc1,active,480.2880000000003,-1.5363999999999933,0,0,6.853871964321762
CHEMBL3093794,[Br-].[Br-].c1cc[n+](CCCCCCC[n+]2ccc3ccccc3c2)cc1,active,466.26100000000025,-1.926499999999993,0,0,6.096910013008056
CHEMBL464538,C=CC[N+](C)(C)c1ccc(CCC(=O)CCc2ccc([N+](C)(C)CC=C)cc2)cc1.[Br-].[Br-],active,566.422,-0.6650999999999943,0,1,7.522878745280337
CHEMBL1669479,C[N+](C)(CCNC(=O)C(=O)NCC[N+](C)(C)Cc1ccccc1Cl)Cc1ccccc1Cl.[Cl-].[Cl-],active,552.374,-2.9131999999999927,2,2,9.154901959985743
CHEMBL187266,Cc1coc2c1C(=O)C(=O)c1c-2ccc2c1CCCC2(C)C,inactive,294.35,4.247920000000003,0,3,3.853871964321762
CHEMBL363535,Cc1coc2c1C(=O)C(=O)c1c-2ccc2c(C)cccc12,inactive,276.291,4.095640000000003,0,3,4.301029995663981
CHEMBL227075,Cc1cccc2c3c(ccc12)C1=C(C(=O)C3=O)[C@@H](C)CO1,active,278.307,3.2910200000000023,0,3,6.0
CHEMBL3099500,CN(CCCCNc1c2c(nc3c(NC(=O)CNC(=O)CC[C@H](NC(=O)CNC(=O)OCc4ccccc4)C(=O)N[C@@H](Cc4ccccc4)C(=O)OCc4ccccc4)cccc13)CCCC2)CCCNc1c2c(nc3ccccc13)CCCC2,inactive,1151.4229999999998,8.88370000000001,7,13,3.94692155651658
CHEMBL71851,COc1cc2ccc(=O)oc2cc1O,inactive,192.17,1.5071999999999997,1,4,3.7731424297112763
CHEMBL95,Nc1c2c(nc3ccccc13)CCCC2,active,198.26899999999992,2.695800000000001,1,2,6.272458742971444
CHEMBL51085,O=c1c2ccccc2[se]n1-c1ccccc1,inactive,274.181,2.0477,0,2,4.823908740944319
CHEMBL502,COc1cc2c(cc1OC)C(=O)C(CC1CCN(Cc3ccccc3)CC1)C2,active,379.50000000000017,4.361100000000004,0,4,7.958607314841775
CHEMBL3115025,COc1cc2[se]n(-c3ccc(OCCN4CCCCC4)cc3)c(=O)c2cc1OC,active,461.42000000000036,2.9296000000000015,0,6,6.346787486224656
CHEMBL3115024,COc1cc2[se]n(-c3ccc(CCN4CCCCC4)cc3)c(=O)c2cc1OC,inactive,445.42100000000033,3.093300000000002,0,5,4.9779842601822795
CHEMBL3115023,COc1cc2[se]n(-c3ccc(CCN4CCCC4)cc3)c(=O)c2cc1OC,inactive,431.3940000000003,2.7032000000000007,0,5,4.855737226238009
CHEMBL3115022,COc1cc2[se]n(-c3ccc(CN(C)Cc4ccccc4)cc3)c(=O)c2cc1OC,inactive,467.42700000000025,3.696900000000003,0,5,4.823908740944319
CHEMBL3115029,O=c1c2ccccc2[se]n1-c1ccc(OCCN2CCCCC2)cc1,inactive,401.36800000000034,2.9124000000000008,0,4,4.961379838050298
CHEMBL3115028,O=c1c2ccccc2[se]n1-c1ccc(CCN2CCCC2)cc1,inactive,371.34200000000027,2.686000000000001,0,3,4.823908740944319
CHEMBL3115027,O=c1c2ccccc2[se]n1-c1ccc(CN2CCCCC2)cc1,inactive,371.34200000000027,3.0336000000000016,0,3,4.964570261815451
CHEMBL502,COc1cc2c(cc1OC)C(=O)C(CC1CCN(Cc3ccccc3)CC1)C2,active,379.50000000000017,4.361100000000004,0,4,8.0
CHEMBL3116301,Brc1ccc2c(c1)c(OCc1ccc3ccccc3c1)nn2CCN1CCCCC1,inactive,464.4070000000003,6.016900000000006,0,4,5.0
CHEMBL3116300,Nc1ccc2c(c1)c(OCc1ccc3ccccc3c1)nn2CCN1CCCCC1,inactive,400.5260000000003,4.836600000000004,1,5,5.0
CHEMBL3116299,Nc1ccc2c(c1)c(OCc1cccc3ccccc13)nn2CCN1CCCC1,inactive,386.4990000000003,4.446500000000004,1,5,4.6020599913279625
CHEMBL3116297,O=[N+]([O-])c1ccc2c(c1)c(OCc1ccc3ccccc3c1)nn2Cc1ccc2ccccc2c1,inactive,459.50500000000017,6.878200000000006,0,5,5.0
CHEMBL3116295,O=[N+]([O-])c1ccc2c(c1)c(OCc1ccc3ccccc3c1)nn2CCN1CCOCC1,inactive,432.4800000000003,4.008900000000003,0,7,5.0
CHEMBL3116294,O=[N+]([O-])c1ccc2c(c1)c(OCc1ccc3ccccc3c1)nn2CCN1CCCCC1,inactive,430.5080000000003,5.162600000000006,0,6,5.0
CHEMBL3116291,O=[N+]([O-])c1ccc2c(c1)c(OCc1cccc3ccccc13)nn2CCN1CCCC1,inactive,416.4810000000003,4.772500000000004,0,6,4.6020599913279625
CHEMBL3116290,COc1ccc(COc2nn(CCN(C(C)C)C(C)C)c3ccc([N+](=O)[O-])cc23)cc1,inactive,426.51700000000017,4.6509000000000045,0,7,4.040958607678906
CHEMBL3116288,O=[N+]([O-])c1ccc2c(c1)c(OCC1CCCCC1)nn2Cc1ccccc1,inactive,365.433,4.951900000000004,0,5,5.0
CHEMBL3116286,c1ccc2cc(COc3nn(CCN4CCCCC4)c4ccccc34)ccc2c1,inactive,385.511,5.254400000000005,0,4,5.0
CHEMBL3116285,c1ccc2c(COc3nn(Cc4cccc5ccccc45)c4ccccc34)cccc2c1,inactive,414.50800000000015,6.970000000000005,0,3,5.0
CHEMBL3116284,c1ccc2c(COc3nn(CCN4CCCCC4)c4ccccc34)cccc2c1,inactive,385.511,5.254400000000005,0,4,5.0
CHEMBL3116283,c1ccc2c(COc3nn(CCN4CCCC4)c4ccccc34)cccc2c1,inactive,371.484,4.8643000000000045,0,4,5.0
CHEMBL3116282,CC(C)N(CCn1nc(OCc2cccc3ccccc23)c2ccccc21)C(C)C,inactive,401.55400000000014,5.887300000000006,0,4,5.0
CHEMBL3116281,COc1ccc(COc2nn(Cc3ccc(OC)cc3)c3ccccc23)cc1,inactive,374.44000000000005,4.680800000000004,0,5,5.0
CHEMBL3116280,COc1ccc(COc2nn(CCN(C(C)C)C(C)C)c3ccccc23)cc1,inactive,381.5200000000001,4.742700000000005,0,5,5.0
CHEMBL345124,CC[N+](C)(CC)CCC[n+]1c(-c2ccccc2)c2cc(N)ccc2c2ccc(N)cc21.[I-].[I-],inactive,668.4050000000002,-1.0035999999999945,2,2,4.490797477668897
CHEMBL95,Nc1c2c(nc3ccccc13)CCCC2,active,198.26899999999992,2.695800000000001,1,2,6.372634143407267
CHEMBL3122169,CCNCc1ccc2nc(-c3cccnc3)c3c(c2c1)NCCC3,inactive,318.4240000000001,3.764400000000002,2,4,4.801342913045577
CHEMBL3122168,CCNCc1ccc2nc(-c3ccc(Cl)cc3)c3c(c2c1)NCCC3,active,351.8810000000002,5.022800000000004,2,3,6.2549252084179425
CHEMBL3122167,CCNC(=O)c1ccc2nc(-c3ccc(Cl)cc3)c3c(c2c1)NCCC3,active,365.86400000000015,4.663000000000003,2,3,7.187086643357144
CHEMBL3122166,CCOC(=O)c1ccc2nc(-c3cccnc3)c3c(c2c1)NCCC3,inactive,333.39100000000013,3.8316000000000026,1,5,4.642065152999546
CHEMBL3122150,CCNCc1ccc2nc(-c3ccc(Cl)cc3)c3c(c2c1)N(Cc1ccccc1)CCC3,active,442.0060000000003,6.617500000000007,1,3,6.025949097207123
CHEMBL3122149,CCNC(=O)c1ccc2nc(-c3ccc(Cl)cc3)c3c(c2c1)N(Cc1ccccc1)CCC3,active,455.98900000000026,6.257700000000006,1,3,6.096367483915762
CHEMBL3122148,CCOC(=O)c1ccc2nc(-c3ccc(Cl)cc3)c3c(c2c1)N(Cc1ccc(OC)cc1)CCC3,inactive,486.99900000000036,6.693300000000006,0,5,4.6020599913279625
CHEMBL3122147,CCOC(=O)c1ccc2nc(-c3ccc(Cl)cc3)c3c(c2c1)NCCC3,inactive,366.8480000000002,5.090000000000003,1,4,4.6020599913279625
CHEMBL3122146,CCOC(=O)c1ccc2nc(-c3ccc(C(=O)OC)cc3)c3c(c2c1)N(Cc1ccccc1)CCC3,inactive,480.56400000000025,5.817900000000006,0,6,4.6020599913279625
CHEMBL3122172,CCOC(=O)c1ccc2nc(-c3ccc(Cl)cc3)c3c(c2c1)N(Cc1ccccc1)CCC3,inactive,456.9730000000003,6.6847000000000065,0,4,4.6020599913279625
CHEMBL3120185,CCOC(=O)c1ccc2nc(-c3ccc(C(=O)OC)cc3)c3c(c2c1)N(Cc1ccccc1)C(=O)CC3,inactive,494.54700000000025,5.344500000000005,0,6,4.6020599913279625
CHEMBL3122171,CCOC(=O)c1ccc2nc(-c3cccnc3)c3c(c2c1)N(Cc1ccccc1)C(=O)CC3,inactive,437.49900000000025,4.952900000000005,0,5,4.886056647693163
CHEMBL502,COc1cc2c(cc1OC)C(=O)C(CC1CCN(Cc3ccccc3)CC1)C2,active,379.50000000000017,4.361100000000004,0,4,7.958607314841775
CHEMBL3127003,CCN(CCCCOc1ccc(-c2coc3cc(OCCCCN(CC)Cc4ccccc4OC)cc(O)c3c2=O)cc1)Cc1ccccc1OC,active,708.8960000000003,8.545000000000007,1,9,6.455931955649724
CHEMBL502,COc1cc2c(cc1OC)C(=O)C(CC1CCN(Cc3ccccc3)CC1)C2,active,379.50000000000017,4.361100000000004,0,4,7.958607314841775
CHEMBL3133436,Cn1ncc2c1-c1c(Br)sc(Br)c1C2NC(=O)CN1CCN(Cc2ccccc2F)CC1,active,583.3250000000002,4.149500000000003,1,6,6.055517327849832
CHEMBL3133434,O=C(CN1CCN(Cc2ccccc2)CC1)NC1c2cnn(-c3ccccc3)c2-c2c(Br)sc(Br)c21,active,627.4060000000001,5.462600000000005,1,6,6.060480747381382
CHEMBL3133433,Cn1ncc2c1-c1c(Br)sc(Br)c1C2NC(=O)CN1CCN(Cc2ccccc2)CC1,active,565.3350000000002,4.010400000000003,1,6,6.481486060122113
CHEMBL3133427,Cn1ncc2c1-c1sccc1C2NC(=O)CN1CCN(Cc2ccccc2)CC1,active,407.5430000000003,2.485400000000001,1,6,6.031517051446065
CHEMBL3220507,Cc1ccc(C(=O)Nc2cc3cc(C)ccc3oc2=O)cc1,inactive,293.322,3.6621400000000017,1,3,4.383314479104488
CHEMBL1325943,Cc1ccc(C(=O)Nc2cc3ccccc3oc2=O)cc1,inactive,279.295,3.353720000000002,1,3,4.735654492949908
CHEMBL3220508,COc1ccc(C(=O)Nc2cc3ccccc3oc2=O)cc1,inactive,295.29400000000004,3.0539000000000014,1,4,4.158202701125645
CHEMBL3220509,O=C(Nc1cc2ccccc2oc1=O)c1ccc(Cl)cc1,inactive,299.71299999999997,3.6987000000000023,1,3,4.72792621249999
CHEMBL3220510,O=C(Nc1cc2ccccc2oc1=O)c1ccc([N+](=O)[O-])cc1,inactive,310.265,2.953500000000001,1,5,4.889747082646597
CHEMBL3220513,O=C(Nc1cc2ccccc2oc1=O)c1ccc(Cl)c(Cl)c1,inactive,334.158,4.352100000000002,1,3,4.823619307756729
CHEMBL95,Nc1c2c(nc3ccccc13)CCCC2,active,198.26899999999992,2.695800000000001,1,2,6.823908740944319
CHEMBL94,CNC(=O)Oc1ccc2c(c1)[C@]1(C)CCN(C)[C@@H]1N2C,active,275.352,1.7739,1,4,6.795880017344075
CHEMBL3220801,C[C@@]12CC[C@@H]3[C@@](CC[C@H]4[C@@]3(C)CCC[C@@]4(C)C(=O)OCC[N+](C)(C)C)(CC1=O)C2.[I-],inactive,531.5190000000002,1.6119000000000026,0,3,3.8239087409443187
CHEMBL3220802,C[C@@]12CC[C@@H]3[C@@](CC[C@H]4[C@@]3(C)CCC[C@@]4(C)C(=O)OCC[N+](C)(C)Cc3ccccc3)(CC1=O)C2.[Br-],inactive,560.6170000000003,3.1823000000000015,0,3,4.522878745280337
CHEMBL3220803,C[C@@]12CC[C@@H]3[C@@](CC[C@H]4[C@@]3(C)CCC[C@@]4(C)C(=O)OCC[N+](C)(C)CCCCCCCCCC[N+](C)(C)CCOC(=O)[C@]3(C)CCC[C@@]4(C)[C@@H]5CC[C@@]6(C)C[C@]5(CC[C@@H]43)CC6=O)(CC1=O)C2.[Br-].[Br-],inactive,1079.2379999999994,6.0986000000000145,0,6,4.055517327849831
CHEMBL3220806,CC[N+](CC)(CC)CCOCCOCCOC(=O)[C@]1(C)CCC[C@@]2(C)[C@@H]3CC[C@@]4(C)C[C@]3(CC[C@@H]21)CC4=O.[Br-],inactive,614.7060000000005,2.815400000000003,0,5,4.096910013008056
CHEMBL3220807,C[C@H]1C[C@@]23CC[C@H]4[C@@](C)(CCC[C@@]4(C)C(=O)OCC[N+](C)(C)C)[C@@H]2CC[C@]1(Cl)C3.[I-],inactive,551.9810000000002,2.6502000000000017,0,2,4.468521082957745
CHEMBL3237628,CC[C@H]1[C@H](C[C@H](C)C(=O)OC)O[C@]23CC[C@@H]([C@@H]4C[C@H](C)C(=O)O4)N2CCCC[C@H]13,inactive,407.5510000000002,3.5230000000000024,0,6,4.145693958198919
CHEMBL3237629,CC[C@H]1[C@H](C[C@H](C)C(=O)OC)O[C@]23CC[C@@H]([C@@H]4C[C@H](C)C(=O)O4)N2CCCC[C@]13O,inactive,423.55000000000024,2.6379000000000006,1,7,4.0
CHEMBL3237631,CC[C@@H]1[C@H]2OC(=O)[C@](C)(O)[C@H]2[C@]23CC[C@@H]([C@@H]4C[C@@H](C)C(=O)O4)N2CCCC[C@@H]13,inactive,391.50800000000027,2.2737,1,6,4.0
CHEMBL659,COc1ccc2c3c1O[C@H]1C[C@@H](O)C=C[C@@]31CCN(C)C2,active,287.35900000000004,1.8503,1,4,6.259637310505756
CHEMBL3237632,CC[C@@H]1[C@H]2OC(=O)[C@@](C)(O)[C@H]2[C@]23CC[C@@H]([C@@H]4C[C@H](C)C(=O)O4)N2CCCC[C@H]13,inactive,391.50800000000027,2.2737,1,6,4.162411561764489
CHEMBL3237633,CC[C@H]1[C@@H]2OC(=O)[C@@](C)(O)[C@@H]2[C@@]23CC[C@@H]([C@@H]4C[C@H](C)C(=O)O4)N2CCCC[C@H]13,inactive,391.50800000000027,2.2737,1,6,4.767003889607846
CHEMBL3237634,CC[C@H]1[C@H]2OC(=O)[C@@](C)(O)[C@H]2[C@]23CC[C@@H]([C@@H]4C[C@H](C)C(=O)O4)N2CCCC[C@H]13,inactive,391.50800000000027,2.2737,1,6,4.0
CHEMBL95,Nc1c2c(nc3ccccc13)CCCC2,active,198.26899999999992,2.695800000000001,1,2,6.6020599913279625
CHEMBL1377579,N#CC(c1ccc(O)cc1)N1CCCCC1,inactive,216.2839999999999,2.44278,1,3,4.031517051446065
CHEMBL1344483,COc1ccc(C(C#N)N2CCCCC2)cc1OC,inactive,260.33699999999993,2.754380000000001,0,4,4.346787486224656
CHEMBL3233990,COc1ccc(C(C#N)N2CCCC2)cc1OC,inactive,246.30999999999992,2.36428,0,4,4.376750709602099
CHEMBL3233991,COc1ccc(C(C#N)N2CCOCC2)cc1OC,inactive,262.3089999999999,1.60068,0,5,4.267606240177032
CHEMBL3233022,COc1ccc(C(C#N)N2CCN(C)CC2)cc1OC,inactive,275.352,1.51588,0,5,3.421360790031928
CHEMBL3233992,N#CC(c1ccc2c(c1)OCO2)N1CCCCC1,inactive,244.2939999999999,2.4658800000000003,0,4,4.211831628858833
CHEMBL3233993,N#CC(c1ccc2c(c1)OCO2)N1CCCC1,inactive,230.2669999999999,2.07578,0,4,4.292429823902063
CHEMBL1191355,N#CC(c1ccc2c(c1)OCO2)N1CCOCC1,inactive,246.2659999999999,1.3121799999999997,0,5,4.236572006437063
CHEMBL1194868,CN1CCN(C(C#N)c2ccc3c(c2)OCO3)CC1,inactive,259.30899999999997,1.22738,0,5,3.5601937886066697
CHEMBL3233994,COc1cc(C(C#N)N2CCCCC2)cc(OC)c1OC,inactive,290.363,2.7629800000000007,0,5,3.4190750243243806
CHEMBL3233995,COc1cc(C(C#N)N2CCCC2)cc(OC)c1OC,inactive,276.33599999999996,2.3728800000000003,0,5,3.493494967595128
CHEMBL1192998,COc1cc(C(C#N)N2CCOCC2)cc(OC)c1OC,inactive,292.335,1.6092799999999998,0,6,3.4100503986742923
CHEMBL1190535,COc1cc(C(C#N)N2CCN(C)CC2)cc(OC)c1OC,inactive,305.37800000000004,1.5244799999999998,0,6,3.3914739664228057
CHEMBL3233996,COc1ccc(C(C#N)N2CCCCC2)cc1O,inactive,246.30999999999992,2.451380000000001,1,4,3.3205721033878812
CHEMBL3233997,COc1ccc(C(C#N)N2CCCC2)cc1O,inactive,232.28299999999993,2.0612800000000004,1,4,3.404503778174426
CHEMBL3233998,COc1ccc(C(C#N)N2CCOCC2)cc1O,inactive,248.28199999999993,1.29768,1,5,3.4400933749638876
CHEMBL3233999,COc1ccc(C(C#N)N2CCN(C)CC2)cc1O,inactive,261.32499999999993,1.21288,1,5,3.4558078892349675
CHEMBL1556015,COc1cc(C(C#N)N2CCCCC2)ccc1O,inactive,246.30999999999995,2.451380000000001,1,4,3.348721986001856
CHEMBL3234000,COc1cc(C(C#N)N2CCCC2)ccc1O,inactive,232.28299999999996,2.0612800000000004,1,4,3.445874418486987
CHEMBL1611608,COc1cc(C(C#N)N2CCOCC2)ccc1O,inactive,248.28199999999995,1.2976799999999997,1,5,3.3880643749598773
CHEMBL3234001,COc1cc(C(C#N)N2CCN(C)CC2)ccc1O,inactive,261.32499999999993,1.21288,1,5,3.4682656907234497
CHEMBL194823,O=C(CCCCC1CCSS1)NCCCNc1c2c(nc3cc(Cl)ccc13)CCCC2,active,478.12700000000035,6.3993000000000055,2,5,9.602059991327963
CHEMBL3235502,O=C(CCCOc1cccc2[nH]c3ccccc3c12)NCCCNc1c2c(nc3ccccc13)CCCC2,active,506.65000000000043,6.525500000000005,3,4,8.667561540084394
CHEMBL3235503,c1ccc2c(NCCSSCCNc3c4c(nc5ccccc35)CCCC4)c3c(nc2c1)CCCC3,active,514.7640000000004,7.446000000000006,2,6,8.297569463554474
CHEMBL2171309,COc1cc(/C=C/C(=O)NCCCCCCNc2c3c(nc4ccccc24)CCCC3)ccc1O,active,473.61700000000025,5.629700000000006,3,5,7.934047019686131
CHEMBL194823,O=C(CCCCC1CCSS1)NCCCNc1c2c(nc3cc(Cl)ccc13)CCCC2,inactive,478.12700000000035,6.3993000000000055,2,5,4.346787486224656
CHEMBL3235502,O=C(CCCOc1cccc2[nH]c3ccccc3c12)NCCCNc1c2c(nc3ccccc13)CCCC2,inactive,506.65000000000043,6.525500000000005,3,4,4.638272163982407
CHEMBL3234591,N/C(=N\O)c1nc(CCCCCNc2c3c(nc4ccccc24)CCCC3)ccc1O,active,419.5290000000002,4.133600000000004,4,6,6.585026652029182
CHEMBL3234592,O/N=C/c1nccc(CCCCCNc2c3c(nc4ccccc24)CCCC3)c1O,active,404.5140000000002,4.847200000000004,3,6,7.113509274827518
CHEMBL3234587,O/N=C/c1nc(CCCCCNc2c3c(nc4ccccc24)CCCC3)ccc1O,active,404.51400000000024,4.847200000000004,3,6,6.585026652029182
CHEMBL3234589,O/N=C/c1ncc(CCCCCNc2c3c(nc4ccccc24)CCCC3)cc1O,active,404.51400000000024,4.847200000000005,3,6,6.787812395596042
CHEMBL3234590,O/N=C/c1nc(CCCCCSc2c3c(nc4ccccc24)CCCC3)ccc1O,inactive,421.56600000000026,5.527400000000005,2,6,3.5128616245228135
CHEMBL3234593,c1ccc(CCCCCNc2c3c(nc4ccccc24)CCCC3)nc1,active,345.49000000000024,5.333500000000004,1,3,6.823908740944319
CHEMBL3234594,c1ccc(CCCCCSc2c3c(nc4ccccc24)CCCC3)nc1,inactive,362.5420000000002,6.013700000000006,0,3,3.886056647693163
CHEMBL95,Nc1c2c(nc3ccccc13)CCCC2,active,198.26899999999992,2.695800000000001,1,2,6.698970004336019
CHEMBL3233826,CC1=CC2Cc3nc4cc(Cl)ccc4c(NCCCCCNC(=O)c4cc(O)c5c(c4)C(=O)c4cccc(O)c4C5=O)c3C(C1)C2.Cl,active,672.6090000000003,7.5048000000000075,4,7,8.97061622231479
CHEMBL3233827,CC1=CC2Cc3nc4cc(Cl)ccc4c(NCCCCCCNC(=O)c4cc(O)c5c(c4)C(=O)c4cccc(O)c4C5=O)c3C(C1)C2.Cl,active,686.6360000000003,7.894900000000007,4,7,8.818156412055227
CHEMBL3233828,CC1=CC2Cc3nc4cc(Cl)ccc4c(NCCCCCCCNC(=O)c4cc(O)c5c(c4)C(=O)c4cccc(O)c4C5=O)c3C(C1)C2.Cl,active,700.6630000000004,8.285000000000002,4,7,8.497572880015568
CHEMBL3233829,CC1=CC2Cc3nc4cc(Cl)ccc4c(NCCCCCCCCNC(=O)c4cc(O)c5c(c4)C(=O)c4cccc(O)c4C5=O)c3C(C1)C2.Cl,active,714.6900000000004,8.675099999999999,4,7,8.360513510731414
CHEMBL3233830,CC1=CC2Cc3nc4cc(Cl)ccc4c(NCCCCCCCCCNC(=O)c4cc(O)c5c(c4)C(=O)c4cccc(O)c4C5=O)c3C(C1)C2.Cl,active,728.7170000000003,9.065199999999997,4,7,8.443697499232712
CHEMBL3233832,CC1=C[C@@H]2Cc3nc4cc(Cl)ccc4c(NCCCCCCCCCNC(=O)c4cc(O)c5c(c4)C(=O)c4cccc(O)c4C5=O)c3[C@H](C1)C2.Cl,active,728.7170000000003,9.065199999999997,4,7,8.621602099051863
CHEMBL3234038,CC1=CC2Cc3nc4cc(Cl)ccc4c(NCCCCCCCCCCNC(=O)c4cc(O)c5c(c4)C(=O)c4cccc(O)c4C5=O)c3C(C1)C2.Cl,active,742.7440000000004,9.455299999999994,4,7,8.118615343229427
CHEMBL3234039,CC1=CC2Cc3nc4cc(Cl)ccc4c(NCCCCCCCCCCCNC(=O)c4cc(O)c5c(c4)C(=O)c4cccc(O)c4C5=O)c3C(C1)C2.Cl,active,756.7710000000004,9.845399999999993,4,7,7.7594507517174005
CHEMBL3234040,CC1=CC2Cc3nc4cc(Cl)ccc4c(NCc4ccc(CNC(=O)c5cc(O)c6c(c5)C(=O)c5cccc(O)c5C6=O)cc4)c3C(C1)C2.Cl,active,706.6260000000002,8.034700000000006,4,7,7.739928612014925
CHEMBL418068,O=C(O)c1cc(O)c2c(c1)C(=O)c1cccc(O)c1C2=O,inactive,284.22300000000007,1.5714000000000004,3,5,5.0
CHEMBL536047,CC1=CC2Cc3nc4cc(Cl)ccc4c(N)c3C(C1)C2.Cl,active,321.25100000000003,4.888200000000003,1,2,8.97061622231479
CHEMBL2011499,CC1=C[C@H]2Cc3nc4cc(Cl)ccc4c(N)c3[C@@H](C1)C2.Cl,active,321.25100000000003,4.888200000000003,1,2,6.493494967595128
CHEMBL2007996,CC1=C[C@@H]2Cc3nc4cc(Cl)ccc4c(N)c3[C@H](C1)C2,active,284.7900000000001,4.466400000000003,1,2,9.130768280269024
CHEMBL3233934,COc1cc2[nH]c(=O)c(C(=O)NCC3CCN(Cc4ccccc4)CC3)c(O)c2cc1OC,active,451.5230000000002,2.892900000000001,3,6,6.638272163982407
CHEMBL3233935,O=C(NCC1CCN(Cc2ccccc2)CC1)c1c(O)c2cc(O)c(O)cc2[nH]c1=O,active,423.46900000000016,2.2869,5,6,6.008773924307505
CHEMBL3261984,O=C(/C=N/O)Nc1ccc[n+](CC[n+]2cccc(NC(=O)/C=N/O)c2)c1.[Br-].[Br-],inactive,518.1659999999999,-6.233200000000001,4,6,2.596879478824182
CHEMBL3261985,O=C(/C=N\O)Nc1ccc[n+](CCC[n+]2cccc(NC(=O)/C=N\O)c2)c1.[Br-].[Br-],inactive,532.193,-5.843099999999999,4,6,2.9706162223147903
CHEMBL3261986,O=C(/C=N\O)Nc1ccc[n+](CCCC[n+]2cccc(NC(=O)/C=N\O)c2)c1.[Br-].[Br-],inactive,546.22,-5.4529999999999985,4,6,2.9746941347352296
CHEMBL3261987,O=C(/C=N\O)Nc1ccc[n+](CCCCC[n+]2cccc(NC(=O)/C=N\O)c2)c1.[Br-].[Br-],inactive,560.2470000000001,-5.062899999999998,4,6,2.7471469690201067
CHEMBL3261988,O=C(/C=N\O)Nc1ccc[n+](CCCCCC[n+]2cccc(NC(=O)/C=N\O)c2)c1.[Br-].[Br-],inactive,574.274,-4.672799999999998,4,6,2.844663962534938
CHEMBL3261989,O=C(/C=N\O)Nc1ccc[n+](CCCCCCC[n+]2cccc(NC(=O)/C=N\O)c2)c1.[Br-].[Br-],inactive,588.3009999999999,-4.282699999999995,4,6,3.0315170514460648
CHEMBL3261990,O=C(/C=N/O)Nc1ccc[n+](Cc2ccccc2C[n+]2cccc(NC(=O)/C=N/O)c2)c1.[Br-].[Br-],inactive,594.2640000000001,-4.836799999999997,4,6,2.769551078621726
CHEMBL3261991,O=C(/C=N/O)Nc1ccc[n+](Cc2cccc(C[n+]3cccc(NC(=O)/C=N/O)c3)c2)c1.[Br-].[Br-],inactive,594.2640000000001,-4.836799999999997,4,6,2.7772835288524167
CHEMBL3261992,O=C(/C=N/O)Nc1ccc[n+](Cc2ccc(C[n+]3cccc(NC(=O)/C=N/O)c3)cc2)c1.[Br-].[Br-],inactive,594.2640000000001,-4.836799999999997,4,6,2.6777807052660805
CHEMBL748,C[n+]1ccccc1/C=N/O.[Cl-],inactive,172.615,-2.6767999999999983,1,2,2.9244530386074694
CHEMBL291233,O/N=C/c1cc[n+](COC[n+]2ccc(/C=N/O)cc2)cc1.[Cl-].[Cl-],inactive,359.21299999999997,-5.482399999999997,2,5,3.0604807473813813
CHEMBL3262669,COc1cc2c(cc1OC)C(Cc1ccc(OCCCCCCN3CCOCC3)cc1)NCC2,inactive,468.63800000000043,4.404700000000003,1,6,4.450016388840311
CHEMBL3262670,COc1cc2c(cc1OC)C(Cc1ccc(OCCCCCCN3CCC(O)(Cc4ccccc4)CC3)cc1)NCC2,inactive,572.7900000000003,6.142100000000006,2,6,4.40197592766581
CHEMBL3262671,COc1cc2c(cc1OC)C(Cc1ccc(OCCCCCCN3CCN(c4ccccc4)CC3)cc1)NCC2,inactive,543.7520000000003,5.894700000000006,1,6,4.7870138152633315
CHEMBL510363,COc1cc2c(cc1OC)C(Cc1ccc(O)cc1)NCC2,inactive,299.37000000000006,2.8389000000000006,2,4,4.0
CHEMBL95,Nc1c2c(nc3ccccc13)CCCC2,active,198.26899999999992,2.695800000000001,1,2,6.638272163982407
CHEMBL3289924,CCOC(OCC)c1ccc(/C=C2\CCC/C(=C\c3ccc(C(OCC)OCC)cc3)C2=O)cc1,inactive,478.62900000000025,7.049800000000008,0,5,4.905528871358356
CHEMBL3289925,CCOC(OCC)c1ccc(/C=C2\COC/C(=C\c3ccc(C(OCC)OCC)cc3)C2=O)cc1,inactive,480.6010000000003,5.896100000000006,0,6,4.384892012556806
CHEMBL3289926,CCOC(OCC)c1ccc(/C=C2\CNC/C(=C\c3ccc(C(OCC)OCC)cc3)C2=O)cc1,active,479.6170000000003,5.469100000000005,1,6,6.036212172654444
CHEMBL3289927,CCOC(OCC)c1ccc(/C=C2\CN(C)C/C(=C\c3ccc(C(OCC)OCC)cc3)C2=O)cc1,active,493.6440000000003,5.811300000000006,0,6,7.376750709602099
CHEMBL3289928,CCOC(OCC)c1ccc(/C=C2\CN(Cc3ccccc3)C/C(=C\c3ccc(C(OCC)OCC)cc3)C2=O)cc1,inactive,569.7420000000003,7.381700000000009,0,6,4.560036064079095
CHEMBL3289929,CCOC(OCC)c1ccc(/C=C/C(=O)/C=C/c2ccc(C(OCC)OCC)cc2)cc1,inactive,438.56400000000025,6.125500000000007,0,5,4.256960845195067
CHEMBL3289930,CCOC(OCC)c1ccc(/C=C2\CC/C(=C\c3ccc(C(OCC)OCC)cc3)C2=O)cc1,inactive,464.60200000000026,6.659700000000007,0,5,4.115544503929512
CHEMBL3289931,CCOC(OCC)c1ccc(/C=C2\Cc3ccccc3C2=O)cc1,inactive,322.40400000000005,4.580600000000004,0,3,4.0
CHEMBL3289932,CCOC(OCC)c1ccc(/C=C2\CCc3ccccc3C2=O)cc1,inactive,336.43100000000004,4.970700000000004,0,3,4.0
CHEMBL3289933,CCOC(OCC)c1ccc(/C=C/C(=O)C2CCc3ccccc3C2=O)cc1,inactive,378.4680000000001,4.7858000000000045,0,4,4.113904267562252
CHEMBL3289934,CN(C)c1ccc(/C=C2/CCC/C(=C\c3ccc(N(C)C)cc3[N+](=O)[O-])C2=O)c([N+](=O)[O-])c1,inactive,450.4950000000002,4.855000000000005,0,7,4.3439976793170425
CHEMBL3289936,CN(C)c1ccc(/C=C2/CNC/C(=C\c3ccc(N(C)C)cc3[N+](=O)[O-])C2=O)c([N+](=O)[O-])c1,active,451.48300000000023,3.274300000000002,1,8,6.055517327849832
CHEMBL3289937,CN1C/C(=C/c2ccc(N(C)C)cc2[N+](=O)[O-])C(=O)/C(=C/c2ccc(N(C)C)cc2[N+](=O)[O-])C1,active,465.5100000000002,3.616500000000003,0,8,7.2441251443275085
CHEMBL3289938,CN(C)c1ccc(/C=C2/CN(Cc3ccccc3)C/C(=C\c3ccc(N(C)C)cc3[N+](=O)[O-])C2=O)c([N+](=O)[O-])c1,inactive,541.6080000000003,5.186900000000005,0,8,4.0
CHEMBL3289939,CN(C)c1ccc(/C=C/C(=O)/C=C/c2ccc(N(C)C)cc2[N+](=O)[O-])c([N+](=O)[O-])c1,inactive,410.4300000000001,3.9307000000000025,0,7,4.0
CHEMBL3289940,CN(C)c1ccc(/C=C2\CC/C(=C\c3ccc(N(C)C)cc3[N+](=O)[O-])C2=O)c([N+](=O)[O-])c1,inactive,436.4680000000002,4.4649000000000045,0,7,4.0
CHEMBL3289941,CN(C)c1ccc(/C=C2\Cc3ccccc3C2=O)c([N+](=O)[O-])c1,inactive,308.337,3.4832000000000027,0,4,4.0
CHEMBL3289942,CN(C)c1ccc(/C=C2\CCc3ccccc3C2=O)c([N+](=O)[O-])c1,inactive,322.36400000000003,3.873300000000003,0,4,4.100672050122346
CHEMBL3289943,CN(C)c1ccc(/C=C/C(=O)C2CCc3ccccc3C2=O)cc1,inactive,319.404,3.7802000000000024,0,3,4.4040630937308265
CHEMBL3290187,O=C1/C(=C\c2ccc(N3CCCC3)cc2)CCC/C1=C\c1ccc(N2CCCC2)cc1,inactive,412.57700000000017,6.107000000000007,0,3,4.0
CHEMBL3290188,O=C1/C(=C\c2ccc(N3CCCC3)cc2)COC/C1=C\c1ccc(N2CCCC2)cc1,inactive,414.54900000000015,4.953300000000005,0,4,4.0
CHEMBL3290191,O=C1/C(=C\c2ccc(N3CCCC3)cc2)CN(Cc2ccccc2)C/C1=C\c1ccc(N2CCCC2)cc1,inactive,503.6900000000003,6.438900000000007,0,4,4.0
CHEMBL3290192,O=C(/C=C/c1ccc(N2CCCC2)cc1)/C=C/c1ccc(N2CCCC2)cc1,inactive,372.51200000000017,5.182700000000005,0,3,4.0
CHEMBL3290193,O=C1/C(=C/c2ccc(N3CCCC3)cc2)CC/C1=C\c1ccc(N2CCCC2)cc1,inactive,398.5500000000002,5.716900000000006,0,3,4.17763574755845
CHEMBL3290194,O=C1/C(=C/c2ccc(N3CCCC3)cc2)Cc2ccccc21,inactive,289.378,4.109200000000003,0,2,4.0
CHEMBL3290195,O=C1/C(=C/c2ccc(N3CCCC3)cc2)CCc2ccccc21,inactive,303.405,4.499300000000004,0,2,4.0
CHEMBL3290196,O=C(/C=C/c1ccc(N2CCCC2)cc1)C1CCc2ccccc2C1=O,inactive,345.442,4.314400000000004,0,3,4.0
CHEMBL502,COc1cc2c(cc1OC)C(=O)C(CC1CCN(Cc3ccccc3)CC1)C2,active,379.50000000000017,4.361100000000004,0,4,7.2076083105017466
CHEMBL40275,O=C1c2cccc(O)c2C(=O)c2c(O)cc(CO)cc21,active,270.23999999999995,1.3654999999999993,3,5,7.735890843694191
CHEMBL291233,O/N=C/c1cc[n+](COC[n+]2ccc(/C=N/O)cc2)cc1.[Cl-].[Cl-],inactive,359.21299999999997,-5.482399999999997,2,5,2.6556077263148894
CHEMBL385181,NC(=O)c1cc[n+](COC[n+]2ccccc2/C=N/O)cc1,inactive,288.307,-0.1995999999999986,2,4,2.8664610916297826
CHEMBL32778,O/N=C/c1cc[n+](CCC[n+]2ccc(/C=N/O)cc2)cc1,inactive,286.33500000000004,0.9680999999999997,2,4,2.5900668766687054
CHEMBL2181432,COc1cc2c(cc1OC)C(c1ccccc1)N(CCCCCc1ccc(O)c(/C=N/O)n1)CC2,inactive,475.58900000000034,4.973000000000005,2,7,3.050609993355087
CHEMBL3360486,COc1cc2c(cc1OC)C(c1ccccc1)N(CCCCCn1ccnc1/C=N/O)CC2,inactive,448.5670000000003,4.526400000000003,1,7,3.0315170514460648
CHEMBL3360487,COc1cc2c(cc1OC)C(c1ccccc1)N(CCCCCCn1ccnc1/C=N/O)CC2,inactive,462.59400000000034,4.916500000000004,1,7,3.0604807473813813
CHEMBL3353039,CC1=C[C@H]2Cc3nc4cc(Cl)ccc4c(NCCCCCCNc4c5c(nc6cc(Cl)ccc46)C[C@@H]4C=C(C)C[C@H]5C4)c3[C@@H](C1)C2,active,651.7260000000001,11.166199999999987,2,4,6.716698771296451
CHEMBL3353040,CC1=C[C@H]2Cc3nc4cc(Cl)ccc4c(NCCCCCCCCNc4c5c(nc6cc(Cl)ccc46)C[C@@H]4C=C(C)C[C@H]5C4)c3[C@@H](C1)C2,active,679.78,11.946399999999983,2,4,7.139661993429006
CHEMBL3353041,CC1=C[C@H]2Cc3nc4cc(Cl)ccc4c(NCCCCCCCCCCNc4c5c(nc6cc(Cl)ccc46)C[C@@H]4C=C(C)C[C@H]5C4)c3[C@@H](C1)C2,active,707.8340000000001,12.726599999999978,2,4,7.756961951313706
CHEMBL3353042,CC1=C[C@H]2Cc3nc4cc(Cl)ccc4c(NCCCCCCCCCCCCNc4c5c(nc6cc(Cl)ccc46)C[C@@H]4C=C(C)C[C@H]5C4)c3[C@@H](C1)C2,active,735.8880000000001,13.506799999999972,2,4,6.3655227298392685
CHEMBL140476,CC1=CC2Cc3nc4cc(Cl)ccc4c(N)c3C(C1)C2,active,284.7900000000001,4.466400000000003,1,2,9.214670164989233
CHEMBL3353566,CNc1ccccc1-c1nc(C(=O)OC)cs1,inactive,248.30699999999996,2.6384000000000007,1,5,4.200659450546418
CHEMBL3353567,CNc1ccccc1-c1nc(C(N)=O)cs1,inactive,233.29599999999996,1.9506999999999999,2,4,4.275724130399211
CHEMBL3353568,CNc1ccccc1-c1nc(C(=O)O)cs1,inactive,234.27999999999997,2.55,2,4,4.167491087293763
CHEMBL1678,COc1cc2c(cc1OC)C(=O)C(CC1CCN(Cc3ccccc3)CC1)C2.Cl,active,415.9610000000002,4.782900000000006,0,4,7.698970004336019
CHEMBL3361270,O=S(=O)(CCCN1CCN(Cc2ccccc2)CC1)NCCNc1cccc2ccccc12,active,466.65100000000024,3.3790000000000013,2,5,6.795880017344075
CHEMBL3323068,CCN(CC)CCCOc1ccc2nc3n(c(=O)c2c1)CCCCC3,inactive,343.47100000000023,3.233600000000002,0,5,4.917999940709231
CHEMBL3323065,O=c1c2cc(OCCCN3CCCCC3)ccc2nc2n1CCCCC2,active,355.4820000000002,3.3777000000000026,0,5,6.08600081756968
CHEMBL3323059,O=c1c2cc(OCCCN3CCCCC3)ccc2nc2n1CCCC2,active,341.45500000000015,2.9876000000000014,0,5,6.647991234434225
CHEMBL3323051,O=c1c2cc(OCCCn3ccnc3)ccc2nc2n1CCCc1ccccc1-2,inactive,386.4550000000002,3.6753000000000027,0,6,4.247999980636995
CHEMBL3323046,O=c1c2cc(OCCCN3CCCCC3)ccc2nc2n1CCCc1ccccc1-2,active,403.5260000000002,4.2645000000000035,0,5,6.272003541705944
CHEMBL3323043,CCN(CC)CCCOc1ccc2nc3n(c(=O)c2c1)CCc1ccccc1-3,active,377.48800000000017,3.7303000000000033,0,5,6.174002988352055
CHEMBL3323042,O=c1c2cc(OCCCN3CCCCC3)ccc2nc2n1CCc1ccccc1-2,active,389.49900000000014,3.874400000000003,0,5,6.664000822391869
CHEMBL3323039,CCN(CC)CCCOc1ccc2nc3n(c(=O)c2c1)Cc1ccccc1-3,active,363.4610000000001,3.5359000000000025,0,5,6.696998446344158
CHEMBL3323036,O=c1c2cc(OCCCN3CCCCC3)ccc2nc2n1Cc1ccccc1-2,active,375.4720000000001,3.6800000000000024,0,5,6.844998163768747
CHEMBL95,Nc1c2c(nc3ccccc13)CCCC2,active,198.26899999999992,2.695800000000001,1,2,7.145026326273583
CHEMBL3323068,CCN(CC)CCCOc1ccc2nc3n(c(=O)c2c1)CCCCC3,inactive,343.47100000000023,3.233600000000002,0,5,4.91721462968355
CHEMBL3323065,O=c1c2cc(OCCCN3CCCCC3)ccc2nc2n1CCCCC2,active,355.4820000000002,3.3777000000000026,0,5,6.086186147616283
CHEMBL3323059,O=c1c2cc(OCCCN3CCCCC3)ccc2nc2n1CCCC2,active,341.45500000000015,2.9876000000000014,0,5,6.647817481888637
CHEMBL3323051,O=c1c2cc(OCCCn3ccnc3)ccc2nc2n1CCCc1ccccc1-2,inactive,386.4550000000002,3.6753000000000027,0,6,4.247951552180561
CHEMBL3323046,O=c1c2cc(OCCCN3CCCCC3)ccc2nc2n1CCCc1ccccc1-2,active,403.5260000000002,4.2645000000000035,0,5,6.2716462179787715
CHEMBL3323043,CCN(CC)CCCOc1ccc2nc3n(c(=O)c2c1)CCc1ccccc1-3,active,377.48800000000017,3.7303000000000033,0,5,6.174573882232177
CHEMBL3323042,O=c1c2cc(OCCCN3CCCCC3)ccc2nc2n1CCc1ccccc1-2,active,389.49900000000014,3.874400000000003,0,5,6.665546248849069
CHEMBL3323039,CCN(CC)CCCOc1ccc2nc3n(c(=O)c2c1)Cc1ccccc1-3,active,363.4610000000001,3.5359000000000025,0,5,6.698970004336019
CHEMBL3323036,O=c1c2cc(OCCCN3CCCCC3)ccc2nc2n1Cc1ccccc1-2,active,375.4720000000001,3.6800000000000024,0,5,6.847711655616943
CHEMBL95,Nc1c2c(nc3ccccc13)CCCC2,active,198.26899999999992,2.695800000000001,1,2,7.145693958198919
CHEMBL3323035,c1cc2c(cc1OCCCN1CCCCC1)CN1CCCC1=N2,active,313.44500000000005,3.5808000000000026,0,4,7.4698003017969175
CHEMBL3322157,CN(CCC(=O)NCCCCNc1c2c(nc3ccccc13)CCCC2)C1CCCCC1,active,436.6440000000004,5.076500000000005,2,4,6.982966660701219
CHEMBL3322140,CCN(CCC(=O)NCCNc1c2c(nc3ccccc13)CCCC2)C1CCCCC1,active,422.6170000000004,4.686400000000004,2,4,6.632644078973981
CHEMBL3322141,CCN(CCC(=O)NCCCNc1c2c(nc3ccccc13)CCCC2)C1CCCCC1,active,436.6440000000004,5.076500000000005,2,4,7.580044251510242
CHEMBL3322142,CCN(CCC(=O)NCCCCNc1c2c(nc3ccccc13)CCCC2)C1CCCCC1,active,450.6710000000004,5.466600000000005,2,4,7.025949097207123
CHEMBL1256415,COc1ccc2nc3c(c(N)c2c1)CCCC3,inactive,228.29499999999993,2.7044000000000006,1,3,4.823908740944319
CHEMBL3322159,O=C(Cc1cc(=O)oc2cc(O)ccc12)NCCCNc1c2c(nc3ccccc13)CCCC2,active,457.5300000000003,4.086500000000003,3,6,6.557520230935552
CHEMBL3322160,O=C(Cc1cc(=O)oc2cc(O)ccc12)NCCCCNc1c2c(nc3ccccc13)CCCC2,active,471.55700000000036,4.476600000000003,3,6,7.8124792791635365
CHEMBL3322162,O=C(Cc1cc(=O)oc2cc(O)ccc12)N/N=C1\SCC(=O)N1c1c2c(nc3ccccc13)CCCC2,inactive,514.5630000000003,3.6353000000000026,2,8,4.804100347590766
CHEMBL95,Nc1c2c(nc3ccccc13)CCCC2,active,198.26899999999992,2.695800000000001,1,2,6.301029995663981
CHEMBL3322155,CN(CCC(=O)NCCNc1c2c(nc3ccccc13)CCCC2)C1CCCCC1,active,408.59000000000043,4.296300000000004,2,4,6.236572006437063
CHEMBL3322156,CN(CCC(=O)NCCCNc1c2c(nc3ccccc13)CCCC2)C1CCCCC1,active,422.6170000000004,4.686400000000004,2,4,6.400116927926312
CHEMBL3313966,O=C(C[n+]1ccccc1)N/N=C/c1ccc(/C=N/NC(=O)C[n+]2ccccc2)cc1.[Cl-].[Cl-],active,473.36400000000015,-5.429799999999997,2,4,8.638272163982407
CHEMBL1134,C[N+](C)(C)CCCCCCCCCC[N+](C)(C)C.[Br-].[Br-],active,418.3019999999999,-2.4723999999999915,0,0,6.0
CHEMBL3122167,CCNC(=O)c1ccc2nc(-c3ccc(Cl)cc3)c3c(c2c1)NCCC3,active,365.86400000000015,4.663000000000003,2,3,7.187086643357144
CHEMBL1196204,O=C(NCCCCCCCCNc1c2c(nc3cc(Cl)ccc13)CCCC2)c1ccc2nc(-c3ccc(Cl)cc3)c3c(c2c1)OCCC3,active,681.708,10.143099999999993,2,5,7.714442690992226
CHEMBL292314,Nc1c2c(nc3cc(Cl)ccc13)CCCC2,active,232.71399999999994,3.3492000000000015,1,2,8.229147988357855
CHEMBL3322231,Cl.O=C(NCCCCCCCCNc1c2c(nc3cc(Cl)ccc13)CCCC2)c1ccc2nc(-c3ccc(Cl)cc3)c3c(c2c1)NCCC3,active,717.185,10.597999999999992,3,5,8.686132779630846
CHEMBL3322234,Cl.O=C(NCCCCCNc1c2c(nc3cc(Cl)ccc13)CCCC2)c1ccc2nc(-c3ccc(Cl)cc3)c3c(c2c1)NCCC3,active,675.104,9.4277,3,5,7.847711655616943
CHEMBL3322233,Cl.O=C(NCCCCNc1c2c(nc3cc(Cl)ccc13)CCCC2)c1ccc2nc(-c3ccc(Cl)cc3)c3c(c2c1)NCCC3,active,661.0770000000001,9.037600000000003,3,5,7.847711655616943
CHEMBL3322232,Cl.O=C(NCCCNc1c2c(nc3cc(Cl)ccc13)CCCC2)c1ccc2nc(-c3ccc(Cl)cc3)c3c(c2c1)NCCC3,active,647.0500000000001,8.647500000000003,3,5,11.221848749616356
CHEMBL3310705,COC(=O)C(CC1=C(c2ccccc2)CC(C)(C)ON1C(C)=O)C(=O)OC,inactive,375.42100000000016,2.7124000000000006,0,6,4.920818753952375
CHEMBL3310704,COC(=O)C(CC1=C(c2ccc(OC)cc2)CC(C)(C)ON1C(C)=O)C(=O)OC,inactive,405.4470000000002,2.721000000000001,0,7,4.843148098929989
CHEMBL3360757,COC(=O)CC1=NO[C@@H]2CCCC[C@@H]2[C@H]1c1ccccc1,inactive,287.359,3.2783000000000024,0,4,4.454445492765935
CHEMBL3310706,COC(=O)C(CC1=C(c2ccc(Cl)cc2)CC(C)(C)ON1C(C)=O)C(=O)OC,inactive,409.8660000000002,3.365800000000002,0,6,4.330125497510197
CHEMBL3310697,CC1(C)C[C@@H](c2ccccc2)C(CN2C(=O)c3ccccc3C2=O)=NO1,inactive,348.40200000000004,3.6213000000000024,0,4,4.18495382393537
CHEMBL3310699,COC(=O)C(CC1=NO[C@@H]2CCC[C@@H]2[C@H]1c1ccccc1)C(=O)OC,inactive,345.3950000000001,2.6774000000000004,0,6,4.122916743349349
CHEMBL3318018,O=c1cc(-c2ccc(CN3CCCCC3)cc2)oc2ccccc12,active,319.40399999999994,4.4459000000000035,0,3,7.259637310505756
CHEMBL3318017,COc1cc2oc(-c3ccc(CN4CCCC4)cc3)cc(=O)c2cc1OC,active,365.4290000000001,4.073000000000002,0,5,7.468521082957745
CHEMBL95,Nc1c2c(nc3ccccc13)CCCC2,active,198.26899999999992,2.695800000000001,1,2,6.522878745280337
CHEMBL2391486,Cc1cc(=O)oc2cc(OCCN3CCN(CC(=O)Nc4c5c(nc6ccccc46)CCCC5)CC3)ccc12,active,526.6370000000003,4.163520000000004,1,7,7.036212172654444
CHEMBL276473,O=C(/C=C/c1ccccc1)c1ccc(O)cc1,inactive,224.25900000000001,3.2883000000000013,1,2,3.3010299956639813
CHEMBL3338991,CN(C)CCCOc1ccc(C(=O)/C=C/c2ccccc2)cc1,inactive,309.409,3.9132000000000033,0,3,4.980053318321158
CHEMBL3338993,CN(C)CCCCCOc1ccc(C(=O)/C=C/c2ccccc2)cc1,inactive,337.463,4.693400000000005,0,3,4.883724412419456
CHEMBL3338994,CN(C)CCCCCCOc1ccc(C(=O)/C=C/c2ccccc2)cc1,inactive,351.49000000000007,5.083500000000005,0,3,4.846490010699163
CHEMBL3338995,CCN(CC)CCCOc1ccc(C(=O)/C=C/c2ccccc2)cc1,inactive,337.463,4.693400000000005,0,3,4.64762450499948
CHEMBL3338996,CCN(CC)CCCCOc1ccc(C(=O)/C=C/c2ccccc2)cc1,inactive,351.49000000000007,5.083500000000005,0,3,4.6343248595440825
CHEMBL3338997,CCN(CC)CCCCCOc1ccc(C(=O)/C=C/c2ccccc2)cc1,inactive,365.51700000000005,5.473600000000006,0,3,4.466736483221285
CHEMBL3338998,CCN(CC)CCCCCCOc1ccc(C(=O)/C=C/c2ccccc2)cc1,inactive,379.54400000000004,5.863700000000006,0,3,4.297224922098956
CHEMBL3338999,CCCN(CCC)CCOc1ccc(C(=O)/C=C/c2ccccc2)cc1,inactive,351.49,5.083500000000005,0,3,4.190103753397561
CHEMBL3339000,CCCN(CCC)CCCOc1ccc(C(=O)/C=C/c2ccccc2)cc1,inactive,365.517,5.473600000000006,0,3,4.608535588160897
CHEMBL3339002,CCCN(CCC)CCCCCOc1ccc(C(=O)/C=C/c2ccccc2)cc1,inactive,393.571,6.253800000000007,0,3,4.530472520812986
CHEMBL3339003,CCCN(CCC)CCCCCCOc1ccc(C(=O)/C=C/c2ccccc2)cc1,inactive,407.598,6.6439000000000075,0,3,4.356054087251933
CHEMBL3339004,CCCCN(CCCC)CCOc1ccc(C(=O)/C=C/c2ccccc2)cc1,inactive,379.544,5.863700000000006,0,3,3.596948147411866
CHEMBL3339005,CCCCN(CCCC)CCCOc1ccc(C(=O)/C=C/c2ccccc2)cc1,inactive,393.571,6.253800000000007,0,3,3.81864240797155
CHEMBL3339006,CCCCN(CCCC)CCCCOc1ccc(C(=O)/C=C/c2ccccc2)cc1,inactive,407.598,6.6439000000000075,0,3,4.658763376761308
CHEMBL3339007,CCCCN(CCCC)CCCCCOc1ccc(C(=O)/C=C/c2ccccc2)cc1,inactive,421.62500000000006,7.034000000000008,0,3,4.114243118930733
CHEMBL3339008,CCCCN(CCCC)CCCCCCOc1ccc(C(=O)/C=C/c2ccccc2)cc1,inactive,435.65200000000004,7.424100000000009,0,3,3.7889061689410366
CHEMBL636,CCN(C)C(=O)Oc1cccc([C@H](C)N(C)C)c1,inactive,250.34199999999998,2.7597000000000014,0,3,4.977159389123472
CHEMBL140476,CC1=CC2Cc3nc4cc(Cl)ccc4c(N)c3C(C1)C2,active,284.7900000000001,4.466400000000003,1,2,9.154901959985743
CHEMBL3355581,COc1cc(CCC(=O)/C=C/c2ccc(CNc3c4c(nc5cc(Cl)ccc35)CC3CC(C)=CC4C3)cc2)cc(CN(C)C)c1O,active,636.2360000000002,8.487200000000003,2,6,7.675717544702307
CHEMBL3355580,COc1cc(CCC(=O)/C=C/c2ccc(CNc3c4c(nc5cc(Cl)ccc35)CC3CC(C)=CC4C3)cc2)ccc1O,active,579.1400000000004,8.425600000000003,2,5,7.73754891026957
CHEMBL3355579,COc1cc(CCC(=O)/C=C/CCCNc2c3c(nc4cc(Cl)ccc24)CC2CC(C)=CC3C2)ccc1O,active,531.0960000000003,7.548600000000007,2,5,8.173925197299173
CHEMBL659,COc1ccc2c3c1O[C@H]1C[C@@H](O)C=C[C@@]31CCN(C)C2,active,287.35900000000004,1.8503,1,4,6.154901959985743
CHEMBL502,COc1cc2c(cc1OC)C(=O)C(CC1CCN(Cc3ccccc3)CC1)C2,active,379.50000000000017,4.361100000000004,0,4,8.096910013008056
CHEMBL151763,CCN(C)C(=O)Oc1cccc(C(C)N(C)C)c1,inactive,250.34199999999998,2.7597000000000014,0,3,4.453457336521869
CHEMBL3335072,COc1cccc(CN2CCN(CCCCOc3ccc4c(c3)oc(=O)c3ccccc34)CC2)c1,inactive,472.5850000000002,4.931600000000005,0,6,4.671620396561262
CHEMBL3335070,COc1cccc(CC2CCN(CCCCOc3ccc4c(c3)oc(=O)c3ccccc34)CC2)c1,inactive,471.5970000000002,6.0685000000000064,0,5,4.562249437179612
CHEMBL3334506,O=c1oc2cc(OCCCCN3CCC(Cc4ccccc4)CC3)ccc2c2ccccc12,inactive,441.57100000000014,6.059900000000006,0,4,4.847711655616943
CHEMBL3335067,COc1cccc(CN2CCN(CCCOc3ccc4c(c3)oc(=O)c3ccccc34)CC2)c1,inactive,458.5580000000002,4.5415000000000045,0,6,4.7447274948966935
CHEMBL3335066,O=c1oc2cc(OCCCN3CCN(Cc4ccccc4)CC3)ccc2c2ccccc12,active,428.53200000000015,4.532900000000004,0,5,6.096910013008056
CHEMBL3335065,COc1cccc(CC2CCN(CCCOc3ccc4c(c3)oc(=O)c3ccccc34)CC2)c1,inactive,457.5700000000002,5.678400000000006,0,5,4.732828271596986
CHEMBL3335063,COc1cccc(CN(C)CCCOc2ccc3c(c2)oc(=O)c2ccccc23)c1,inactive,403.4780000000001,4.855700000000005,0,5,4.679853713888946
CHEMBL3335061,COc1cccc(CN2CCN(CCOc3ccc4c(c3)oc(=O)c3ccccc34)CC2)c1,inactive,444.53100000000023,4.151400000000003,0,6,4.943095148663527
CHEMBL3335060,O=c1oc2cc(OCCN3CCN(Cc4ccccc4)CC3)ccc2c2ccccc12,active,414.50500000000017,4.142800000000004,0,5,6.045757490560675
CHEMBL3335059,COc1cccc(CC2CCN(CCOc3ccc4c(c3)oc(=O)c3ccccc34)CC2)c1,inactive,443.54300000000023,5.288300000000005,0,5,4.533132379645891
CHEMBL3335058,O=c1oc2cc(OCCN3CCC(Cc4ccccc4)CC3)ccc2c2ccccc12,inactive,413.51700000000017,5.279700000000005,0,4,4.698970004336019
CHEMBL3335057,COc1cccc(CN(C)CCOc2ccc3c(c2)oc(=O)c2ccccc23)c1,inactive,389.4510000000001,4.465600000000004,0,5,4.735182176990463
CHEMBL3335053,COc1cccc(CC2CCN(CCCCOc3ccc4c5c(c(=O)oc4c3)CCCC5)CC2)c1,inactive,475.62900000000036,5.794100000000006,0,5,4.863279432843593
CHEMBL3335050,CN(CCCCOc1ccc2c3c(c(=O)oc2c1)CCCC3)Cc1ccccc1,active,391.51100000000025,4.962800000000005,0,4,6.0
CHEMBL3335048,O=c1oc2cc(OCCCN3CCN(Cc4ccccc4)CC3)ccc2c2c1CCCC2,active,432.5640000000003,4.258500000000004,0,5,6.045757490560675
CHEMBL3335028,COc1cccc(CC2CCN(CCOc3ccc4c5c(c(=O)oc4c3)CCCC5)CC2)c1,inactive,447.5750000000004,5.013900000000005,0,5,4.429457060118103
CHEMBL3335024,CCN(C)C(=O)Oc1cc(C(C)N(C)C)c2c(c1)oc(=O)c1ccccc12.Cl,inactive,404.89400000000006,4.441100000000005,0,5,4.3979400086720375
CHEMBL3335023,CCN(C)C(=O)Oc1cc(C(C)N(C)C)cc2oc(=O)c3ccccc3c12.Cl,inactive,404.89400000000006,4.441100000000005,0,5,4.401209493236885
CHEMBL3335022,CC(c1cc(O)cc2oc(=O)c3ccccc3c12)N(C)C.Cl,inactive,319.78799999999995,3.6962000000000024,1,4,4.480172006224281
CHEMBL3335021,CC(c1cc(O)c2c(c1)oc(=O)c1ccccc12)N(C)C.Cl,inactive,319.78799999999995,3.6962000000000024,1,4,4.723538195826756
CHEMBL3335020,COc1cc(C(C)N(C)C)c2c(c1)oc(=O)c1ccccc12.Cl,inactive,333.815,3.999200000000004,0,4,4.82102305270683
CHEMBL3335017,CC(c1ccc2c(c1)oc(=O)c1ccccc12)N(C)C.Cl,inactive,303.78899999999993,3.990600000000003,0,3,4.962573502059376
CHEMBL3343705,COc1cc2c(cc1OCCN1CCCCC1)C(=O)/C(=C/c1ccc(N(C)C)cc1)C2,active,420.5530000000001,4.448300000000004,0,5,6.54500278269054
CHEMBL3343708,CCN(CC)c1ccc(/C=C2\Cc3cc(OC)c(OCCN4CCCCC4)cc3C2=O)cc1,active,448.60700000000037,5.228500000000006,0,5,6.270511230820439
CHEMBL3343711,CNc1ccc(/C=C2\Cc3cc(OC)c(OCCN4CCCCC4)cc3C2=O)cc1,active,406.52600000000024,4.424000000000004,1,5,6.521289244487241
CHEMBL3343712,CCN(C)c1ccc(/C=C2\Cc3cc(OC)c(OCCN4CCCCC4)cc3C2=O)cc1,active,434.58000000000027,4.8384000000000045,0,5,6.370590400897281
CHEMBL3343713,CCCN(C)c1ccc(/C=C2\Cc3cc(OC)c(OCCN4CCCCC4)cc3C2=O)cc1,active,448.60700000000037,5.228500000000006,0,5,6.408712734941501
CHEMBL3343714,CCCN(CCC)c1ccc(/C=C2\Cc3cc(OC)c(OCCN4CCCCC4)cc3C2=O)cc1,active,476.6610000000004,6.008700000000007,0,5,6.020360587777093
CHEMBL502,COc1cc2c(cc1OC)C(=O)C(CC1CCN(Cc3ccccc3)CC1)C2,active,379.50000000000017,4.361100000000004,0,4,7.931814138253839
CHEMBL95,Nc1c2c(nc3ccccc13)CCCC2,active,198.26899999999992,2.695800000000001,1,2,6.54515513999149
CHEMBL3355594,C/C=C1/[C@@H]2Cc3[nH]c(=O)ccc3[C@@]1(N)C[C@]1(C)O[C@H]21,inactive,258.32099999999997,1.2087,2,3,4.916855856856948
CHEMBL3338389,C/C=C1\[C@H]2C=C(C)C[C@]1(NC1OCC3=C4CC(C)(C)[C@H](O)[C@H]4[C@@H](C)CCC31O)c1ccc(=O)[nH]c1C2,active,492.66000000000025,3.849300000000003,4,5,7.221848749616356
CHEMBL3338388,C/C=C1\[C@H]2C=C(C)C[C@]1(NC1OCC3=C4CC(C)(C)C[C@H]4[C@@H](C)[C@H](O)CC31O)c1ccc(=O)[nH]c1C2,active,492.66000000000025,3.849300000000003,4,5,6.958607314841775
CHEMBL3338386,C/C=C1\[C@H]2C=C(C)C[C@]1(N[C@H]1OC(=O)C3=C4CC(C)(C)C[C@H]4[C@@H](C)[C@@H](O)C[C@]31OC)c1ccc(=O)[nH]c1C2,active,520.6700000000002,4.030000000000003,3,6,6.00436480540245
CHEMBL1255901,C/C=C1\[C@H]2C=C(C)C[C@@]1(N)c1ccc(=O)[nH]c1C2,active,242.32199999999997,1.9975,2,2,9.267606240177031
CHEMBL3343884,Cc1nc(C(=O)NCCCCNc2c3c(nc4ccccc24)CCCC3)cc2c1[nH]c1ccccc12,active,477.6120000000003,6.073620000000005,3,4,6.488116639021126
CHEMBL3343885,Cc1nc(C(=O)NCCCCCCNc2c3c(nc4ccccc24)CCCC3)cc2c1[nH]c1ccccc12,active,505.6660000000003,6.853820000000006,3,4,7.033389013318065
CHEMBL3343920,Cc1nc(C(=O)NCCCCCCCCNc2c3c(nc4ccccc24)CCCC3)cc2c1[nH]c1ccccc12,active,533.7200000000003,7.634020000000008,3,4,6.815308569182402
CHEMBL3343922,O=C(NCCCCCCNc1c2c(nc3ccccc13)CCCC2)c1cc2c(cn1)[nH]c1ccccc12,active,491.63900000000035,6.545400000000005,3,4,7.037157318798758
CHEMBL3343882,CCc1nc(C(=O)NCCCCCCNc2c3c(nc4ccccc24)CCCC3)cc2c1[nH]c1ccccc12,active,519.6930000000002,7.107800000000006,3,4,7.00788851221305
CHEMBL3343923,O=C(NCCCCCCNc1c2c(nc3ccccc13)CCCC2)c1cc2c([nH]c3ccccc32)c(-c2ccccc2)n1,active,567.7370000000004,8.212400000000006,3,4,6.798602875679548
CHEMBL3343924,O=C(NCCCCCCNc1c2c(nc3ccccc13)CCCC2)c1cc2c([nH]c3ccccc32)c(-c2ccc(F)cc2)n1,active,585.7270000000004,8.351500000000005,3,4,6.51427857351842
CHEMBL3343925,COc1ccc(-c2nc(C(=O)NCCCCCCNc3c4c(nc5ccccc35)CCCC4)cc3c2[nH]c2ccccc23)cc1,active,597.7630000000003,8.221000000000007,3,5,6.826813731587726
CHEMBL3343926,CC(C)(C)OC(=O)N1Cc2[nH]c3ccccc3c2C[C@H]1C(=O)NCCCCCCNc1c2c(nc3ccccc13)CCCC2,active,595.7880000000001,7.045400000000007,3,5,6.728158393463501
CHEMBL3343927,O=C(NCCCCCCNc1c2c(nc3ccccc13)CCCC2)[C@@H]1Cc2c([nH]c3ccccc23)CN1,active,495.6710000000004,5.397900000000004,4,4,7.199282921717615
CHEMBL3343928,CC1c2[nH]c3ccccc3c2C[C@@H](C(=O)NCCCCCCNc2c3c(nc4ccccc24)CCCC3)N1C(=O)OC(C)(C)C,active,609.8150000000003,7.606400000000008,3,5,6.279014255846261
CHEMBL3343929,CC1N[C@H](C(=O)NCCCCCCNc2c3c(nc4ccccc24)CCCC3)Cc2c1[nH]c1ccccc21,active,509.6980000000003,5.958900000000005,4,4,6.692503962086787
CHEMBL3343930,CC(C)(C)OC(=O)N[C@@H](Cc1c[nH]c2ccccc12)C(=O)NCCCCCCNc1c2c(nc3ccccc13)CCCC2,active,583.7770000000002,6.819400000000007,4,5,6.935542010773082
CHEMBL3343931,N[C@@H](Cc1c[nH]c2ccccc12)C(=O)NCCCCCCNc1c2c(nc3ccccc13)CCCC2,active,483.66000000000037,5.253400000000005,4,4,7.016373712875465
CHEMBL3343932,CC(=O)N[C@@H](Cc1c[nH]c2ccccc12)C(=O)NCCCCCCNc1c2c(nc3ccccc13)CCCC2,active,525.6970000000005,5.430800000000005,4,4,6.815308569182402
CHEMBL95,Nc1c2c(nc3ccccc13)CCCC2,active,198.26899999999992,2.695800000000001,1,2,6.330683119433888
CHEMBL95,Nc1c2c(nc3ccccc13)CCCC2,active,198.26899999999992,2.695800000000001,1,2,6.721246399047171
CHEMBL129837,CC(C)c1ccc(NC(=O)Oc2ccc3c(c2)[C@]2(C)CCN(C)[C@@H]2N3C)cc1,active,379.50400000000013,4.7900000000000045,1,4,6.1249387366083
CHEMBL1206,CCN(CC)C(C)CN1c2ccccc2Sc2ccccc21,active,312.482,5.019600000000005,0,3,6.585026652029182
CHEMBL3356530,O=C1C=C(NCCNc2c3c(nc4ccccc24)CCCC3)C(=O)c2ccccc21,active,397.47800000000024,4.078200000000003,2,5,7.844663962534938
CHEMBL3356531,O=C1C=C(NCCCNc2c3c(nc4ccccc24)CCCC3)C(=O)c2ccccc21,active,411.5050000000003,4.468300000000004,2,5,7.270025714300444
CHEMBL3356532,O=C1C=C(NCCNc2c3c(nc4cc(Cl)ccc24)CCCC3)C(=O)c2ccccc21,active,431.92300000000034,4.731600000000004,2,5,8.714442690992227
CHEMBL3356533,O=C1C=C(NCCCNc2c3c(nc4cc(Cl)ccc24)CCCC3)C(=O)c2ccccc21,active,445.95000000000033,5.121700000000004,2,5,8.267606240177031
CHEMBL3356534,O=C1C(NCCNc2c3c(nc4ccccc24)CCCC3)=CC(=O)c2c(O)cccc21,active,413.4770000000002,3.783800000000003,3,6,7.607303046740334
CHEMBL3356535,O=C1C(NCCCNc2c3c(nc4ccccc24)CCCC3)=CC(=O)c2c(O)cccc21,active,427.50400000000025,4.173900000000003,3,6,6.987162775294828
CHEMBL3356536,O=C1C(NCCNc2c3c(nc4cc(Cl)ccc24)CCCC3)=CC(=O)c2c(O)cccc21,active,447.92200000000037,4.437200000000004,3,6,9.142667503568731
CHEMBL3356537,O=C1C(NCCCNc2c3c(nc4cc(Cl)ccc24)CCCC3)=CC(=O)c2c(O)cccc21,active,461.94900000000035,4.827300000000005,3,6,8.034328028779893
CHEMBL3356538,COc1ccc2nc3c(c(NCCNC4=CC(=O)c5c(O)cccc5C4=O)c2c1)CCCC3,active,443.50300000000027,3.7924000000000024,3,7,6.186419011431808
CHEMBL3356539,COc1ccc2nc3c(c(NCCCNC4=CC(=O)c5c(O)cccc5C4=O)c2c1)CCCC3,active,457.5300000000003,4.182500000000003,3,7,6.458420756053419
CHEMBL3356950,COc1ccc2nc3c(c(NCCCNC4=C(Cl)C(=O)c5ccccc5C4=O)c2c1)CCCC3,active,475.97600000000034,5.0434000000000045,2,6,6.092051478387727
CHEMBL3356951,O=C1C(Cl)=C(NCCNc2c3c(nc4cc(Cl)ccc24)CCCC3)C(=O)c2ccccc21,active,466.36800000000034,5.298100000000003,2,5,8.493494967595128
CHEMBL3356952,O=C1C(Cl)=C(NCCCNc2c3c(nc4cc(Cl)ccc24)CCCC3)C(=O)c2ccccc21,active,480.3950000000003,5.688200000000005,2,5,8.048662481204083
CHEMBL3356953,O=C1C(Cl)=C(NCCNc2c3c(nc4ccccc24)CCCC3)C(=O)c2ccccc21,active,431.92300000000034,4.644700000000004,2,5,7.017276612331455
CHEMBL3356954,O=C1C(Cl)=C(NCCCNc2c3c(nc4ccccc24)CCCC3)C(=O)c2ccccc21,active,445.95000000000033,5.034800000000004,2,5,7.42021640338319
CHEMBL95,Nc1c2c(nc3ccccc13)CCCC2,active,198.26899999999992,2.695800000000001,1,2,6.301029995663981
CHEMBL292314,Nc1c2c(nc3cc(Cl)ccc13)CCCC2,active,232.71399999999994,3.3492000000000015,1,2,8.143875555757699
CHEMBL1256415,COc1ccc2nc3c(c(N)c2c1)CCCC3,inactive,228.29499999999993,2.7044000000000006,1,3,4.978810700930062
CHEMBL231160,CCN(CCCCCCNC1=CC(=O)C(NCCCCCCN(CC)Cc2ccccc2OC)=CC1=O)Cc1ccccc1OC,active,632.8900000000003,6.2674000000000065,2,8,8.809668301829708
CHEMBL3393675,O=C1N[C@H](COCc2ccccc2)[C@@H](OCc2ccccc2)[C@H](OCc2ccccc2)[C@H]1OCc1ccccc1,inactive,537.6560000000003,5.457800000000005,1,5,4.337242168318426
CHEMBL3393674,C=CC[C@@H]1[C@H](O)[C@@H](OCc2ccccc2)[C@H](O)CN1CCCCCCCC,inactive,375.55300000000034,3.914400000000003,2,4,4.657577319177793
CHEMBL3393673,c1ccc(COC[C@H]2NC[C@H](OCc3ccccc3)[C@@H](OCc3ccccc3)[C@@H]2OCc2ccccc2)cc1,inactive,523.6730000000002,5.931200000000006,1,5,4.221848749616356
CHEMBL95,Nc1c2c(nc3ccccc13)CCCC2,active,198.26899999999992,2.695800000000001,1,2,6.315154638355588
CHEMBL3403878,COc1cc2oc(-c3cccc(OCC(=O)NCCCCCCNc4c5c(nc6cc(Cl)ccc46)CCCC5)c3)cc(=O)c2c(OC)c1OC,active,700.2320000000001,7.733700000000008,2,9,7.488116639021126
CHEMBL3403877,COc1cc2oc(-c3cccc(OCC(=O)NCCCCCNc4c5c(nc6cc(Cl)ccc46)CCCC5)c3)cc(=O)c2c(OC)c1OC,active,686.2050000000002,7.3436000000000075,2,9,7.761953896871204
CHEMBL3400187,COc1cc2oc(-c3ccc(OCC(=O)NCCCCCCNc4c5c(nc6cc(Cl)ccc46)CCCC5)cc3)cc(=O)c2c(OC)c1OC,active,700.2320000000002,7.733700000000008,2,9,7.665546248849069
CHEMBL3403874,COc1cc2oc(-c3ccc(OCC(=O)NCCCCCNc4c5c(nc6cc(Cl)ccc46)CCCC5)cc3)cc(=O)c2c(OC)c1OC,active,686.2050000000003,7.3436000000000075,2,9,8.161150909262744
CHEMBL292314,Nc1c2c(nc3cc(Cl)ccc13)CCCC2,active,232.71399999999994,3.3492000000000015,1,2,7.866461091629782
CHEMBL3402707,CN(CCCCCN1C(=O)c2ccccc2C1=O)Cc1ccccc1.Cl,active,372.89600000000013,4.006700000000004,0,3,6.442492798094342
CHEMBL3402709,CN(CCCCCCCN1C(=O)c2ccccc2C1=O)Cc1ccccc1.Cl,active,400.9500000000001,4.7869000000000055,0,3,6.001304841688344
CHEMBL3402710,CN(CCCCCCCCN1C(=O)c2ccccc2C1=O)Cc1ccccc1.Cl,active,414.97700000000015,5.177000000000007,0,3,6.0655015487564325
CHEMBL3402712,CN(CCCCCN1C(=O)c2ccccc2C1=O)Cc1ccccc1F.Cl,active,390.88600000000014,4.145800000000005,0,3,6.279840696594043
CHEMBL3402714,CN(CCCCCCCN1C(=O)c2ccccc2C1=O)Cc1ccccc1F.Cl,active,418.9400000000001,4.926000000000006,0,3,6.204119982655925
CHEMBL3402715,CN(CCCCCCCCN1C(=O)c2ccccc2C1=O)Cc1ccccc1F.Cl,active,432.96700000000016,5.316100000000007,0,3,6.1911141326401875
CHEMBL3402717,CN(CCCCCN1C(=O)c2ccccc2C1=O)Cc1cccc(Cl)c1.Cl,active,407.34100000000007,4.660100000000005,0,3,6.270025714300444
CHEMBL502,COc1cc2c(cc1OC)C(=O)C(CC1CCN(Cc3ccccc3)CC1)C2,active,379.50000000000017,4.361100000000004,0,4,8.221848749616356
CHEMBL95,Nc1c2c(nc3ccccc13)CCCC2,active,198.26899999999992,2.695800000000001,1,2,6.882728704344236
CHEMBL3403305,CCN(CC)C(=O)[C@H](Cc1ccccc1)NC(=O)[C@H](CC(C)C)NC(=O)[C@@H](NC(=O)[C@@H](N)COC(=O)[C@H](CC(C)C)NC(C)=O)C(C)C,active,674.8840000000001,1.6753000000000073,5,8,7.0
CHEMBL3403306,CCN(CC)C(=O)[C@H](Cc1ccc(F)cc1)NC(=O)[C@H](CC(C)C)NC(=O)[C@@H](NC(=O)[C@@H](N)COC(=O)[C@H](CC(C)C)NC(C)=O)C(C)C,active,692.874,1.8144000000000071,5,8,7.0
CHEMBL3403307,CCN(CC)C(=O)[C@H](Cc1ccc(Cl)cc1)NC(=O)[C@H](CC(C)C)NC(=O)[C@@H](NC(=O)[C@@H](N)COC(=O)[C@H](CC(C)C)NC(C)=O)C(C)C,active,709.3290000000001,2.3287000000000067,5,8,7.0
CHEMBL3403308,CCN(CC)C(=O)[C@H](Cc1ccc(Br)cc1)NC(=O)[C@H](CC(C)C)NC(=O)[C@@H](NC(=O)[C@@H](N)COC(=O)[C@H](CC(C)C)NC(C)=O)C(C)C,active,753.7799999999999,2.4378000000000073,5,8,7.0
CHEMBL3403309,CCN(CC)C(=O)[C@H](Cc1ccc(OC)cc1)NC(=O)[C@H](CC(C)C)NC(=O)[C@@H](NC(=O)[C@@H](N)COC(=O)[C@H](CC(C)C)NC(C)=O)C(C)C,active,704.9100000000001,1.6839000000000068,5,9,7.0
CHEMBL3403310,CCN(CC)C(=O)[C@H](Cc1ccc2ccccc2c1)NC(=O)[C@H](CC(C)C)NC(=O)[C@@H](NC(=O)[C@@H](N)COC(=O)[C@H](CC(C)C)NC(C)=O)C(C)C,active,724.9440000000001,2.828500000000008,5,8,7.0
CHEMBL3403311,CCN(CC)C(=O)[C@H](Cc1ccccc1)NC(=O)[C@H](CC(C)C)NC(=O)[C@@H](NC(=O)[C@@H](N)COC(=O)[C@@H]1CCCN1C(C)=O)C(C)C,active,658.841,1.1354000000000075,4,8,7.0
CHEMBL3403312,CCN(CC)C(=O)[C@H](Cc1ccc(F)cc1)NC(=O)[C@H](CC(C)C)NC(=O)[C@@H](NC(=O)[C@@H](N)COC(=O)[C@@H]1CCCN1C(C)=O)C(C)C,active,676.8309999999999,1.2745000000000075,4,8,7.0
CHEMBL3403313,CCN(CC)C(=O)[C@H](Cc1ccc(Cl)cc1)NC(=O)[C@H](CC(C)C)NC(=O)[C@@H](NC(=O)[C@@H](N)COC(=O)[C@@H]1CCCN1C(C)=O)C(C)C,active,693.286,1.7888000000000064,4,8,7.0
CHEMBL3403314,CCN(CC)C(=O)[C@H](Cc1ccc(Br)cc1)NC(=O)[C@H](CC(C)C)NC(=O)[C@@H](NC(=O)[C@@H](N)COC(=O)[C@@H]1CCCN1C(C)=O)C(C)C,active,737.7369999999997,1.8979000000000068,4,8,7.0
CHEMBL3403315,CCN(CC)C(=O)[C@H](Cc1ccc(OC)cc1)NC(=O)[C@H](CC(C)C)NC(=O)[C@@H](NC(=O)[C@@H](N)COC(=O)[C@@H]1CCCN1C(C)=O)C(C)C,active,688.867,1.144000000000007,4,9,7.0
CHEMBL3403316,CCN(CC)C(=O)[C@H](Cc1ccc2ccccc2c1)NC(=O)[C@H](CC(C)C)NC(=O)[C@@H](NC(=O)[C@@H](N)COC(=O)[C@@H]1CCCN1C(C)=O)C(C)C,active,708.901,2.288600000000007,4,8,7.0
CHEMBL502,COc1cc2c(cc1OC)C(=O)C(CC1CCN(Cc3ccccc3)CC1)C2,active,379.50000000000017,4.361100000000004,0,4,7.795880017344075
CHEMBL3407587,OCc1cc2cc(OCCCC3CCN(Cc4ccccc4)CC3)ccc2[nH]1,inactive,378.5160000000001,4.731400000000004,2,3,4.866461091629782
CHEMBL3407583,C#CCN(C)Cc1cc2cc(OCCCC3CCN(Cc4ccccc4)CC3)ccc2[nH]1,inactive,429.6080000000001,5.304100000000005,1,3,4.8124792791635365
CHEMBL3407591,C#CCN(C)Cc1ccc(OC(=O)N(C)C)c2ncccc12,active,297.358,2.3602000000000007,0,4,6.2839966563652006
CHEMBL95,Nc1c2c(nc3ccccc13)CCCC2,active,198.26899999999992,2.695800000000001,1,2,6.361410916707283
CHEMBL3410957,Cc1c(C)c2c(c(C)c1O)CCC(C)(C(=O)NCCCCCCCCCCNc1c3c(nc4ccccc14)CCCC3)O2,active,585.8330000000002,8.177260000000008,3,5,6.3436142809413125
CHEMBL3410956,Cc1c(C)c2c(c(C)c1O)CCC(C)(C(=O)NCCCCCCCCNc1c3c(nc4ccccc14)CCCC3)O2,active,557.7790000000003,7.397060000000008,3,5,6.644931793651149
CHEMBL3410955,Cc1c(C)c2c(c(C)c1O)CCC(C)(C(=O)NCCCCCCCNc1c3c(nc4ccccc14)CCCC3)O2,active,543.7520000000004,7.006960000000007,3,5,6.842543231865775
CHEMBL3410954,Cc1c(C)c2c(c(C)c1O)CCC(C)(C(=O)NCCCCCCNc1c3c(nc4ccccc14)CCCC3)O2,active,529.7250000000005,6.616860000000006,3,5,7.628932137728263
CHEMBL3410953,Cc1c(C)c2c(c(C)c1O)CCC(C)(C(=O)NCCCCCNc1c3c(nc4ccccc14)CCCC3)O2,active,515.6980000000004,6.226760000000006,3,5,6.666955970176513
CHEMBL3410952,Cc1c(C)c2c(c(C)c1O)CCC(C)(C(=O)NCCCCNc1c3c(nc4ccccc14)CCCC3)O2,active,501.6710000000004,5.836660000000005,3,5,6.2716462179787715
CHEMBL3410951,Cc1c(C)c2c(c(C)c1O)CCC(C)(C(=O)NCCNc1c3c(nc4ccccc14)CCCC3)O2,active,473.6170000000003,5.056460000000004,3,5,6.546987608878545
CHEMBL3417009,COc1cc(N)c(Cl)cc1C(=O)CCC1CCN(CC2CCCCC2)CC1,active,392.9710000000003,5.186000000000005,1,4,7.795880017344075
CHEMBL502,COc1cc2c(cc1OC)C(=O)C(CC1CCN(Cc3ccccc3)CC1)C2,active,379.50000000000017,4.361100000000004,0,4,8.221848749616356
CHEMBL85251,CCCCN1CCC(CCC(=O)c2cc(Cl)c(N)cc2OC)CC1,active,352.9060000000001,4.405800000000004,1,4,6.394694953858891
CHEMBL3414597,COc1cc(N)c(Cl)cc1C(=O)CCC1CCN(CC2CC2)CC1,active,350.89000000000016,4.015700000000003,1,4,6.028260409112222
CHEMBL3416995,COc1cc(N)c(Cl)cc1C(=O)CCC1CCN(CC2CCC2)CC1,active,364.9170000000002,4.405800000000004,1,4,6.238824186844268
CHEMBL3416996,COc1cc(N)c(Cl)cc1C(=O)CCC1CCN(CC2CCCC2)CC1,active,378.94400000000024,4.795900000000005,1,4,7.161150909262744
CHEMBL3416997,COc1cc(N)c(Cl)cc1C(=O)CCC1CCN(CC2CCCCCC2)CC1,active,406.99800000000033,5.576100000000006,1,4,7.2441251443275085
CHEMBL3416998,COc1cc(N)c(Cl)cc1C(=O)CCC1CCN(CC2CCNCC2)CC1.Cl,active,430.42000000000024,4.0271000000000035,2,5,6.928117992693875
CHEMBL3416999,COc1cc(N)c(Cl)cc1C(=O)CCC1CCN(CCC2CCCCC2)CC1,active,406.99800000000033,5.576100000000006,1,4,6.653647025549361
CHEMBL3417000,COc1cc(N)c(Cl)cc1C(=O)CCC1CCN(CC2CCCCC2C)CC1,active,406.9980000000003,5.432000000000006,1,4,6.493494967595128
CHEMBL3417001,COc1cc(N)c(Cl)cc1C(=O)CCC1CCN(Cc2ccccc2)CC1,active,386.9230000000001,4.805900000000004,1,4,8.070581074285707
CHEMBL3417002,COc1cc(N)c(Cl)cc1C(=O)CCC1CCN(Cc2cccnc2)CC1,active,387.9110000000001,4.200900000000003,1,5,7.346787486224656
CHEMBL3417003,COc1cc(N)c(Cl)cc1C(=O)CCC1CCN(Cc2ccncc2)CC1,active,387.9110000000001,4.200900000000003,1,5,6.91721462968355
CHEMBL3417004,COc1cc(N)c(Cl)cc1/C(CCC1CCN(CC2CCCCC2)CC1)=N/O,active,407.98600000000033,5.181600000000005,2,5,7.619788758288394
CHEMBL3415643,Nc1oc2ccccc2c(=O)c1/C=C1\COc2ccccc2C1=O,active,319.31600000000003,3.033900000000002,1,5,6.568636235841013
CHEMBL3415558,O=C1c2ccccc2C(=O)N1CCCCCNCc1ccccc1,active,322.40799999999996,3.242700000000002,1,3,6.694648630553377
CHEMBL3415560,O=C1c2ccccc2C(=O)N1CCCCCCCNCc1ccccc1,active,350.46199999999993,4.022900000000003,1,3,6.518557371497695
CHEMBL3415561,O=C1c2ccccc2C(=O)N1CCCCCCCCNCc1ccccc1,active,364.489,4.413000000000004,1,3,6.304518323509803
CHEMBL3415563,O=C1c2ccccc2C(=O)N1CCCCCNCc1ccccc1F,active,340.39799999999997,3.381800000000002,1,3,6.774690718274137
CHEMBL3415564,O=C1c2ccccc2C(=O)N1CCCCCCNCc1ccccc1F,active,354.425,3.7719000000000023,1,3,6.026410376572743
CHEMBL3415565,O=C1c2ccccc2C(=O)N1CCCCCCCNCc1ccccc1F,active,368.45199999999994,4.1620000000000035,1,3,6.482804102050026
CHEMBL3415566,O=C1c2ccccc2C(=O)N1CCCCCCCCNCc1ccccc1F,active,382.479,4.552100000000004,1,3,6.2636034977233574
CHEMBL3415568,O=C1c2ccccc2C(=O)N1CCCCCNCc1ccc(F)cc1,active,340.39799999999997,3.381800000000002,1,3,6.5718652059712115
CHEMBL3415570,O=C1c2ccccc2C(=O)N1CCCCCCCNCc1ccc(F)cc1,active,368.45199999999994,4.1620000000000035,1,3,6.359518563029578
CHEMBL3415573,O=C1c2ccccc2C(=O)N1CCCCCNCc1ccc(F)cc1F,active,358.388,3.520900000000002,1,3,6.58838029403677
CHEMBL3415575,O=C1c2ccccc2C(=O)N1CCCCCCCNCc1ccc(F)cc1F,active,386.44199999999995,4.3011000000000035,1,3,6.419075024324381
CHEMBL3415576,O=C1c2ccccc2C(=O)N1CCCCCCCCNCc1ccc(F)cc1F,active,400.469,4.691200000000005,1,3,6.2380721615794705
CHEMBL3415578,O=C1c2ccccc2C(=O)N1CCCCCNCc1cccc(Cl)c1,active,356.85299999999995,3.8961000000000023,1,3,6.795880017344075
CHEMBL3415580,O=C1c2ccccc2C(=O)N1CCCCCCCNCc1cccc(Cl)c1,active,384.9069999999999,4.676300000000004,1,3,6.186419011431808
CHEMBL3415581,O=C1c2ccccc2C(=O)N1CCCCCCCCNCc1cccc(Cl)c1,active,398.93399999999997,5.066400000000005,1,3,6.163675884293248
CHEMBL502,COc1cc2c(cc1OC)C(=O)C(CC1CCN(Cc3ccccc3)CC1)C2,active,379.50000000000017,4.361100000000004,0,4,8.221848749616356
CHEMBL95,Nc1c2c(nc3ccccc13)CCCC2,active,198.26899999999992,2.695800000000001,1,2,6.882728704344236
CHEMBL3417300,Cc1c(C)c2ccc(OCCN3CCN(CCCNc4c5c(nc6ccccc46)CCCC5)CC3)cc2oc1=O,active,540.7080000000003,5.335440000000005,1,7,7.792904459580782
CHEMBL3417299,Cc1c(Cl)c(=O)oc2cc(OCCN3CCN(CCCNc4c5c(nc6ccccc46)CCCC5)CC3)ccc12,active,561.1260000000003,5.680420000000006,1,7,7.613144470815276
CHEMBL95,Nc1c2c(nc3ccccc13)CCCC2,active,198.26899999999992,2.695800000000001,1,2,6.3764199445580045
CHEMBL3577505,CCN(CCCOc1ccc(-c2cc(=O)c3c(OC)c(OC)c(OC)cc3o2)cc1)Cc1ccccc1OC,active,533.6210000000003,5.785400000000006,0,8,6.698970004336019
CHEMBL3577508,COc1cc2oc(-c3ccc(OCCCCN(C)Cc4ccccc4)cc3)cc(=O)c2c(OC)c1OC,active,503.59500000000025,5.776800000000005,0,7,6.022276394711152
CHEMBL3577510,COc1ccccc1CN(C)CCCCOc1ccc(-c2cc(=O)c3c(OC)c(OC)c(OC)cc3o2)cc1,active,533.6210000000003,5.785400000000006,0,8,6.301029995663981
CHEMBL3577511,CCN(CCCCOc1ccc(-c2cc(=O)c3c(OC)c(OC)c(OC)cc3o2)cc1)Cc1ccccc1OC,active,547.6480000000004,6.175500000000007,0,8,7.096910013008056
CHEMBL3577517,CCN(CCCCCCOc1ccc(-c2cc(=O)c3c(OC)c(OC)c(OC)cc3o2)cc1)Cc1ccccc1OC,active,575.7020000000003,6.955700000000008,0,8,6.366531544420414
CHEMBL3577520,CCN(CCCOc1ccc(-c2cc(=O)c3c(O)c(OC)c(OC)cc3o2)cc1)Cc1ccccc1OC,active,519.5940000000003,5.482400000000005,1,8,6.045757490560675
CHEMBL3577522,CCN(CCCCOc1ccc(-c2cc(=O)c3c(O)c(OC)c(OC)cc3o2)cc1)Cc1ccccc1OC,active,533.6210000000003,5.872500000000006,1,8,6.6020599913279625
CHEMBL502,COc1cc2c(cc1OC)C(=O)C(CC1CCN(Cc3ccccc3)CC1)C2,active,379.50000000000017,4.361100000000004,0,4,7.920818753952375
CHEMBL3359895,CN1CCN(c2ccc(-c3cnc4[nH]c5cnc(C#N)cc5c4c3)cc2)CC1,active,368.44400000000013,3.401580000000002,1,5,7.7447274948966935
CHEMBL3582201,N#Cc1cc2c(cn1)[nH]c1ncc(-c3ccc(CN4CCCCC4)cc3)cc12,active,367.45600000000024,4.635680000000003,1,4,6.47755576649368
CHEMBL3582202,C[C@@H]1CCC[C@H](C)N1Cc1ccc(-c2cnc3[nH]c4cnc(C#N)cc4c3c2)cc1,active,395.51000000000016,5.412680000000004,1,4,6.8696662315049934
CHEMBL3582205,CC1(C)CCN(Cc2ccc(-c3cnc4[nH]c5cnc(C#N)cc5c4c3)cc2)CC1,active,395.5100000000002,5.271780000000005,1,4,7.958607314841775
CHEMBL3582206,CC(C)(c1ccc(-c2cnc3[nH]c4cnc(C#N)cc4c3c2)cc1)N1CCCCC1,active,395.5100000000003,5.370780000000005,1,4,6.2949920406666635
CHEMBL3582207,N#Cc1cc2c(cn1)[nH]c1ncc(-c3ccc(CN4CCC(O)CC4)cc3)cc12,active,383.4550000000002,3.606480000000002,2,5,6.422508200162775
CHEMBL3582208,N#Cc1cc2c(cn1)[nH]c1ncc(-c3ccc(CN4CCC[C@@H](O)C4)cc3)cc12,active,383.4550000000002,3.606480000000002,2,5,6.149966742310231
CHEMBL3582209,N#Cc1cc2c(cn1)[nH]c1ncc(-c3ccc(CN4CCC(F)CC4)cc3)cc12,active,385.4460000000002,4.583680000000003,1,4,6.050609993355087
CHEMBL3582211,N#Cc1cc2c(cn1)[nH]c1ncc(-c3ccc(CN4CCOCC4)cc3)cc12,inactive,369.4280000000002,3.481980000000002,1,5,4.876148359032914
CHEMBL3582213,N#Cc1cc2c(cn1)[nH]c1ncc(-c3ccc(CN4CCCCC4)nc3)cc12,active,368.44400000000024,4.030680000000003,1,5,6.728158393463501
CHEMBL3582214,N#Cc1cc2c(cn1)[nH]c1ncc(-c3nc(CN4CCCCC4)cs3)cc12,active,374.4730000000002,4.092180000000003,1,6,7.7447274948966935
CHEMBL3582215,CCN1CCc2cc(-c3cnc4[nH]c5cnc(C#N)cc5c4c3)ccc2C1,active,353.42900000000014,4.027780000000003,1,4,6.795880017344075
CHEMBL3582216,CCN1CCc2sc(-c3cnc4[nH]c5cnc(C#N)cc5c4c3)cc2C1,active,359.45800000000014,4.089280000000003,1,5,6.586700235918748
CHEMBL3582218,NC(=O)c1cc2c(cn1)[nH]c1ncc(-c3ccc(CN4CCCCC4)cc3)cc12,active,385.47100000000023,3.8629000000000033,2,4,6.66354026615147
CHEMBL3582223,c1ncc(-c2cc3c(cn2)[nH]c2ncc(-c4ccc(CN5CCCCC5)cc4)cc23)o1,active,409.4930000000003,5.419000000000004,1,5,6.490797477668897
CHEMBL3582224,c1ncc(-c2cc3c(cn2)[nH]c2ncc(-c4ccc(CN5CCCCC5)cc4)cc23)s1,active,425.56100000000026,5.887500000000004,1,5,6.304518323509803
CHEMBL3582225,c1nnc(-c2cc3c(cn2)[nH]c2ncc(-c4ccc(CN5CCCCC5)cc4)cc23)o1,active,410.4810000000003,4.814000000000004,1,6,6.346787486224656
CHEMBL3582226,c1cc(-c2cnc3[nH]c4cnc(-c5cnoc5)cc4c3c2)ccc1CN1CCCCC1,active,409.49300000000034,5.419000000000005,1,5,6.18111458540599
CHEMBL3582227,Cn1cc(-c2cc3c(cn2)[nH]c2ncc(-c4ccc(CN5CCCCC5)cc4)cc23)cn1,active,422.5360000000003,5.164500000000004,1,5,6.058488567365597
CHEMBL3582228,c1cncc(-c2cc3c(cn2)[nH]c2ncc(-c4ccc(CN5CCCCC5)cc4)cc23)c1,active,419.5320000000003,5.826000000000004,1,4,6.30715308072277
CHEMBL3582229,c1cc(-c2cc3c(cn2)[nH]c2ncc(-c4ccc(CN5CCCCC5)cc4)cc23)ccn1,active,419.53200000000027,5.826000000000005,1,4,6.1095789811990855
CHEMBL3582232,c1ncc(-c2cc3c(cn2)[nH]c2ncc(-c4ccc(CN5CCCCC5)cc4)cc23)cn1,active,420.52000000000027,5.221000000000004,1,5,6.575118363368933
CHEMBL3581576,CC(C)=CC[C@]12C[C@@H]3[C@@H]4[C@@H](O)C(C)(C)[C@@H](C(C)C)CC4(C1=O)C(=O)[C@](C(=O)c1ccccc1)(C2=O)C3(C)C,inactive,518.6940000000004,5.644600000000006,1,5,4.578396073130169
CHEMBL3581573,C=C(C)[C@H]1CC[C@@](C)(O)[C@@H](C2=C(O)C(CC=C(C)C)(CC=C(C)C)C(=O)C(C(=O)C(C)C)=C2O)C1,inactive,484.67700000000036,6.860800000000007,3,5,4.5951662833800615
CHEMBL3581572,CCC(C)C(=O)[C@]12C(=O)[C@]3(CC=C(C)C)C[C@H](CC=C(C)C)[C@@]1(C)CC[C@@H](C(C)(C)O)OC2=C(CC=C(C)C)C3=O,inactive,566.8230000000003,8.02530000000001,1,5,4.429457060118103
CHEMBL3585374,Cc1ccc2[nH]c3c(c2c1)CN(CCCCCCN1CCc2[nH]c4ccc(C)cc4c2C1)CC3,active,454.66200000000026,6.242840000000006,2,2,6.721246399047171
CHEMBL3585375,Cc1ccc2[nH]c3c(c2c1)CN(CCCCCCCN1CCc2[nH]c4ccc(C)cc4c2C1)CC3,active,468.68900000000025,6.632940000000007,2,2,6.161150909262744
CHEMBL231160,CCN(CCCCCCNC1=CC(=O)C(NCCCCCCN(CC)Cc2ccccc2OC)=CC1=O)Cc1ccccc1OC,inactive,632.8900000000003,6.2674000000000065,2,8,4.8124792791635365
CHEMBL3087676,O=C(Cc1ccccc1Nc1c(Cl)cccc1Cl)NCCCNCCCNC1=CC(=O)C(NCCCNCCCNC(=O)Cc2ccccc2Nc2c(Cl)cccc2Cl)=CC1=O,active,922.7859999999997,7.643400000000007,8,10,6.221848749616356
CHEMBL3586574,Cc1c(C)c2ccc(OCCCN(C)Cc3ccccc3)cc2oc1=O.Cl,active,387.907,4.7325400000000055,0,4,6.0
CHEMBL3586576,Cc1c(C)c2ccc(OCCCCN(C)Cc3ccccc3)cc2oc1=O,active,365.473,4.700840000000005,0,4,6.102372908709558
CHEMBL3586577,Cc1c(C)c2ccc(OCCCCCNCc3ccccc3)cc2oc1=O.Cl,active,401.934,5.170540000000005,1,4,6.522878745280337
CHEMBL3586582,Cc1c(C)c2ccc(OCCCCCCN(C)Cc3ccccc3)cc2oc1=O,active,393.52700000000004,5.481040000000005,0,4,6.468521082957745
CHEMBL3586583,CCN(CCCCCCOc1ccc2c(C)c(C)c(=O)oc2c1)Cc1ccccc1.Cl,active,444.01500000000016,6.292940000000007,0,4,6.356547323513812
CHEMBL3586592,CN(Cc1ccccc1)Cc1ccc(COc2ccc3ccc(=O)oc3c2)cc1,active,385.4630000000001,5.004000000000005,0,4,6.022276394711152
CHEMBL3586593,Cc1cc2ccc(OCc3ccc(CN(C)Cc4ccccc4)cc3)cc2oc1=O.Cl,active,435.9510000000001,5.734220000000005,0,4,6.301029995663981
CHEMBL3586594,Cc1cc(=O)oc2cc(OCc3ccc(CN(C)Cc4ccccc4)cc3)ccc12.Cl,active,435.9510000000001,5.734220000000006,0,4,6.040958607678906
CHEMBL3586595,Cc1c(C)c2ccc(OCc3ccc(CN(C)Cc4ccccc4)cc3)cc2oc1=O.Cl,active,449.978,6.042640000000006,0,4,6.346787486224656
CHEMBL3586600,Cc1cc(=O)oc2cc(OCc3ccc(CN(C)Cc4cccc(Cl)c4)cc3)ccc12.Cl,active,470.39600000000013,6.387620000000006,0,4,6.0
CHEMBL3586608,CN(Cc1ccccc1)Cc1ccc(COc2ccc3c(CO)cc(=O)oc3c2)cc1.Cl,active,451.9500000000001,4.918100000000005,1,5,6.920818753952375
CHEMBL3586610,CN(Cc1ccc(COc2ccc3c(CO)cc(=O)oc3c2)cc1)Cc1cccc(Cl)c1.Cl,active,486.39500000000015,5.571500000000006,1,5,6.481486060122113
CHEMBL502,COc1cc2c(cc1OC)C(=O)C(CC1CCN(Cc3ccccc3)CC1)C2,active,379.50000000000017,4.361100000000004,0,4,7.823908740944319
CHEMBL3586196,C[C@@]12CC[C@@H]3[C@](C)(CC[C@H](OC(=O)/C=C/c4ccc(O)cc4)[C@]3(C)C(=O)O)[C@H]1CC[C@H]1C(=CC[C@@H]3[C@]1(C)CC[C@@H](O)[C@]3(C)CO)C2,inactive,634.8540000000002,7.146700000000009,4,6,4.522878745280337
CHEMBL3586197,CC1(C)C(=O)CC[C@@]2(C)[C@H]1CC[C@@]1(C)CC3=CC(=O)[C@H]4C(C)(C)[C@H](O)CC[C@]4(C)[C@H]3CC[C@@H]12,inactive,454.6950000000003,6.526900000000008,1,3,4.97183558057553
CHEMBL3586199,CC(=O)O[C@H]1CC[C@@]2(C)[C@@H](CC[C@@]3(C)C[C@@]4(O)CC[C@H]5C(C)(C)[C@@H](OC(C)=O)CC[C@]5(C)[C@H]4CC[C@@H]32)C1(C)C,active,544.8170000000003,7.4761000000000095,1,5,6.040958607678906
CHEMBL3586201,CC1(C)[C@H](O)CC[C@@]2(C)[C@H]1CC[C@@]1(C)CC3=CC[C@H]4C(C)(C)[C@@H](O)CC[C@]4(C)[C@H]3CC[C@@H]12,inactive,442.72800000000024,7.139700000000009,2,2,4.522878745280337
CHEMBL3586202,C[C@@]12CC[C@@H]3[C@](C)(CC[C@H](O)[C@]3(C)C(=O)O)[C@H]1CC[C@H]1C(=CC(=O)[C@@H]3[C@]1(C)CC[C@@H](O)[C@]3(C)CO)C2,inactive,502.6920000000004,4.355800000000005,4,5,4.522878745280337
CHEMBL3586203,CC1(C)[C@H](O)CC[C@@]2(C)[C@H]1CC[C@@]1(C)CC3=CC[C@H]4C(C)(C)[C@H](O)CC[C@]4(C)[C@H]3CC[C@@H]12,inactive,442.72800000000024,7.139700000000009,2,2,4.522878745280337
CHEMBL506258,COC(=O)[C@]1(C)[C@@H]2CC[C@@]3(C)CC4=CC(=O)[C@@H]5[C@](C)(CC[C@@H](O)[C@]5(C)CO)[C@H]4CC[C@@H]3[C@@]2(C)CC[C@@H]1O,inactive,516.7190000000005,4.444200000000005,3,6,4.522878745280337
CHEMBL3586204,C[C@@]12CC[C@@H]3[C@](C)(CC[C@H](OC(=O)c4ccc(O)cc4)[C@]3(C)C(=O)O)[C@H]1CC[C@@H]1[C@@]3(C)CC[C@@H](O)[C@](C)(CO)[C@@H]3C[C@H](O)[C@@]1(O)C2,inactive,642.8300000000004,4.912700000000007,6,8,4.522878745280337
CHEMBL3586205,CC1(C)[C@@H](O)CC[C@@]2(C)[C@H]1CC[C@@]1(C)C[C@@]3(O)CC[C@H]4C(C)(C)[C@@H](O)CC[C@]4(C)[C@H]3CC[C@@H]12,inactive,460.7430000000003,6.334500000000008,3,3,4.522878745280337
CHEMBL3586206,CC1(C)[C@H](O)CC[C@]2(C)[C@H]3CC[C@H]4[C@@](C)(CC[C@@H]5[C@]4(C)CC[C@@H](O)[C@]5(C)C(=O)O)CC3=CC(=O)[C@@H]12,inactive,486.6930000000003,5.383400000000006,3,4,4.522878745280337
CHEMBL3586207,CCCC[C@@H](O)/C=C/C=C/C(=O)O,active,184.23499999999996,1.7345,2,2,6.657577319177793
CHEMBL295124,COc1ccc2cc3[n+](cc2c1OC)CCc1cc2c(cc1-3)OCO2,active,336.3670000000001,3.096300000000001,0,4,7.0
CHEMBL3585777,COc1ccc(C(C)NS(=O)(=O)NC(=O)OCc2ccccc2)cc1OC,active,394.4490000000001,2.5256000000000007,2,6,10.571055709964426
CHEMBL3585776,COc1ccc(C(C)NS(=O)(=O)NC(=O)OCc2ccccc2)cc1,active,364.42300000000006,2.5170000000000003,2,5,10.571055709964426
CHEMBL3585775,COc1ccccc1C(C)NS(=O)(=O)NC(=O)OCc1ccccc1,active,364.4230000000001,2.5170000000000003,2,5,10.571055709964426
CHEMBL3585778,COc1ccc(OC)c(C(C)NS(=O)(=O)NC(=O)OCc2ccccc2)c1,active,394.4490000000002,2.5256000000000007,2,6,10.571055709964426
CHEMBL3585779,COc1cccc(OC)c1C(C)NS(=O)(=O)NC(=O)OCc1ccccc1,active,394.4490000000001,2.5256000000000007,2,6,10.571055709964426
CHEMBL3585780,COc1ccccc1C(C)NS(N)(=O)=O,active,230.289,0.5493000000000001,2,3,10.571055709964426
CHEMBL3585781,COc1ccc(C(C)NS(N)(=O)=O)cc1,active,230.289,0.5493000000000001,2,3,10.571055709964426
CHEMBL3585782,COc1ccc(C(C)NS(N)(=O)=O)cc1OC,active,260.315,0.5579000000000003,2,4,10.571055709964426
CHEMBL3585783,COc1ccc(OC)c(C(C)NS(N)(=O)=O)c1,active,260.315,0.5579000000000003,2,4,10.571055709964426
CHEMBL3585784,COc1cccc(OC)c1C(C)NS(N)(=O)=O,active,260.315,0.5579000000000001,2,4,10.571055709964426
CHEMBL3597939,O=C(C[n+]1ccc(/C=N/O)cc1)Nc1nccs1.[Cl-],inactive,298.755,-2.118599999999999,2,5,2.6270879970298933
CHEMBL3597941,O=C(C[n+]1ccc(/C=N/O)cc1)Nc1nc(-c2ccccc2)cs1.[Cl-],inactive,374.85300000000007,-0.45159999999999956,2,5,3.0043648054024503
CHEMBL3597942,Cc1ccc(-c2csc(NC(=O)C[n+]3ccc(/C=N/O)cc3)n2)cc1.[Cl-],inactive,388.88,-0.14318000000000008,2,5,3.0132282657337552
CHEMBL3597944,COc1ccc(-c2csc(NC(=O)C[n+]3ccc(/C=N/O)cc3)n2)cc1.[I-],inactive,496.33000000000004,-0.44299999999999917,2,6,2.779891911959945
CHEMBL3597946,CCOC(=O)Cc1csc(NC(=O)C[n+]2ccc(/C=N/O)cc2)n1.[Cl-],inactive,384.845,-2.0129999999999972,2,7,2.643974142806877
CHEMBL3597948,CCOC(=O)c1csc(NC(=O)C[n+]2ccc(/C=N/O)cc2)n1.[Cl-],inactive,370.818,-1.941899999999998,2,7,2.6038006529042637
CHEMBL95,Nc1c2c(nc3ccccc13)CCCC2,active,198.26899999999992,2.695800000000001,1,2,6.522878745280337
CHEMBL599644,CN(Cc1ccccc1)Cc1ccc(/C=C2\CCc3cc(OCCCCCN4CCCCC4)ccc3C2=O)cc1,active,536.7600000000006,7.566100000000009,0,4,7.2839966563652006
CHEMBL3597548,CN(Cc1ccccc1)Cc1ccc(/C=C2\Cc3ccc(OCCCCCN4CCC(c5ccccc5)CC4)cc3C2=O)cc1,inactive,598.8310000000004,8.569700000000006,0,4,4.207608310501746
CHEMBL603256,CN(Cc1ccccc1)Cc1ccc(/C=C2\Cc3ccc(OCCCCCN4CCCCC4)cc3C2=O)cc1,active,522.7330000000005,7.176000000000008,0,4,6.698970004336019
CHEMBL659,COc1ccc2c3c1O[C@H]1C[C@@H](O)C=C[C@@]31CCN(C)C2,inactive,287.35900000000004,1.8503,1,4,4.045757490560675
CHEMBL3597068,COC(=O)C1=C(Nc2ccccc2)C[C@@H](c2ccc3c(c2)OCO3)N(c2ccccc2)[C@@H]1c1ccc2c(c1)OCO2,inactive,548.5950000000003,6.375900000000005,1,8,2.485452247339714
CHEMBL3597067,COC(=O)C1=C(Nc2ccccc2)C[C@@H](c2cccc([N+](=O)[O-])c2)N(c2ccccc2)[C@@H]1c1cccc([N+](=O)[O-])c1,inactive,550.5710000000003,6.734900000000006,1,8,3.2924298239020637
CHEMBL3597065,CCOC(=O)C1=C(Nc2ccc(Cl)cc2)C[C@@H](c2ccc(OC)cc2)N(c2ccc(Cl)cc2)[C@@H]1c1ccc(OC)cc1,inactive,603.5460000000003,8.632600000000002,1,6,3.42021640338319
CHEMBL3597064,COC(=O)C1=C(Nc2ccc(Br)cc2)C[C@@H](c2ccc(OC)cc2)N(c2ccc(Br)cc2)[C@@H]1c1ccc(OC)cc1,inactive,678.4210000000002,8.460700000000003,1,6,2.6655462488490693
CHEMBL3597063,COC(=O)C1=C(Nc2ccc(Br)cc2)C[C@@H](c2ccc(Cl)cc2)N(c2ccc(Br)cc2)[C@@H]1c1ccc(Cl)cc1,inactive,687.259,9.750299999999992,1,4,3.0555173278498313
CHEMBL3597062,CCOC(=O)C1=C(Nc2ccc(C)cc2)C[C@@H](c2ccc(Cl)cc2)N(c2ccc(C)cc2)[C@@H]1c1ccc(Cl)cc1,inactive,571.5480000000002,9.232239999999997,1,4,2.2684112348132612
CHEMBL3597061,COC(=O)C1=C(Nc2ccccc2)C[C@@H](c2ccc(Cl)cc2)N(c2ccccc2)[C@@H]1c1ccc(Cl)cc1,inactive,529.4670000000001,8.225300000000004,1,4,3.0555173278498313
CHEMBL3597060,CC(C)(C)OC(=O)C1=C(Nc2ccccc2)C[C@@H](c2ccccc2)N(c2ccccc2)[C@@H]1c1ccccc1,inactive,502.65800000000013,8.087200000000008,1,4,2.5543957967264026
CHEMBL3597059,COC(=O)C1=C(Nc2ccc(Cl)cc2)C[C@@H](c2ccc(F)cc2)N(c2ccc(Cl)cc2)[C@@H]1c1ccc(F)cc1,inactive,565.4470000000002,8.503500000000003,1,4,3.1487416512809245
CHEMBL3597058,COC(=O)C1=C(Nc2ccc(F)cc2)C[C@@H](c2ccc(F)cc2)N(c2ccc(F)cc2)[C@@H]1c1ccc(F)cc1,inactive,532.5370000000001,7.474900000000005,1,4,2.494850021680094
CHEMBL3597057,CCOC(=O)C1=C(Nc2ccccc2)C[C@@H](c2ccc(F)cc2)N(c2ccccc2)[C@@H]1c1ccc(F)cc1,inactive,510.5840000000002,7.586800000000006,1,4,3.408935392973501
CHEMBL3597056,CCOC(=O)C1=C(Nc2ccc(F)cc2)C[C@@H](c2ccc(Cl)cc2)N(c2ccc(F)cc2)[C@@H]1c1ccc(Cl)cc1,inactive,579.4740000000002,8.8936,1,4,3.2596373105057563
CHEMBL3597055,COC(=O)C1=C(Nc2ccc(F)cc2)C[C@@H](c2ccccc2)N(c2ccc(F)cc2)[C@@H]1c1ccccc1,inactive,496.55700000000013,7.196700000000005,1,4,1.8204482088348122
CHEMBL3597054,CCOC(=O)C1=C(Nc2ccc(C)cc2)C[C@@H](c2ccccc2)N(c2ccc(C)cc2)[C@@H]1c1ccccc1,inactive,502.6580000000002,7.925440000000007,1,4,2.285670240254767
CHEMBL3597010,CCOC(=O)C1=C(Nc2ccc(Cl)cc2)C[C@@H](c2ccccc2)N(c2ccc(Cl)cc2)[C@@H]1c1ccccc1,inactive,543.4940000000003,8.615400000000003,1,4,2.337242168318426
CHEMBL3597009,CCOC(=O)C1=C(Nc2ccc(OC)cc2)C[C@@H](c2ccccc2)N(c2ccc(OC)cc2)[C@@H]1c1ccccc1,inactive,534.6560000000003,7.325800000000007,1,6,2.6478174818886373
CHEMBL3597008,CCOC(=O)C1=C(Nc2ccc(OC)cc2)C[C@@H](c2ccc(C)cc2)N(c2ccc(OC)cc2)[C@@H]1c1ccc(C)cc1,inactive,562.7100000000003,7.942640000000008,1,6,2.3027706572402824
CHEMBL3597007,COC(=O)C1=C(Nc2ccc(OC)cc2)C[C@@H](c2ccc(C)cc2)N(c2ccc(OC)cc2)[C@@H]1c1ccc(C)cc1,inactive,548.6830000000002,7.552540000000008,1,6,2.2335871528876003
CHEMBL3597006,COC(=O)C1=C(Nc2ccc(Cl)cc2)C[C@@H](c2ccc(C)cc2)N(c2ccc(Cl)cc2)[C@@H]1c1ccc(C)cc1,inactive,557.5210000000002,8.842140000000002,1,4,2.6675615400843946
CHEMBL3597005,COC(=O)C1=C(Nc2ccc(Br)cc2)C[C@@H](c2ccc(C)cc2)N(c2ccc(Br)cc2)[C@@H]1c1ccc(C)cc1,inactive,646.4230000000001,9.06034,1,4,2.6055483191737836
CHEMBL3597004,COC(=O)C1=C(Nc2ccc(C)cc2)C[C@@H](c2ccc(C)cc2)N(c2ccc(C)cc2)[C@@H]1c1ccc(C)cc1,inactive,516.6850000000003,8.152180000000007,1,4,2.1687703061329366
CHEMBL3597003,CCOC(=O)C1=C(Nc2ccccc2)C[C@@H](c2ccc(C)cc2)N(c2ccccc2)[C@@H]1c1ccc(C)cc1,inactive,502.65800000000024,7.925440000000008,1,4,2.2533658010624213
CHEMBL3597002,COC(=O)C1=C(Nc2ccccc2)C[C@@H](c2ccc(C)cc2)N(c2ccccc2)[C@@H]1c1ccc(C)cc1,inactive,488.6310000000002,7.535340000000007,1,4,2.2418453780326097
CHEMBL3597001,COC(=O)C1=C(Nc2ccccc2)C[C@@H](c2ccccc2)N(c2ccccc2)[C@@H]1c1ccccc1,inactive,460.5770000000001,6.918500000000006,1,4,2.18575240426808
CHEMBL3597000,CCOC(=O)C1=C(Nc2ccccc2)C[C@@H](c2ccccc2)N(c2ccccc2)[C@@H]1c1ccccc1,inactive,474.60400000000016,7.308600000000006,1,4,2.530177984021837
CHEMBL3597055,COC(=O)C1=C(Nc2ccc(F)cc2)C[C@@H](c2ccccc2)N(c2ccc(F)cc2)[C@@H]1c1ccccc1,inactive,496.55700000000013,7.196700000000005,1,4,4.820000071285178
CHEMBL3597056,CCOC(=O)C1=C(Nc2ccc(F)cc2)C[C@@H](c2ccc(Cl)cc2)N(c2ccc(F)cc2)[C@@H]1c1ccc(Cl)cc1,active,579.4740000000002,8.8936,1,4,6.260000690598032
CHEMBL3597057,CCOC(=O)C1=C(Nc2ccccc2)C[C@@H](c2ccc(F)cc2)N(c2ccccc2)[C@@H]1c1ccc(F)cc1,active,510.5840000000002,7.586800000000006,1,4,6.409002212649285
CHEMBL3597059,COC(=O)C1=C(Nc2ccc(Cl)cc2)C[C@@H](c2ccc(F)cc2)N(c2ccc(Cl)cc2)[C@@H]1c1ccc(F)cc1,active,565.4470000000002,8.503500000000003,1,4,6.14899863389229
CHEMBL3597061,COC(=O)C1=C(Nc2ccccc2)C[C@@H](c2ccc(Cl)cc2)N(c2ccccc2)[C@@H]1c1ccc(Cl)cc1,active,529.4670000000001,8.225300000000004,1,4,6.056001243480467
CHEMBL3597063,COC(=O)C1=C(Nc2ccc(Br)cc2)C[C@@H](c2ccc(Cl)cc2)N(c2ccc(Br)cc2)[C@@H]1c1ccc(Cl)cc1,active,687.259,9.750299999999992,1,4,6.056001243480467
CHEMBL3597065,CCOC(=O)C1=C(Nc2ccc(Cl)cc2)C[C@@H](c2ccc(OC)cc2)N(c2ccc(Cl)cc2)[C@@H]1c1ccc(OC)cc1,active,603.5460000000003,8.632600000000002,1,6,6.41999931041096
CHEMBL3597068,COC(=O)C1=C(Nc2ccccc2)C[C@@H](c2ccc3c(c2)OCO3)N(c2ccccc2)[C@@H]1c1ccc2c(c1)OCO2,active,548.5950000000003,6.375900000000005,1,8,6.292004253577071
CHEMBL3600551,CC1=CC2Cc3nc4cc(Cl)ccc4c(NCCCCCCCCCCCCNc4c5c(nc6ccccc46)CCCC5)c3C(C1)C2,active,649.3670000000002,11.736199999999984,2,4,8.71669877129645
CHEMBL3600552,CC1=CC2Cc3nc4cc(Cl)ccc4c(NCCCCCCCCCCCCNc4c5c(nc6cc(Cl)ccc46)CCCC5)c3C(C1)C2,active,683.8120000000001,12.38959999999998,2,4,8.460923901207224
CHEMBL3600553,CC1=CC2Cc3nc4ccccc4c(NCCCCCCCCCCNc4c5c(nc6ccccc46)CCCC5)c3C(C1)C2,active,586.8680000000002,10.302599999999995,2,4,8.189767482004916
CHEMBL3600554,CC1=CC2Cc3nc4ccccc4c(NCCCCCCCCCCCCNc4c5c(nc6ccccc46)CCCC5)c3C(C1)C2,active,614.922,11.08279999999999,2,4,7.995678626217358
CHEMBL3600555,CC1=CC2Cc3nc4ccccc4c(NCCCCCCCCCCNc4c5c(nc6cc(Cl)ccc46)CCCC5)c3C(C1)C2,active,621.3129999999999,10.95599999999999,2,4,8.829738284605043
CHEMBL3600556,CC1=CC2Cc3nc4ccccc4c(NCCCCCCCCCCCCNc4c5c(nc6cc(Cl)ccc46)CCCC5)c3C(C1)C2,active,649.367,11.736199999999986,2,4,8.436518914605589
CHEMBL94,CNC(=O)Oc1ccc2c(c1)[C@]1(C)CCN(C)[C@@H]1N2C,active,275.352,1.7739,1,4,7.3979400086720375
CHEMBL3605437,CN(C)CCC[C@@]1(c2ccc(F)cc2)OCc2cc(-c3nnc(-c4ccc(-c5nnn[nH]5)cc4)[nH]3)ccc21,inactive,510.57700000000017,4.573500000000003,2,7,3.5991685508837747
CHEMBL3605436,COc1cc(-c2nnc(-c3ccc4c(c3)CO[C@@]4(CCCN(C)C)c3ccc(F)cc3)[nH]2)ccc1O,inactive,488.5630000000002,5.107600000000005,2,6,3.3010299956639813
CHEMBL3605434,COc1cccc(-c2nnc(-c3ccc4c(c3)CO[C@@]4(CCCN(C)C)c3ccc(F)cc3)[nH]2)c1,inactive,472.5640000000002,5.402000000000005,1,5,3.907384609058445
CHEMBL3605433,COc1ccccc1-c1nnc(-c2ccc3c(c2)CO[C@@]3(CCCN(C)C)c2ccc(F)cc2)[nH]1,inactive,472.56400000000025,5.402000000000005,1,5,3.792257947393055
CHEMBL3605432,CN(C)CCC[C@@]1(c2ccc(F)cc2)OCc2cc(-c3nnc(-c4ccc(I)cc4)[nH]3)ccc21,inactive,568.4340000000001,5.9980000000000055,1,4,3.3010299956639813
CHEMBL3605431,CN(C)CCC[C@@]1(c2ccc(F)cc2)OCc2cc(-c3nnc(-c4cccc(I)c4)[nH]3)ccc21,inactive,568.4340000000001,5.9980000000000055,1,4,3.3010299956639813
CHEMBL3605430,CN(C)CCC[C@@]1(c2ccc(F)cc2)OCc2cc(-c3nnc(-c4ccccc4I)[nH]3)ccc21,inactive,568.4340000000001,5.9980000000000055,1,4,3.5082042286864086
CHEMBL3605428,CN(C)CCC[C@@]1(c2ccc(F)cc2)OCc2cc(-c3nnc(-c4cccc(Br)c4)[nH]3)ccc21,inactive,521.4340000000001,6.155900000000005,1,4,3.3010299956639813
CHEMBL3605426,CN(C)CCC[C@@]1(c2ccc(F)cc2)OCc2cc(-c3nnc(-c4ccc(F)cc4)[nH]3)ccc21,inactive,460.52800000000013,5.532500000000005,1,4,3.583975595973466
CHEMBL3605425,CN(C)CCC[C@@]1(c2ccc(F)cc2)OCc2cc(-c3nnc(-c4cccc(F)c4)[nH]3)ccc21,inactive,460.52800000000013,5.532500000000005,1,4,3.3010299956639813
CHEMBL3605424,CN(C)CCC[C@@]1(c2ccc(F)cc2)OCc2cc(-c3nnc(-c4ccccc4F)[nH]3)ccc21,inactive,460.52800000000013,5.532500000000005,1,4,3.7269755661815354
CHEMBL3605422,CN(C)CCC[C@@]1(c2ccc(F)cc2)OCc2cc(-c3nnc(-c4cccc(Cl)c4)[nH]3)ccc21,inactive,476.9830000000001,6.0468000000000055,1,4,3.3845128816013417
CHEMBL3605419,Cc1cccc(-c2nnc(-c3ccc4c(c3)CO[C@@]4(CCCN(C)C)c3ccc(F)cc3)[nH]2)c1,inactive,456.5650000000002,5.701820000000005,1,4,3.8753979721066614
CHEMBL3605316,CN(C)CCC[C@@]1(c2ccc(F)cc2)OCc2cc(-c3nnc(-c4cccc([N+](=O)[O-])c4)[nH]3)ccc21,inactive,487.5350000000002,5.301600000000005,1,6,3.8593976919796678
CHEMBL3605314,CN(C)CCC[C@@]1(c2ccc(F)cc2)OCc2cc(-c3nnc(-c4ccc(O)cc4)[nH]3)ccc21,inactive,458.53700000000015,5.0990000000000055,2,5,3.4116610527660463
CHEMBL3605313,CN(C)CCC[C@@]1(c2ccc(F)cc2)OCc2cc(-c3nnc(-c4cccc(O)c4)[nH]3)ccc21,inactive,458.53700000000015,5.099000000000005,2,5,3.3010299956639813
CHEMBL3605310,CN(C)CCC[C@@]1(c2ccc(F)cc2)OCc2cc(-c3nnc(-c4cccc(N)c4)[nH]3)ccc21,inactive,457.55300000000017,4.975600000000004,2,5,3.3010299956639813
CHEMBL3605309,CN(C)CCC[C@@]1(c2ccc(F)cc2)OCc2cc(-c3nnc(-c4ccccc4N)[nH]3)ccc21,inactive,457.55300000000017,4.975600000000004,2,5,3.444035415258578
CHEMBL3605308,CN(C)CCC[C@@]1(c2ccc(F)cc2)OCc2cc(-c3nnc(-c4ccccc4)[nH]3)ccc21,inactive,442.5380000000001,5.393400000000005,1,4,3.3010299956639813
CHEMBL3604192,CN(C)c1ccc(C(=O)NCCNc2c3c(nc4ccccc24)CCCC3)cc1.Cl,active,424.97600000000017,4.443300000000004,2,4,6.847711655616943
CHEMBL3604193,CN(C)c1ccc(C(=O)NCCCNc2c3c(nc4ccccc24)CCCC3)cc1.Cl,active,439.0030000000002,4.833400000000005,2,4,7.721246399047171
CHEMBL3604194,CN(C)c1ccc(C(=O)NCCCCNc2c3c(nc4ccccc24)CCCC3)cc1.Cl,active,453.03000000000014,5.223500000000005,2,4,6.530177984021837
CHEMBL3604195,CN(C)c1ccc(C(=O)NCCCCCNc2c3c(nc4ccccc24)CCCC3)cc1.Cl,active,467.0570000000002,5.613600000000006,2,4,6.447331783887806
CHEMBL3604196,CN(C)c1ccc(C(=O)NCCCCCCNc2c3c(nc4ccccc24)CCCC3)cc1.Cl,active,481.08400000000023,6.003700000000007,2,4,7.1938200260161125
CHEMBL3604197,CN(C)c1ccc(C(=O)NCCCCCCCNc2c3c(nc4ccccc24)CCCC3)cc1.Cl,active,495.11100000000016,6.393800000000008,2,4,7.1249387366083
CHEMBL3604198,CN(C)c1ccc(C(=O)NCCCCCCCCNc2c3c(nc4ccccc24)CCCC3)cc1.Cl,active,509.1380000000002,6.783900000000008,2,4,7.113509274827518
CHEMBL3604199,CN(C)c1ccc(C(=O)NCCCCCCCCCNc2c3c(nc4ccccc24)CCCC3)cc1.Cl,active,523.1650000000003,7.174000000000008,2,4,6.903089986991944
CHEMBL95,Nc1c2c(nc3ccccc13)CCCC2,active,198.26899999999992,2.695800000000001,1,2,6.300162274132754
CHEMBL3604192,CN(C)c1ccc(C(=O)NCCNc2c3c(nc4ccccc24)CCCC3)cc1.Cl,inactive,424.97600000000017,4.443300000000004,2,4,4.91721462968355
CHEMBL131051,CSc1nc(-c2ccc(OC(F)(F)F)cc2)nn1C(=O)N(C)c1ccccc1,inactive,408.4050000000001,4.670100000000003,0,6,1.3010299956639813
CHEMBL130478,CSc1nc(-c2ccc(OC(F)(F)F)cc2)nn1C(=O)N(C)C,inactive,346.33400000000006,3.095300000000001,0,6,3.6989700043360187
CHEMBL812,CN(C)C(=O)Oc1ccc[n+](C)c1.[Br-],active,261.11899999999997,-2.4244999999999974,0,2,6.455931955649724
CHEMBL3621334,CC[N+]1(Cc2ccccc2[N+](=O)[O-])CCCCCn2c(C)cc(=O)n(c2=O)CCCCC[N+](CC)(Cc2ccccc2[N+](=O)[O-])CCCCCn2c(=O)cc(C)n(c2=O)CCCCC1.[Br-].[Br-],active,1046.9439999999995,1.2434400000000079,0,12,6.886056647693163
CHEMBL3621333,CC[N+]1(Cc2ccccc2[N+](=O)[O-])CCCCCn2c(C)cc(=O)n(c2=O)CCCCC[N+](CC)(Cc2ccccc2[N+](=O)[O-])Cc2ccc(cc2)C1.[Br-].[Br-],active,886.7270000000002,1.2710200000000056,0,8,8.154901959985743
CHEMBL3621332,CC[N+]1(Cc2ccccc2[N+](=O)[O-])CCCCCC[N+](CC)(Cc2ccccc2[N+](=O)[O-])CCCCCn2c(=O)cc(C)n(c2=O)CCCCC1.[Br-].[Br-],active,866.7369999999999,1.1312200000000066,0,8,7.229147988357855
CHEMBL3621322,CC[N+](CC)(CCCCCn1c(C)cc(=O)n(CCCCC[N+](CC)(CC)Cc2ccccc2[N+](=O)[O-])c1=O)Cc1ccccc1[N+](=O)[O-].[Br-].[Br-],active,840.6990000000003,0.5970200000000063,0,8,9.853871964321762
CHEMBL3623558,CCC(CC)n1cc(C(=O)C(F)F)cn1,active,216.231,2.692000000000001,0,3,7.540607512240769
CHEMBL3623557,CCCC(C)n1cc(C(=O)C(F)F)cn1,active,216.231,2.692000000000001,0,3,6.826813731587726
CHEMBL3623556,CCC(C)n1cc(C(=O)C(F)F)cn1,active,202.20399999999998,2.3019000000000007,0,3,6.958607314841775
CHEMBL3623555,CC(C)n1cc(C(=O)C(F)F)cn1,active,188.17699999999996,1.9118,0,3,6.095825631715837
CHEMBL3623554,CC(C)(C)c1cccc(C(=O)C(F)F)c1,active,212.23899999999995,3.4319000000000024,0,1,8.21824462534753
CHEMBL3623553,CC(C)Cn1cc(C(=O)C(F)(F)F)cn1,active,220.19399999999996,2.2841000000000005,0,3,6.228412519118745
CHEMBL3623552,O=C(c1cnn(C2CCCC2)c1)C(F)(F)F,active,232.20499999999996,2.7432000000000016,0,3,8.2839966563652
CHEMBL3623551,CCC(CC)n1cc(C(=O)C(F)(F)F)cn1,active,234.22099999999998,2.989200000000001,0,3,8.423658649794207
CHEMBL3623550,CCCC(C)n1cc(C(=O)C(F)(F)F)cn1,active,234.22099999999998,2.989200000000001,0,3,8.145693958198919
CHEMBL3623549,CCC(C)n1cc(C(=O)C(F)(F)F)cn1,active,220.19399999999996,2.599100000000001,0,3,8.1890957193313
CHEMBL3623548,CC(C)n1cc(C(=O)C(F)(F)F)cn1,active,206.16699999999997,2.2090000000000005,0,3,7.110698297493689
CHEMBL89354,CC(C)(C)c1cccc(C(=O)C(F)(F)F)c1,active,230.22899999999993,3.7291000000000025,0,1,7.835647144215563
CHEMBL3137700,C[Si](C)(C)c1cccc(C(=O)C(F)(F)F)c1,active,246.30399999999992,2.9768000000000017,0,1,6.54515513999149
CHEMBL3623563,CCC(C)n1cc(C(=O)CF)cn1,inactive,184.21399999999997,2.0063,0,3,4.772113295386326
CHEMBL3623562,CC(C)n1cc(C(=O)CF)cn1,inactive,170.18699999999998,1.6162,0,3,5.0
CHEMBL3623561,CC(C)(C)c1cccc(C(=O)CF)c1,active,194.24899999999994,3.136300000000002,0,1,6.2380721615794705
CHEMBL3623559,O=C(c1cnn(C2CCCC2)c1)C(F)F,active,214.21499999999997,2.4460000000000006,0,3,6.681936665037238
CHEMBL3623551,CCC(CC)n1cc(C(=O)C(F)(F)F)cn1,active,234.22099999999998,2.989200000000001,0,3,8.643974142806877
CHEMBL3623550,CCCC(C)n1cc(C(=O)C(F)(F)F)cn1,active,234.22099999999998,2.989200000000001,0,3,8.07727454200674
CHEMBL3623549,CCC(C)n1cc(C(=O)C(F)(F)F)cn1,active,220.19399999999996,2.599100000000001,0,3,8.053547734986926
CHEMBL3623548,CC(C)n1cc(C(=O)C(F)(F)F)cn1,active,206.16699999999997,2.2090000000000005,0,3,6.91721462968355
CHEMBL89354,CC(C)(C)c1cccc(C(=O)C(F)(F)F)c1,active,230.22899999999993,3.7291000000000025,0,1,8.301029995663981
CHEMBL3137700,C[Si](C)(C)c1cccc(C(=O)C(F)(F)F)c1,active,246.30399999999992,2.9768000000000017,0,1,7.031984286006358
CHEMBL167911,COP(=O)(OC)OC=C(Cl)Cl,active,220.976,2.6804000000000006,0,4,6.202732459169283
CHEMBL446060,CNC(=O)Oc1ccccc1OC(C)C,active,209.24499999999998,2.192,1,3,6.229147988357855
CHEMBL3623567,CC(C)Cn1cc(C(=O)CF)cn1,inactive,184.21399999999997,1.6913,0,3,5.0
CHEMBL3623564,CCCC(C)n1cc(C(=O)CF)cn1,inactive,198.24099999999999,2.3964000000000008,0,3,4.616184634019569
CHEMBL3623552,O=C(c1cnn(C2CCCC2)c1)C(F)(F)F,active,232.20499999999996,2.7432000000000016,0,3,8.213958789757445
CHEMBL3623553,CC(C)Cn1cc(C(=O)C(F)(F)F)cn1,active,220.19399999999996,2.2841000000000005,0,3,6.168770306132936
CHEMBL3623554,CC(C)(C)c1cccc(C(=O)C(F)F)c1,active,212.23899999999995,3.4319000000000024,0,1,8.060980223551333
CHEMBL3623555,CC(C)n1cc(C(=O)C(F)F)cn1,active,188.17699999999996,1.9118,0,3,6.060980223551334
CHEMBL3623556,CCC(C)n1cc(C(=O)C(F)F)cn1,active,202.20399999999998,2.3019000000000007,0,3,7.066006836168758
CHEMBL3623557,CCCC(C)n1cc(C(=O)C(F)F)cn1,active,216.231,2.692000000000001,0,3,6.801342913045577
CHEMBL3623558,CCC(CC)n1cc(C(=O)C(F)F)cn1,active,216.231,2.692000000000001,0,3,7.453457336521869
CHEMBL3623559,O=C(c1cnn(C2CCCC2)c1)C(F)F,active,214.21499999999997,2.4460000000000006,0,3,6.61261017366127
CHEMBL3623560,CC(C)Cn1cc(C(=O)C(F)F)cn1,inactive,202.20399999999998,1.9869,0,3,4.958607314841775
CHEMBL3623561,CC(C)(C)c1cccc(C(=O)CF)c1,active,194.24899999999994,3.136300000000002,0,1,6.145693958198919
CHEMBL3623562,CC(C)n1cc(C(=O)CF)cn1,inactive,170.18699999999998,1.6162,0,3,5.0
CHEMBL3623563,CCC(C)n1cc(C(=O)CF)cn1,inactive,184.21399999999997,2.0063,0,3,4.7447274948966935
CHEMBL3623564,CCCC(C)n1cc(C(=O)CF)cn1,inactive,198.24099999999999,2.3964000000000008,0,3,4.7544873321858505
CHEMBL3623567,CC(C)Cn1cc(C(=O)CF)cn1,inactive,184.21399999999997,1.6913,0,3,5.0
CHEMBL3628053,O=C(NCCc1c[nH]c2ccccc12)c1ccc[n+](Cc2ccccc2)c1.[Br-],inactive,436.3530000000001,0.4802000000000002,2,1,4.515700160653214
CHEMBL3628054,O=C(NCCc1c[nH]c2ccccc12)c1ccc[n+](Cc2ccccc2F)c1.[Br-],inactive,454.34300000000013,0.6192999999999997,2,1,4.543633966870957
CHEMBL3628061,N#Cc1ccc(C[n+]2ccc(C(=O)NCCc3c[nH]c4ccccc34)cc2)cc1.[Br-],inactive,461.36300000000006,0.3518800000000004,2,2,4.640164517660112
CHEMBL3628066,COc1ccc2[nH]cc(CCNC(=O)/C=C/c3cc[n+](Cc4ccccc4F)cc3)c2c1.[Br-],active,510.4070000000001,1.0274999999999994,2,2,6.585026652029182
CHEMBL3628067,COc1ccc2[nH]cc(CCNC(=O)/C=C/c3cc[n+](Cc4cccc(F)c4)cc3)c2c1.[Br-],active,510.4070000000001,1.0274999999999994,2,2,6.958607314841775
CHEMBL3628183,COc1ccc2[nH]cc(CCNC(=O)/C=C/c3cc[n+](Cc4ccc(F)cc4)cc3)c2c1.[Br-],active,510.4070000000001,1.0274999999999994,2,2,6.6777807052660805
CHEMBL3628184,COc1ccc2[nH]cc(CCNC(=O)CCc3cc[n+](Cc4ccccc4F)cc3)c2c1.[Br-],active,512.423,0.946900000000001,2,2,6.275724130399211
CHEMBL3628185,COc1ccc2[nH]cc(CCNC(=O)CCc3cc[n+](Cc4cccc(F)c4)cc3)c2c1.[Br-],active,512.423,0.946900000000001,2,2,6.356547323513812
CHEMBL3628186,COc1ccc2[nH]cc(CCNC(=O)CCc3cc[n+](Cc4ccc(F)cc4)cc3)c2c1.[Br-],active,512.423,0.946900000000001,2,2,6.236572006437063
CHEMBL502,COc1cc2c(cc1OC)C(=O)C(CC1CCN(Cc3ccccc3)CC1)C2,active,379.50000000000017,4.361100000000004,0,4,7.853871964321762
CHEMBL1255901,C/C=C1\[C@H]2C=C(C)C[C@@]1(N)c1ccc(=O)[nH]c1C2,active,242.32199999999997,1.9975,2,2,8.301029995663981
CHEMBL659,COc1ccc2c3c1O[C@H]1C[C@@H](O)C=C[C@@]31CCN(C)C2,active,287.35900000000004,1.8503,1,4,6.455931955649724
CHEMBL636,CCN(C)C(=O)Oc1cccc([C@H](C)N(C)C)c1,active,250.34199999999998,2.7597000000000014,0,3,7.267606240177032
CHEMBL95,Nc1c2c(nc3ccccc13)CCCC2,active,198.26899999999992,2.695800000000001,1,2,6.698970004336019
CHEMBL3632858,COc1cc(-c2cc3c(c(=O)o2)C[C@]2(O)[C@@]4(C)C(=O)C=CC(C)(C)[C@]4(O)CC[C@@]2(C)O3)cc(OC)c1O,active,512.5550000000004,3.150600000000002,3,9,8.167491087293763
CHEMBL24686,COc1cc(-c2cc3c(c(=O)o2)C[C@]2(O)[C@@]4(C)C(=O)C=CC(C)(C)[C@]4(O)CC[C@@]2(C)O3)cc(OC)c1OC,active,526.5820000000003,3.4536000000000024,2,9,8.119186407719209
CHEMBL3632857,COc1ccc(-c2cc3c(c(=O)o2)C[C@]2(O)[C@@]4(C)[C@@H](O)C[C@@H](OC(C)=O)C(C)(C)[C@]4(O)CC[C@@]2(C)O3)cc1,inactive,528.5980000000004,2.993800000000002,3,9,4.0
CHEMBL3632856,COc1ccc(-c2cc3c(c(=O)o2)C[C@@H]2[C@@]4(C)CCC(=O)C(C)(C)[C@@H]4CC[C@@]2(C)O3)cc1,inactive,436.54800000000023,5.430600000000005,0,5,4.0
CHEMBL3632855,COc1ccc(-c2cc3c(c(=O)o2)C[C@@H]2[C@@]4(C)CC[C@H](O)C(C)(C)[C@@H]4CC[C@@]2(C)O3)cc1,inactive,438.5640000000002,5.222400000000005,1,5,4.0
CHEMBL3632854,COc1ccc(-c2cc3c(c(=O)o2)C[C@H]2[C@@](C)(CC[C@@]4(O)C(C)(C)[C@H](O)CC[C@]24C)O3)cc1,inactive,454.5630000000002,4.337300000000004,2,6,4.0
CHEMBL278342,COc1ccc(-c2cc3c(c(=O)o2)C[C@]2(O)[C@@]4(C)C(=O)C=CC(C)(C)[C@]4(O)CC[C@@]2(C)O3)cc1,active,466.53000000000026,3.4364000000000026,2,7,7.58838029403677
CHEMBL283509,COc1ccc(-c2cc3c(c(=O)o2)C[C@]2(O)[C@@]4(C)C(=O)C=CC(C)(C)[C@]4(O)CC[C@@]2(C)O3)cc1OC,active,496.5560000000003,3.445000000000002,2,8,9.0
CHEMBL283509,COc1ccc(-c2cc3c(c(=O)o2)C[C@]2(O)[C@@]4(C)C(=O)C=CC(C)(C)[C@]4(O)CC[C@@]2(C)O3)cc1OC,active,496.5560000000003,3.445000000000002,2,8,9.0
CHEMBL3632848,COc1ccc2nc3c(c(NCCCCCNC(=O)C4(C)CCc5c(C)c(O)c(C)c(C)c5O4)c2c1)CCCC3,inactive,545.7240000000003,6.235360000000007,3,6,4.876475019057268
CHEMBL3632987,Cc1c(C)c2c(c(C)c1O)CCC(C)(C(=O)NCCCNc1c3c(nc4ccccc14)CCCC3)O2,active,487.64400000000035,5.446560000000004,3,5,6.585026652029182
CHEMBL3410952,Cc1c(C)c2c(c(C)c1O)CCC(C)(C(=O)NCCCCNc1c3c(nc4ccccc14)CCCC3)O2,active,501.6710000000004,5.836660000000005,3,5,6.022276394711152
CHEMBL3410953,Cc1c(C)c2c(c(C)c1O)CCC(C)(C(=O)NCCCCCNc1c3c(nc4ccccc14)CCCC3)O2,active,515.6980000000004,6.226760000000006,3,5,6.2076083105017466
CHEMBL3410954,Cc1c(C)c2c(c(C)c1O)CCC(C)(C(=O)NCCCCCCNc1c3c(nc4ccccc14)CCCC3)O2,active,529.7250000000005,6.616860000000006,3,5,6.443697499232712
CHEMBL3410955,Cc1c(C)c2c(c(C)c1O)CCC(C)(C(=O)NCCCCCCCNc1c3c(nc4ccccc14)CCCC3)O2,active,543.7520000000004,7.006960000000007,3,5,6.161150909262744
CHEMBL3410956,Cc1c(C)c2c(c(C)c1O)CCC(C)(C(=O)NCCCCCCCCNc1c3c(nc4ccccc14)CCCC3)O2,active,557.7790000000003,7.397060000000008,3,5,6.161150909262744
CHEMBL3632988,Cc1c(C)c2c(c(C)c1O)CCC(C)(C(=O)NCCNc1c3c(nc4cc(Cl)ccc14)CCCC3)O2,active,508.0620000000003,5.709860000000004,3,5,6.6777807052660805
CHEMBL3632989,Cc1c(C)c2c(c(C)c1O)CCC(C)(C(=O)NCCCNc1c3c(nc4cc(Cl)ccc14)CCCC3)O2,active,522.0890000000003,6.099960000000006,3,5,7.096910013008056
CHEMBL3632990,Cc1c(C)c2c(c(C)c1O)CCC(C)(C(=O)NCCCCNc1c3c(nc4cc(Cl)ccc14)CCCC3)O2,active,536.1160000000003,6.490060000000006,3,5,6.823908740944319
CHEMBL3632991,Cc1c(C)c2c(c(C)c1O)CCC(C)(C(=O)NCCCCCNc1c3c(nc4cc(Cl)ccc14)CCCC3)O2,active,550.1430000000003,6.880160000000007,3,5,6.920818753952375
CHEMBL3632992,Cc1c(C)c2c(c(C)c1O)CCC(C)(C(=O)NCCCCCCNc1c3c(nc4cc(Cl)ccc14)CCCC3)O2,active,564.1700000000002,7.2702600000000075,3,5,7.0
CHEMBL3632993,Cc1c(C)c2c(c(C)c1O)CCC(C)(C(=O)NCCCCCCCNc1c3c(nc4cc(Cl)ccc14)CCCC3)O2,active,578.1970000000001,7.660360000000009,3,5,7.096910013008056
CHEMBL3632994,Cc1c(C)c2c(c(C)c1O)CCC(C)(C(=O)NCCCCCCCCNc1c3c(nc4cc(Cl)ccc14)CCCC3)O2,active,592.224,8.050460000000008,3,5,7.096910013008056
CHEMBL95,Nc1c2c(nc3ccccc13)CCCC2,active,198.26899999999992,2.695800000000001,1,2,6.494850021680094
CHEMBL1256415,COc1ccc2nc3c(c(N)c2c1)CCCC3,inactive,228.29499999999993,2.7044000000000006,1,3,5.0
CHEMBL292314,Nc1c2c(nc3cc(Cl)ccc13)CCCC2,active,232.71399999999994,3.3492000000000015,1,2,7.698970004336019
CHEMBL153,Cc1c(C)c2c(c(C)c1O)CCC(C)(C(=O)O)O2,inactive,250.29399999999995,2.48576,2,3,3.7295540919820374
CHEMBL3642057,CC(=O)NCCc1c[nH]c2ccc(OC(=O)NCCCCCCCCCCCCNc3c4c(nc5ccc(Cl)cc35)CCCC4)cc12,active,660.3030000000002,9.028400000000001,4,5,8.154901959985743
CHEMBL3642042,CC(=O)NCCc1c[nH]c2ccc(OC(=O)NCCCCCCNc3c4c(nc5ccccc35)CCCC4)cc12,active,541.6960000000004,6.034400000000005,4,5,6.748653840411419
CHEMBL3642053,CC(=O)NCCc1c[nH]c2ccc(OC(=O)NCCCCCCCCCCCCNc3c4c(nc5ccccc35)CCCC4)cc12,active,625.8580000000003,8.375000000000005,4,5,8.42021640338319
CHEMBL3642043,CC(=O)NCCc1c[nH]c2ccc(OC(=O)NCCCCCCCNc3c4c(nc5cc(Cl)ccc35)CCCC4)cc12,active,590.1680000000001,7.077900000000007,4,5,8.113509274827518
CHEMBL3642045,CC(=O)O[C@@]12CCN(C(C)=O)[C@@H]1N(C(C)=O)c1ccc(OC(=O)NCCCCCCNc3c4c(nc5ccccc35)CCCC4)cc12,active,641.7690000000001,5.5777000000000045,2,8,7.434034182553333
CHEMBL3642054,CC(=O)NCCc1c[nH]c2ccc(OC(=O)NCCCCCCCCCCNc3c4c(nc5ccc(Cl)cc35)CCCC4)cc12,active,632.2490000000001,8.248200000000006,4,5,8.844663962534938
CHEMBL3642047,CC(=O)NCCc1c[nH]c2ccc(OC(=O)NCCCCNc3c4c(nc5ccccc35)CCCC4)cc12,active,513.6420000000004,5.254200000000005,4,5,6.423037028514311
CHEMBL3642049,CC(=O)NCCc1c[nH]c2ccc(OC(=O)NCCCCCCCCNc3c4c(nc5ccccc35)CCCC4)cc12,active,569.7500000000002,6.814600000000007,4,5,8.336299074610352
CHEMBL3642046,CC(=O)NCCc1c[nH]c2ccc(OC(=O)NCCCNc3c4c(nc5ccccc35)CCCC4)cc12,active,499.6150000000004,4.864100000000004,4,5,6.569151260487084
CHEMBL3642050,CC(=O)NCCc1c[nH]c2ccc(OC(=O)NCCCCCCCNc3c4c(nc5ccc(Cl)cc35)CCCC4)cc12,active,590.1680000000001,7.077900000000007,4,5,7.399244850360382
CHEMBL3642052,CC(=O)NCCc1c[nH]c2ccc(OC(=O)NCCCCCCCCCCNc3c4c(nc5ccccc35)CCCC4)cc12,active,597.8040000000002,7.594800000000009,4,5,8.928117992693874
CHEMBL3642055,CC(=O)NCCc1c[nH]c2ccc(OC(=O)NCCCCCCCCCCNc3c4c(nc5cc(Cl)ccc35)CCCC4)cc12,active,632.2490000000001,8.248200000000006,4,5,8.09151498112135
CHEMBL3642044,CC(=O)NCCc1c[nH]c2ccc(OC(=O)NCCNc3c4c(nc5cc(Cl)ccc35)CCCC4)cc12,active,520.0330000000004,5.127400000000004,4,5,7.697885623043799
CHEMBL3642040,CC(=O)NCCc1c[nH]c2ccc(OC(=O)NCCCCCCCNc3c4c(nc5ccccc35)CCCC4)cc12,active,555.7230000000003,6.424500000000006,4,5,7.471468939364589
CHEMBL3642048,CC(=O)NCCc1c[nH]c2ccc(OC(=O)NCCCCCNc3c4c(nc5ccccc35)CCCC4)cc12,active,527.6690000000004,5.644300000000006,4,5,6.729460905739452
CHEMBL3642056,CC(=O)NCCc1c[nH]c2ccc(OC(=O)NCCCCCCCCCCCCNc3c4c(nc5cc(Cl)ccc35)CCCC4)cc12,active,660.3030000000002,9.028400000000001,4,5,7.59176003468815
CHEMBL3734787,CCOP1(=O)OC(C)=C(C(=O)OC)CCC1(F)F,inactive,284.19499999999994,3.066200000000002,0,5,4.0
CHEMBL592624,COC(=O)C1=C(C)OP(=O)(OC)CCC1,inactive,234.18799999999993,2.0833,0,5,4.585026652029182
CHEMBL3734787,CCOP1(=O)OC(C)=C(C(=O)OC)CCC1(F)F,inactive,284.19499999999994,3.066200000000002,0,5,4.0
CHEMBL592624,COC(=O)C1=C(C)OP(=O)(OC)CCC1,inactive,234.18799999999993,2.0833,0,5,4.920818753952375
CHEMBL592433,CO[P@]1(=O)CC[C@H]2COC(=O)C2=C(C)O1,inactive,232.17199999999994,1.6931999999999998,0,5,4.522878745280337
CHEMBL3401159,CO[P@]1(=O)OC[C@@H]2COC(=O)C2=C(C)O1,active,234.14399999999995,1.2347,0,6,7.455931955649724
CHEMBL603622,CO[P@]1(=O)OC[C@H]2COC(=O)C2=C(C)O1,active,234.14399999999995,1.2347,0,6,7.3979400086720375
CHEMBL603622,CO[P@]1(=O)OC[C@H]2COC(=O)C2=C(C)O1,active,234.14399999999995,1.2347,0,6,7.346787486224656
CHEMBL3752974,CC(C)NCc1cccc2[nH]c3ccccc3c12,inactive,238.334,3.8191000000000024,2,1,4.7447274948966935
CHEMBL3754631,COc1cc(/C=C/C(=O)N(Cc2cccc3[nH]c4ccccc4c23)C(C)C)ccc1O,inactive,414.5050000000001,5.485700000000006,2,3,4.657577319177793
CHEMBL3752908,I.ICC1CN=C(Nc2ccccn2)S1,inactive,447.08300000000014,3.017900000000001,1,4,4.1487416512809245
CHEMBL3754585,Br.BrCC1CN=C(Nc2ccccn2)S1,inactive,353.08299999999997,2.9377000000000004,1,4,3.958607314841775
CHEMBL3754622,Clc1ccc(CN(Cc2cccnc2)C2=NCC(CI)S2)cc1.I,inactive,585.6800000000001,5.261600000000003,0,4,4.0
CHEMBL3752710,COc1ccc(CN(Cc2ccccc2)C2=NCC(CI)S2)cc1OC.I,inactive,610.2990000000002,5.230400000000006,0,5,4.0
CHEMBL95,Nc1c2c(nc3ccccc13)CCCC2,active,198.26899999999992,2.695800000000001,1,2,7.102372908709558
CHEMBL502,COc1cc2c(cc1OC)C(=O)C(CC1CCN(Cc3ccccc3)CC1)C2,active,379.50000000000017,4.361100000000004,0,4,7.657577319177793
CHEMBL189886,O=C(C(=O)c1ccccc1)c1ccccc1,inactive,210.232,2.752200000000001,0,2,4.0
CHEMBL3754480,O=C(NCCCCCCCNc1c2c(nc3ccccc13)CCCCC2)c1cc2ccccc2o1,active,469.62900000000036,7.042300000000006,2,4,6.490797477668897
CHEMBL3754739,COc1cccc2cc(C(=O)NCCCCCCCNc3c4c(nc5ccccc35)CCC4)oc12,active,471.6010000000002,6.270700000000006,2,5,6.0030507515046185
CHEMBL3752926,COc1cccc2cc(C(=O)NCCCCCCCNc3c4c(nc5ccccc35)CCCC4)oc12,active,485.62800000000027,6.660800000000006,2,5,7.354577730650908
CHEMBL3754146,COc1cccc2cc(C(=O)NCCCCCCCNc3c4c(nc5ccccc35)CCCCC4)oc12,active,499.6550000000003,7.050900000000007,2,5,6.380906669373257
CHEMBL3751941,c1ccc2oc(CNCCCCCCNc3c4c(nc5ccccc35)CCC4)cc2c1,active,413.56500000000017,6.231800000000005,2,4,7.327902142064283
CHEMBL3752356,COc1cccc2cc(CNCCCCCCNc3c4c(nc5ccccc35)CCC4)oc12,active,443.59100000000024,6.2404000000000055,2,5,7.199970640755866
CHEMBL3752969,COc1cccc2cc(CNCCCCCCNc3c4c(nc5ccccc35)CCCC4)oc12,active,457.6180000000003,6.630500000000006,2,5,7.815308569182402
CHEMBL3752543,c1ccc2oc(CNCCCCCCCNc3c4c(nc5ccccc35)CCC4)cc2c1,active,427.59200000000016,6.6219000000000054,2,4,7.966576244513051
CHEMBL3752467,c1ccc2oc(CNCCCCCCCNc3c4c(nc5ccccc35)CCCC4)cc2c1,active,441.6190000000002,7.012000000000007,2,4,9.065501548756432
CHEMBL3753405,COc1cccc2cc(CNCCCCCCCNc3c4c(nc5ccccc35)CCCCC4)oc12,active,485.67200000000025,7.4107000000000065,2,5,8.59176003468815
CHEMBL3753957,COc1cccc2cc(CN(CCCCCCNc3c4c(nc5ccccc35)CCCC4)Cc3cc4cccc(OC)c4o3)oc12,active,617.7900000000003,9.297899999999998,1,7,6.585026652029182
CHEMBL3752384,c1ccc2oc(CN(CCCCCCCNc3c4c(nc5ccccc35)CCC4)Cc3cc4ccccc4o3)cc2c1,active,557.7380000000003,9.2807,1,5,6.653647025549361
CHEMBL3753360,c1ccc2oc(CN(CCCCCCCNc3c4c(nc5ccccc35)CCCC4)Cc3cc4ccccc4o3)cc2c1,active,571.7650000000003,9.670799999999996,1,5,6.931814138253839
CHEMBL3754672,c1ccc2oc(CN(CCCCCCCNc3c4c(nc5ccccc35)CCCCC4)Cc3cc4ccccc4o3)cc2c1,active,585.7920000000004,10.060899999999995,1,5,6.698970004336019
CHEMBL3754005,COc1cccc2cc(CN(CCCCCCCNc3c4c(nc5ccccc35)CCCCC4)Cc3cc4cccc(OC)c4o3)oc12,active,645.8440000000003,10.078099999999996,1,7,6.701146923590294
CHEMBL95,Nc1c2c(nc3ccccc13)CCCC2,active,198.26899999999992,2.695800000000001,1,2,6.372634143407267
CHEMBL3752685,Cl.Cl.c1ccc2c(NCCCCCCCNc3c4c(nc5ccccc35)CCCC4)c3c(nc2c1)CCCC3,active,565.633,8.858700000000002,2,4,9.09151498112135
CHEMBL3751866,O=C(NCCCCCCCNc1c2c(nc3ccccc13)CCCC2)c1cc2ccccc2o1,active,455.6020000000003,6.652200000000006,2,4,7.114073660198569
CHEMBL3754291,O=C(NCCCCCCCNc1c2c(nc3ccccc13)CCC2)c1cc2ccccc2o1,active,441.5750000000003,6.2621000000000056,2,4,7.313363730737707
CHEMBL3752119,COc1cccc2cc(C(=O)NCCCCCCNc3c4c(nc5ccccc35)CCCCC4)oc12,active,485.62800000000027,6.660800000000006,2,5,7.490797477668897
CHEMBL3753850,COc1cccc2cc(C(=O)NCCCCCCNc3c4c(nc5ccccc35)CCCC4)oc12,active,471.6010000000002,6.270700000000006,2,5,7.61261017366127
CHEMBL3753706,O=C(NCCCCCCNc1c2c(nc3ccccc13)CCCCC2)c1cc2ccccc2o1,active,455.6020000000004,6.652200000000006,2,4,6.511449283499556
CHEMBL3752451,O=C(NCCCCCCNc1c2c(nc3ccccc13)CCCC2)c1cc2ccccc2o1,active,441.57500000000033,6.2621000000000056,2,4,6.372634143407267
CHEMBL3752555,O=C(NCCCCCCNc1c2c(nc3ccccc13)CCC2)c1cc2ccccc2o1,active,427.5480000000003,5.872000000000005,2,4,6.2636034977233574
CHEMBL95,Nc1c2c(nc3ccccc13)CCCC2,active,198.26899999999992,2.695800000000001,1,2,6.481486060122113
CHEMBL3759013,CC[C@H]1O[C@@H]2O[C@H](/C=C/C=C/C=C/c3oc(=O)cc(OC/C=C(\C)C(=O)OC)c3C)[C@H](O)[C@]2(C)[C@@]1(C)O,inactive,516.5870000000004,3.223820000000002,2,9,4.826813731587726
CHEMBL395280,C/C=C1\[C@H]2C=C(C)C[C@]1(N)c1ccc(=O)[nH]c1C2,active,242.32199999999997,1.9975,2,2,6.221848749616356
CHEMBL3764376,N#CC1=C(N)N2CCCNC2=C([N+](=O)[O-])C12C(=O)Nc1ccc(F)cc12,active,356.31700000000006,0.4641799999999997,3,7,6.376750709602099
CHEMBL3764100,Cc1ccc2c(c1)C1(C(=O)N2)C(C#N)=C(N)N2CCCNC2=C1[N+](=O)[O-],active,352.3540000000001,0.6334999999999998,3,7,6.026872146400302
CHEMBL3764305,COc1ccc2c3c1O[C@H]1CC(O)CC[C@@]31CCN(C)C2,active,289.375,2.0743,1,4,6.214670164989233
CHEMBL3764211,Cc1cc(=O)oc2cc(CNCCC3CCN(Cc4ccccc4)CC3)ccc12,active,390.5270000000001,4.493320000000004,1,4,7.173925197299173
CHEMBL502,COc1cc2c(cc1OC)C(=O)C(CC1CCN(Cc3ccccc3)CC1)C2,active,379.50000000000017,4.361100000000004,0,4,8.0
CHEMBL502,COc1cc2c(cc1OC)C(=O)C(CC1CCN(Cc3ccccc3)CC1)C2,active,379.50000000000017,4.361100000000004,0,4,7.3979400086720375
CHEMBL95,Nc1c2c(nc3ccccc13)CCCC2,active,198.26899999999992,2.695800000000001,1,2,6.795880017344075
CHEMBL3781564,C[N+](C)(C)CCOC(=O)c1ccc(Oc2nc(Oc3ccc(C(=O)OCC[N+](C)(C)C)cc3)nc(Oc3ccc(C(=O)OCC[N+](C)(C)C)cc3)n2)cc1,active,747.87,4.837500000000004,0,12,6.522878745280337
CHEMBL3780448,CC(COC(=O)c1ccc(Oc2nc(Oc3ccc(C(=O)OCC(C)N(C)C)cc3)nc(Oc3ccc(C(=O)OCC(C)N(C)C)cc3)n2)cc1)N(C)C,inactive,744.846,5.569200000000006,0,15,4.092588639225414
CHEMBL3780131,COc1nc(Oc2ccc(C(=O)OCC(C)N(C)C)cc2)nc(Oc2ccc(C(=O)OCC(C)N(C)C)cc2)n1,inactive,553.6160000000002,3.678600000000003,0,12,3.9566377219788706
CHEMBL3785861,CCCCCCCNC(=O)Oc1ccc2c(c1)CN(C)C(c1cc[nH]c1)N2C,active,384.52400000000006,4.653900000000003,2,4,6.069560405233299
CHEMBL94,CNC(=O)Oc1ccc2c(c1)[C@]1(C)CCN(C)[C@@H]1N2C,active,275.352,1.7739,1,4,7.494850021680094
CHEMBL3786544,CCCN1Cc2cc(O)ccc2N(C)C1c1ccccc1,inactive,282.387,3.7528000000000024,1,3,3.5539290642989947
CHEMBL3787307,CC(C)N1Cc2cc(O)ccc2N(C)C1c1ccccc1,inactive,282.387,3.7512000000000025,1,3,3.596879478824182
CHEMBL3786666,CN1Cc2cc(O)ccc2N(C)C1c1c(Cl)cccc1Cl,inactive,323.22299999999996,4.2794000000000025,1,3,4.8696662315049934
CHEMBL3785481,CN1Cc2cc(O)ccc2N(C)C1c1cccc2ccccc12,inactive,304.39300000000003,4.1258000000000035,1,3,3.4663550212012373
CHEMBL3786655,CN1Cc2cc(O)ccc2N(C)C1c1cc[nH]c1,inactive,243.31,2.3007,2,3,3.935916564036404
CHEMBL3785526,CN1Cc2cc(O)ccc2N(C)C1c1ccoc1,inactive,244.29399999999998,2.5656000000000008,1,4,3.4663550212012373
CHEMBL3786843,CN1Cc2cc(O)ccc2N(C)C1c1cccs1,inactive,260.36199999999997,3.0341000000000014,1,4,3.646276062411051
CHEMBL3786447,CN1Cc2cc(O)ccc2N(C)C1c1ccncc1,inactive,255.321,2.3676000000000004,1,4,3.6154673845057514
CHEMBL3787666,CN1Cc2cc(O)ccc2N(C)C1c1ccc(F)cc1,inactive,272.323,3.1117000000000017,1,3,3.8434508486682186
CHEMBL3785229,COc1ccccc1C1N(C)Cc2cc(O)ccc2N1C,inactive,284.359,2.981200000000001,1,4,3.714892970433188
CHEMBL3785187,COc1ccc(C2N(C)Cc3cc(O)ccc3N2C)cc1,inactive,284.359,2.981200000000002,1,4,3.983802646487561
CHEMBL3785803,Cc1ccccc1C1N(C)Cc2cc(O)ccc2N1C,inactive,268.36,3.2810200000000016,1,3,3.8434508486682186
CHEMBL3786323,Cc1cccc(C2N(C)Cc3cc(O)ccc3N2C)c1,inactive,268.36,3.2810200000000016,1,3,3.359518563029578
CHEMBL3786589,Cc1ccc(C2N(C)Cc3cc(O)ccc3N2C)cc1,inactive,268.36,3.2810200000000016,1,3,3.9590023075765095
CHEMBL3786505,CN1Cc2cc(O)ccc2N(C)C1c1cccc(Cl)c1,inactive,288.778,3.626000000000003,1,3,3.6154673845057514
CHEMBL3785644,CN1Cc2cc(O)ccc2N(C)C1c1ccc(Cl)cc1,inactive,288.778,3.626000000000002,1,3,3.627824713884936
CHEMBL3785808,CN1Cc2cc(O)ccc2N(C)C1c1ccccc1,inactive,254.333,2.9726000000000017,1,3,3.485452247339714
CHEMBL3786651,COc1cccc2c1CC[C@H](NC(=O)N(C)C)C2,active,248.32599999999996,1.8237,1,2,7.701146923590294
CHEMBL3786516,COc1ccc2c(c1)CCC(NC(=O)N(C)C)C2,active,248.32599999999996,1.8237,1,2,7.785686102575601
CHEMBL3787502,COc1ccc2c(c1)C[C@@H](NC(=O)N(C)C)CC2,active,248.32599999999996,1.8236999999999999,1,2,7.6495581434649385
CHEMBL3785269,COc1cccc2c1CCC(NS(=O)(=O)N(C)C)C2,active,284.38100000000003,0.9484999999999999,1,3,7.9186526921958675
CHEMBL3787223,COc1ccc2c(c1)CCC(NS(=O)(=O)N(C)C)C2,active,284.38100000000003,0.9484999999999999,1,3,7.770318157682325
CHEMBL3786448,COc1ccc2c(c1)CC(NS(=O)(=O)N(C)C)CC2,active,284.3810000000001,0.9484999999999999,1,3,7.800793520838342
CHEMBL3786937,CN(C)C(=O)N[C@H]1CCc2c(O)cccc2C1,active,234.29899999999998,1.5207,2,2,6.879327376717392
CHEMBL3785391,CN(C)C(=O)NC1CCc2cc(O)ccc2C1,active,234.29899999999998,1.5206999999999997,2,2,8.145086977692145
CHEMBL3785207,CN(C)C(=O)N[C@H]1CCc2ccc(O)cc2C1,active,234.29899999999998,1.5206999999999997,2,2,6.985899678480379
CHEMBL3786873,CN(C)S(=O)(=O)NC1CCc2c(O)cccc2C1,active,270.35400000000004,0.6454999999999999,2,3,7.510744831630739
CHEMBL3786442,CN(C)S(=O)(=O)N[C@H]1CCc2cc(O)ccc2C1,active,270.35400000000004,0.6455000000000003,2,3,7.554863031286696
CHEMBL3786719,CN(C)S(=O)(=O)NC1CCc2ccc(O)cc2C1,active,270.35400000000004,0.6454999999999997,2,3,7.432150549426893
CHEMBL95,Nc1c2c(nc3ccccc13)CCCC2,active,198.26899999999992,2.695800000000001,1,2,8.123205023799299
CHEMBL1929043,COc1c(CC=C(C)C)c(O)cc2c1C[C@H](c1ccc(O)c(CC=C(C)C)c1O)CO2,inactive,424.53700000000026,5.548100000000007,3,5,4.809668301829708
CHEMBL659,COc1ccc2c3c1O[C@H]1C[C@@H](O)C=C[C@@]31CCN(C)C2,active,287.35900000000004,1.8503,1,4,6.522878745280337
CHEMBL355160,COc1cc2c(cc1OC)C(=O)C(CC1CCN(CC3CCCCC3)CC1)C2,active,385.54800000000034,4.7412000000000045,0,4,8.045757490560675
CHEMBL502,COc1cc2c(cc1OC)C(=O)C(CC1CCN(Cc3ccccc3)CC1)C2,active,379.50000000000017,4.361100000000004,0,4,8.154901959985743
CHEMBL502,COc1cc2c(cc1OC)C(=O)C(CC1CCN(Cc3ccccc3)CC1)C2,active,379.50000000000017,4.361100000000004,0,4,7.958607314841775
CHEMBL3818616,O=C1/C(=C/C2CCN(Cc3ccccc3)CC2)Cc2cccc(O)c21,active,333.43100000000004,3.969600000000004,1,3,6.196542884351586
CHEMBL168938,COc1cc2c(cc1OC)C(=O)/C(=C/C1CCN(Cc3ccccc3)CC1)C2,active,377.48400000000015,4.281200000000004,0,4,7.236572006437063
CHEMBL3819220,COc1ccc2c(c1)C(=O)/C(=C/C1CCN(Cc3ccccc3)CC1)C2,active,347.4580000000001,4.272600000000004,0,3,6.465973893943865
CHEMBL3818084,COc1ccc2c(c1)C/C(=C\C1CCN(Cc3ccccc3)CC1)C2=O,active,347.4580000000001,4.272600000000004,0,3,7.366531544420414
CHEMBL3818801,O=C1/C(=C/C2CCN(Cc3ccccc3)CC2)Cc2cc3c(cc21)OCO3,active,361.44100000000014,3.9927000000000037,0,4,6.1220530483708115
CHEMBL3819531,COc1cccc(CN2CCC(/C=C3\Cc4cc(OC)ccc4C3=O)CC2)c1,active,377.48400000000015,4.281200000000004,0,4,6.069050968832477
CHEMBL3819113,COc1cccc(CN2CCC(/C=C3\Cc4ccc(OC)cc4C3=O)CC2)c1,inactive,377.48400000000015,4.281200000000004,0,4,4.462180904926726
CHEMBL3819574,COc1cccc(CN2CCC(/C=C3\Cc4cccc(OC)c4C3=O)CC2)c1,inactive,377.4840000000002,4.281200000000004,0,4,4.915245036820646
CHEMBL3819247,COc1ccc2c(c1)C(=O)/C(=C/C1CCN(Cc3ccc4c(c3)OCO4)CC1)C2,inactive,391.4670000000002,4.001300000000003,0,5,4.598685637308212
CHEMBL3818918,COc1cccc2c1C(=O)/C(=C/C1CCN(Cc3ccc4c(c3)OCO4)CC1)C2,inactive,391.4670000000002,4.001300000000003,0,5,4.953309778629943
CHEMBL94,CNC(=O)Oc1ccc2c(c1)[C@]1(C)CCN(C)[C@@H]1N2C,active,275.352,1.7739,1,4,7.096910013008056
CHEMBL3819024,O=C(CCCCCCCCc1ccc(O)c(O)c1)c1c(O)ccc(C(CCCCCCCCc2ccc(O)cc2)c2c(O)cccc2O)c1O,inactive,684.8700000000006,9.88719999999999,7,8,4.513286224017515
CHEMBL3818374,O=C(CCCCCCCCc1ccc(O)c(O)c1)c1c(O)ccc(C(CCCCCCCCc2ccc(O)c(O)c2)c2c(O)cccc2O)c1O,inactive,700.8690000000006,9.59279999999999,8,9,4.897566294318664
CHEMBL477772,Cc1ccc(Nc2nccc(N(C)c3ccc4c(C)n(C)nc4c3)n2)cc1S(N)(=O)=O,active,437.52900000000017,3.1390400000000005,2,8,6.031517051446065
CHEMBL3818089,COc1cc(/C=C/C(=O)NCCC2CCN(Cc3ccccc3)CC2)ccc1O,active,394.51500000000004,3.8325000000000036,2,4,6.137272471682025
CHEMBL3819231,COc1cc(/C=C/C(=O)NCCC2CCN(Cc3ccccc3)CC2)cc(OC)c1O,active,424.5410000000001,3.841100000000004,2,5,6.493494967595128
CHEMBL3819548,O=C(/C=C/c1ccccc1)NCCC1CCN(Cc2ccccc2)CC1,active,348.49000000000007,4.118300000000003,1,2,6.386158178123931
CHEMBL3819383,COc1cc(/C=C/C(=O)NCCC2CCN(Cc3ccccc3)CC2)ccc1OC(C)=O,active,436.55200000000013,4.052200000000004,1,5,6.4698003017969175
CHEMBL3818689,COc1ccc(/C=C/C(=O)NCCC2CCN(Cc3ccccc3)CC2)cc1OC,active,408.54200000000014,4.135500000000004,1,4,6.279014255846261
CHEMBL3818512,COc1cccc(/C=C/C(=O)NCCC2CCN(Cc3ccccc3)CC2)c1,active,378.51600000000013,4.126900000000004,1,3,6.161150909262744
CHEMBL3819083,COc1cc(/C=C/C(=O)NCCC2CCN(Cc3ccccc3)CC2)cc(OC)c1OC,active,438.56800000000015,4.1441000000000034,1,5,6.6307841425898575
CHEMBL3818990,O=C(/C=C/c1ccc(Cl)cc1)NCCC1CCN(Cc2ccccc2)CC1,active,382.9350000000001,4.771700000000004,1,2,6.441291429466834
CHEMBL3818782,O=C(/C=C/c1ccc([N+](=O)[O-])cc1)NCCC1CCN(Cc2ccccc2)CC1,active,393.4870000000002,4.026500000000003,1,4,6.4723700991286615
CHEMBL502,COc1cc2c(cc1OC)C(=O)C(CC1CCN(Cc3ccccc3)CC1)C2,active,379.50000000000017,4.361100000000004,0,4,7.511449283499555
CHEMBL3823538,COc1ccc2[nH]cc(CCNC(=O)CC3CCN(Cc4cccc(C)c4)CC3)c2c1,inactive,419.5690000000002,4.445920000000004,2,3,4.8696662315049934
CHEMBL3824362,COc1ccc2[nH]cc(CCNC(=O)C3CCN(Cc4ccccc4)CC3)c2c1,inactive,391.51500000000016,3.7474000000000025,2,3,4.912928794093465
CHEMBL3824248,O=C(CCc1c[nH]c2ccccc12)NCCC1CCN(Cc2ccccc2)CC1,active,389.5430000000002,4.519000000000005,2,2,6.5638373529592435
CHEMBL502,COc1cc2c(cc1OC)C(=O)C(CC1CCN(Cc3ccccc3)CC1)C2,active,379.50000000000017,4.361100000000004,0,4,6.920818753952375
CHEMBL95,Nc1c2c(nc3ccccc13)CCCC2,active,198.26899999999992,2.695800000000001,1,2,6.346787486224656
CHEMBL3828259,Cc1cc(=O)oc2cc(OCCCN(C)Cc3cccc(OC(=O)NCCCCCc4ccccc4)c3)ccc12,active,542.6760000000003,6.5037200000000075,1,6,7.094204119632131
CHEMBL3827734,CN(CCCOc1ccc2c3c(c(=O)oc2c1)CCCC3)Cc1cccc(OC(=O)NCCCCCc2ccccc2)c1,active,582.7410000000006,7.074100000000008,1,6,7.046240308266771
CHEMBL3827064,CN(CCCOc1ccc2c(c1)oc(=O)c1ccccc12)Cc1cccc(OC(=O)NCCCCCc2ccccc2)c1,active,578.7090000000005,7.348500000000008,1,6,6.4089353929735005
CHEMBL3828631,CN(CCCOc1ccc2cc(-c3ccccc3)c(=O)oc2c1)Cc1cccc(OC(=O)NCCCCCc2ccccc2)c1,active,604.7470000000004,7.862300000000008,1,6,6.903089986991944
CHEMBL3827589,COc1ccc(-c2cc3ccc(OCCCN(C)Cc4cccc(OC(=O)NCCCCCc5ccccc5)c4)cc3oc2=O)cc1,active,634.7730000000004,7.870900000000009,1,7,6.505845405981557
CHEMBL812,CN(C)C(=O)Oc1ccc[n+](C)c1.[Br-],active,261.11899999999997,-2.4244999999999974,0,2,6.455931955649724
CHEMBL3828679,CCCCCCCCCC(C)C1OCc2c[n+](C)c(C)c(OC(=O)N(C)C)c2CO1.[Br-],active,501.50600000000026,2.0336200000000018,0,4,6.337242168318426
CHEMBL3827624,Cc1c(OC(=O)N(C)C)c2c(c[n+]1C)COC(C(C)(C)C)OC2.[Br-],inactive,403.3170000000001,-0.6970799999999968,0,4,3.958607314841775
CHEMBL3827347,Cc1c(OC(=O)N(C)C)c2c(c[n+]1C)COC(C(C)C)OC2.[Br-],inactive,389.2900000000001,-1.0871799999999965,0,4,3.585026652029182
CHEMBL3827449,CCCC1OCc2c[n+](C)c(C)c(OC(=O)N(C)C)c2CO1.[Br-],inactive,389.2900000000001,-0.9430799999999959,0,4,3.853871964321762
CHEMBL3828273,CCC1OCc2c[n+](C)c(C)c(OC(=O)N(C)C)c2CO1.[Br-],inactive,375.26300000000003,-1.3331799999999965,0,4,3.5528419686577806
CHEMBL3828739,Cc1c(OC(=O)N(C)C)c2c(c[n+]1C)COC(C)(C)OC2.[Br-],inactive,375.26300000000003,-1.3331799999999965,0,4,3.3010299956639813
CHEMBL3828644,Cc1c(OC(=O)N(C)C)c2c(c[n+]1C)COC(C)OC2.[Br-],inactive,361.23600000000005,-1.7232799999999961,0,4,3.8239087409443187
CHEMBL3827856,Cc1c(OC(=O)N(C)C)c2c(c[n+]1C)COCOC2.[Br-],inactive,347.209,-2.111779999999996,0,4,3.886056647693163
CHEMBL3827058,COc1ccc(-c2cc3cc(OCCCN(C)Cc4cccc(OC(=O)NCCCCCc5ccccc5)c4)ccc3oc2=O)cc1,active,634.7730000000004,7.8709000000000096,1,7,6.747146969020107
CHEMBL3827189,CN(CCCOc1ccc2cc(-c3ccc(Cl)cc3)c(=O)oc2c1)Cc1cccc(OC(=O)NCCCCCc2ccccc2)c1,active,639.1920000000001,8.515700000000004,1,6,6.045757490560675
CHEMBL440526,CCCCCCCNC(=O)Oc1cccc(CN(C)CCCOc2ccc3ccc(=O)oc3c2)c1,active,480.60500000000036,5.752700000000006,1,6,7.42712839779952
CHEMBL3827288,CCCCCCCNC(=O)Oc1cccc(CN(C)CCCOc2ccc3c4c(c(=O)oc3c2)CCCC4)c1,active,534.6970000000005,6.631500000000007,1,6,7.665546248849069
CHEMBL128390,CCCCCCCNC(=O)Oc1cccc(CN(C)CCCOc2ccc3c(=O)c4cccnc4oc3c2)c1,active,531.6530000000005,6.3009000000000075,1,7,7.886056647693163
CHEMBL3827432,CN(CCCOc1ccc2ccc(=O)oc2c1)Cc1cccc(OC(=O)NCCCCCCc2ccccc2)c1,active,542.6760000000004,6.585400000000007,1,6,6.962573502059376
CHEMBL3828293,CN(CCCCCOc1ccc2ccc(=O)oc2c1)Cc1cccc(OC(=O)NCCCCCc2ccccc2)c1,active,556.7030000000004,6.975500000000007,1,6,7.055024091587952
CHEMBL3828693,CCCCCCCNC(=O)Oc1cccc(CN(C)CCCCCOc2ccc3ccc(=O)oc3c2)c1,active,508.65900000000045,6.532900000000007,1,6,7.94692155651658
CHEMBL3827610,CCCCCCCNC(=O)Oc1cccc(CN(C)CCCCCOc2ccc3c4c(c(=O)oc3c2)CCCC4)c1,active,562.7510000000003,7.411700000000009,1,6,7.73754891026957
CHEMBL3827044,CCCCCCCNC(=O)Oc1cccc(CN(C)CCCCCOc2ccc3c(c2)Oc2ncccc2C3)c1,active,545.7240000000004,7.518000000000009,1,6,8.159893905543242
CHEMBL3828054,O=C(NCCCCCc1ccccc1)Oc1ccc(Cn2cc(COc3ccc4ccc(=O)oc4c3)nn2)cc1,active,538.6040000000004,5.513200000000006,1,8,6.5934598195660445
CHEMBL3827220,O=C(NCCCCCc1ccccc1)Oc1cccc(Cn2cc(COc3ccc4ccc(=O)oc4c3)nn2)c1,active,538.6040000000004,5.513200000000006,1,8,6.035269078946371
CHEMBL3828696,CCCCCCCNC(=O)Oc1ccc(Cn2cc(COc3ccc4ccc(=O)oc4c3)nn2)cc1,active,490.5600000000003,5.070600000000004,1,8,6.669586226650809
CHEMBL3827950,O=C(NCCCCCc1ccccc1)Oc1ccc(-n2cc(COc3ccc4ccc(=O)oc4c3)nn2)cc1,inactive,524.5770000000003,5.454100000000006,1,8,4.319664486585436
CHEMBL3826998,CCCCCCCNC(=O)Oc1ccc(-n2cc(COc3ccc4ccc(=O)oc4c3)nn2)cc1,inactive,476.53300000000024,5.011500000000004,1,8,3.802719441874381
CHEMBL3828443,CCCCCCCNC(=O)Oc1cccc(-n2cc(COc3ccc4ccc(=O)oc4c3)nn2)c1,active,476.5330000000003,5.011500000000004,1,8,6.153662887870195
CHEMBL3828586,NC(=O)c1cc[n+](CCCCC[n+]2cccc(NC(=O)/C=N\O)c2)cc1.[Br-].[Br-],inactive,517.222,-5.362499999999997,3,4,3.113509274827518
CHEMBL3828385,NC(=O)c1cc[n+](CCCC[n+]2cccc(NC(=O)/C=N\O)c2)cc1.[Br-].[Br-],inactive,503.19500000000005,-5.752599999999998,3,4,2.8068754016455384
CHEMBL3828381,NC(=O)c1cc[n+](CCC[n+]2cccc(NC(=O)/C=N\O)c2)cc1.[Br-].[Br-],inactive,489.168,-6.1427,3,4,2.7772835288524167
CHEMBL3827575,NC(=O)c1cc[n+](CC[n+]2cccc(NC(=O)/C=N\O)c2)cc1.[Br-].[Br-],inactive,475.141,-6.532800000000001,3,4,2.728158393463501
CHEMBL748,C[n+]1ccccc1/C=N/O.[Cl-],inactive,172.615,-2.6767999999999983,1,2,2.9172146296835497
CHEMBL291233,O/N=C/c1cc[n+](COC[n+]2ccc(/C=N/O)cc2)cc1.[Cl-].[Cl-],inactive,359.21299999999997,-5.482399999999997,2,5,3.040958607678906
CHEMBL502,COc1cc2c(cc1OC)C(=O)C(CC1CCN(Cc3ccccc3)CC1)C2,active,379.50000000000017,4.361100000000004,0,4,8.0
CHEMBL3965783,O=C(/C=C/c1ccc(O)cc1O)NCCC1CCN(Cc2ccccc2)CC1,active,380.4880000000001,3.5295000000000023,3,4,6.00436480540245
CHEMBL3818089,COc1cc(/C=C/C(=O)NCCC2CCN(Cc3ccccc3)CC2)ccc1O,active,394.51500000000004,3.8325000000000036,2,4,6.4089353929735005
CHEMBL3916769,COc1ccc(/C=C/C(=O)NCCC2CCN(Cc3ccccc3)CC2)c(OC)c1,active,408.54200000000014,4.135500000000004,1,4,6.200659450546418
CHEMBL3905695,COc1ccc(/C=C/C(=O)NCCC2CCN(Cc3ccccc3)CC2)cc1,active,378.5160000000001,4.126900000000004,1,3,6.309803919971486
CHEMBL3818512,COc1cccc(/C=C/C(=O)NCCC2CCN(Cc3ccccc3)CC2)c1,active,378.51600000000013,4.126900000000004,1,3,6.1249387366083
CHEMBL3818689,COc1ccc(/C=C/C(=O)NCCC2CCN(Cc3ccccc3)CC2)cc1OC,active,408.54200000000014,4.135500000000004,1,4,6.585026652029182
CHEMBL3901082,C#CCN(Cc1ccc2cccc(O)c2n1)C(C#N)C1CCN(Cc2ccccc2)CC1,inactive,424.5480000000003,4.179980000000003,1,5,4.192464971931146
CHEMBL3910142,C#CCN(Cc1ccc2cccc(O)c2n1)C(C#N)CCC1CCN(Cc2ccccc2)CC1,active,452.6020000000004,4.960180000000005,1,5,7.5376020021010435
CHEMBL8706,C#CCN(C)CCCOc1ccc(Cl)cc1Cl,inactive,272.175,3.327300000000002,0,2,3.3010299956639813
CHEMBL972,C#CCN(C)[C@H](C)Cc1ccccc1,inactive,187.286,2.1826,0,1,3.3010299956639813
CHEMBL502,COc1cc2c(cc1OC)C(=O)C(CC1CCN(Cc3ccccc3)CC1)C2,active,379.50000000000017,4.361100000000004,0,4,8.045757490560675
CHEMBL3291019,C#CCN(Cc1ccc(O)c2ncccc12)C(C#N)CCC1CCN(Cc2ccccc2)CC1,active,452.6020000000004,4.960180000000006,1,5,6.455931955649724
CHEMBL3960962,c1ccc(COc2ccc(CN3CCc4ccccc4C3)cc2)cc1,inactive,329.44300000000004,4.8239000000000045,0,2,3.6989700043360187
CHEMBL1903032,CCOc1ccc(-n2c(SCc3nc(-c4ccccc4C)no3)nnc2-c2ccccc2)cc1,inactive,469.57000000000016,5.983720000000005,0,8,3.0
CHEMBL3931517,O=C(COc1ccccc1)N1CCN(C2CCN(Cc3ccccc3)CC2)CC1,inactive,393.5310000000002,2.874200000000001,0,4,4.366531544420414
CHEMBL3969241,O=C(c1ccccc1F)N1CCN(C2CCN(Cc3ccccc3)CC2)CC1,inactive,381.4950000000001,3.2481000000000027,0,3,3.6989700043360187
CHEMBL3939698,Fc1ccccc1COc1ccccc1CNCCN1CCOCC1,inactive,344.43000000000023,2.826500000000001,1,4,3.3010299956639813
CHEMBL1485276,O=S(=O)(NCCSc1nnc(-c2ccco2)n1-c1ccccc1)c1ccccc1,inactive,426.52300000000014,3.5979000000000028,1,7,3.0
CHEMBL3926757,COc1ccc(CN2CC=C(c3ccc(F)cc3)CC2)cc1OCc1ccccc1,inactive,403.4970000000002,5.702600000000006,0,3,3.6989700043360187
CHEMBL3965046,CCN1CCN(C2CCN(C(=O)COc3ccc(-c4ccccc4)cc3)CC2)CC1,inactive,407.5580000000002,3.3609000000000018,0,4,4.508638306165727
CHEMBL1459580,O=C(COc1ccc(Cl)cc1Cl)Nc1ccc(CN2CCCCC2)cc1,active,393.3140000000003,4.996800000000004,1,3,7.522878745280337
CHEMBL502,COc1cc2c(cc1OC)C(=O)C(CC1CCN(Cc3ccccc3)CC1)C2,active,379.50000000000017,4.361100000000004,0,4,7.045757490560675
CHEMBL3950130,CC(C)Cc1ccc(/C=C2\Oc3ccccc3C2=O)cc1,active,278.35099999999994,4.501300000000004,0,2,6.008773924307505
CHEMBL3921061,CN(C)C(=O)Oc1cccc(C(=O)/C=C/c2ccc(O)cc2)c1,active,311.337,3.348700000000002,1,4,6.060480747381382
CHEMBL353468,COc1cc2c(cc1OC)C(=O)C(CC1CCN(Cc3ccccc3C)CC1)C2,active,393.5270000000002,4.669520000000005,0,4,6.614393726401688
CHEMBL170946,COc1cc2c(cc1OC)C(=O)C(CC1CCN(Cc3cccc(C)c3)CC1)C2,active,393.5270000000002,4.669520000000005,0,4,7.055517327849832
CHEMBL354848,COc1cc2c(cc1OC)C(=O)C(CC1CCN(Cc3ccc(C)cc3)CC1)C2,active,393.5270000000002,4.669520000000005,0,4,6.896196279044043
CHEMBL3943450,COc1cc2c(cc1OC)C(=O)C(CC1CCN(Cc3ccccc3F)CC1)C2,active,397.4900000000002,4.500200000000004,0,4,7.494850021680094
CHEMBL3927363,COc1cc2c(cc1OC)C(=O)C(CC1CCN(Cc3cccc(F)c3)CC1)C2,active,397.4900000000002,4.500200000000004,0,4,7.267606240177032
CHEMBL3985059,COc1cc2c(cc1OC)C(=O)C(CC1CCN(Cc3ccc(F)cc3)CC1)C2,active,397.4900000000002,4.500200000000004,0,4,7.3872161432802645
CHEMBL3933395,COc1cc2c(cc1OC)C(=O)C(CC1CCN(Cc3ccccc3Cl)CC1)C2,active,413.94500000000016,5.014500000000005,0,4,7.013228265733755
CHEMBL3960861,COc1cc2c(cc1OC)C(=O)C(CC1CCN(Cc3cccc(Cl)c3)CC1)C2,active,413.94500000000016,5.014500000000005,0,4,6.943095148663527
CHEMBL435071,COc1cc2c(cc1OC)C(=O)C(CC1CCN(Cc3cccc([N+](=O)[O-])c3)CC1)C2,active,424.49700000000024,4.269300000000004,0,6,6.185752404268079
CHEMBL3910513,COc1cc2c(cc1OC)C(=O)C(CC1CCN(Cc3ccccn3)CC1)C2,active,380.48800000000017,3.7561000000000027,0,5,6.8326826652518236
CHEMBL3891369,COc1cc2c(cc1OC)C(=O)C(CC1CCN(Cc3ncccc3C)CC1)C2,active,394.5150000000002,4.0645200000000035,0,5,6.94692155651658
CHEMBL3919441,COc1cc2c(cc1OC)C(=O)C(CC1CCN(Cc3cccc(C)n3)CC1)C2,active,394.5150000000002,4.0645200000000035,0,5,7.136677139879544
CHEMBL3900401,COc1cc2c(cc1OC)C(=O)C(CC1CCN(Cc3ncc(C)cc3C)CC1)C2,active,408.54200000000026,4.372940000000004,0,5,6.089375595110798
CHEMBL3928343,COc1cc2c(cc1OC)C(=O)C(CC1CCN(Cc3cccc(F)n3)CC1)C2,active,398.4780000000002,3.8952000000000035,0,5,6.709965388637482
CHEMBL3944652,COc1cc2c(cc1OC)C(=O)C(CC1CCN(Cc3cccc(Cl)n3)CC1)C2,active,414.93300000000016,4.409500000000004,0,5,6.054039296422431
CHEMBL3934564,COc1cc2c(cc1OC)C(=O)C(CC1CCN(Cc3ccc4cccc(O)c4n3)CC1)C2,inactive,446.54700000000025,4.614900000000004,1,6,4.525783735923745
CHEMBL3950063,COc1cc2c(cc1OC)C(=O)C(CC1CCN(Cc3ccc(O)c4ncccc34)CC1)C2,inactive,446.54700000000025,4.614900000000004,1,6,4.679853713888946
CHEMBL502,COc1cc2c(cc1OC)C(=O)C(CC1CCN(Cc3ccccc3)CC1)C2,active,379.50000000000017,4.361100000000004,0,4,7.318758762624412
CHEMBL95,Nc1c2c(nc3ccccc13)CCCC2,active,198.26899999999992,2.695800000000001,1,2,6.338187314462739
CHEMBL3983017,O=C1/C(=C/c2ccc(Br)cc2)CN(Cc2ccc3ccccc3c2)C/C1=C\c1ccc(Br)cc1,active,573.3280000000002,7.916700000000006,0,2,6.080921907623926
CHEMBL3910830,Cc1ccc(/C=C2/CNCC3=C2N=C2SC=C(c4ccc5ccccc5c4)N2C3c2ccc(C)cc2)cc1,active,511.6940000000002,7.855640000000007,1,4,6.008773924307505
CHEMBL3948489,Brc1ccc(/C=C2/CNCC3=C2N=C2SC=C(c4ccc5ccccc5c4)N2C3c2ccc(Br)cc2)cc1,active,641.4320000000002,8.763800000000002,1,4,6.136677139879544
CHEMBL3884988,O=S(=O)(c1ccccc1)n1ccc2c(N3CCN(CCNc4c5c(nc6ccccc46)CCCC5)CC3)cccc21,active,565.7430000000003,5.539400000000006,1,7,7.360513510731414
CHEMBL3884618,O=S(=O)(c1ccccc1)n1ccc2c(N3CCN(CCCNc4c5c(nc6ccccc46)CCCC5)CC3)cccc21,active,579.7700000000002,5.929500000000006,1,7,8.013228265733755
CHEMBL3884858,O=S(=O)(c1ccccc1)n1ccc2c(N3CCN(CCCCCNc4c5c(nc6ccccc46)CCCC5)CC3)cccc21,active,607.8240000000001,6.709700000000008,1,7,7.739928612014925
CHEMBL3885186,O=S(=O)(c1ccccc1)n1ccc2c(N3CCN(CCCCCCNc4c5c(nc6ccccc46)CCCC5)CC3)cccc21,active,621.851,7.099800000000008,1,7,7.889410289700751
CHEMBL3884690,O=S(=O)(c1ccccc1)n1ccc2c(N3CCN(CCCCCCCNc4c5c(nc6ccccc46)CCCC5)CC3)cccc21,active,635.8779999999999,7.489900000000008,1,7,8.207608310501746
CHEMBL3883432,O=S(=O)(c1ccccc1)n1ccc2c(N3CCN(CCCCCCCCNc4c5c(nc6ccccc46)CCCC5)CC3)cccc21,active,649.905,7.880000000000009,1,7,8.886056647693163
CHEMBL502,COc1cc2c(cc1OC)C(=O)C(CC1CCN(Cc3ccccc3)CC1)C2,active,379.50000000000017,4.361100000000004,0,4,8.221848749616356
CHEMBL95,Nc1c2c(nc3ccccc13)CCCC2,active,198.26899999999992,2.695800000000001,1,2,6.882728704344236
CHEMBL398628,CCOC(=O)C1=C(C)Oc2nc3c(c(N)c2C1c1ccc(OC)cc1)CCCC3,active,394.47100000000023,3.912600000000003,1,6,6.739928612014925
CHEMBL3971112,O=C1NCCCc2c1c1ccccc1n2CCc1ccccc1,inactive,304.39300000000003,3.5600000000000023,1,2,4.899629454882437
CHEMBL3919289,O=C1NCCCc2c1c1ccccc1n2CCc1ccc(F)cc1,inactive,322.38300000000004,3.6991000000000023,1,2,5.0
CHEMBL239046,CCN(Cc1ccccc1)Cc1ccc(-c2cc3cc(OCCNC(=O)/C=C/c4cc(F)cc(F)c4)ccc3oc2=O)cc1,active,594.6580000000002,6.968700000000007,1,5,8.145086977692145
CHEMBL3922423,O=C1c2ccccc2S(=O)(=O)N1CCCCCNCc1ccccc1,active,358.46299999999997,2.7912000000000017,1,4,7.481486060122112
CHEMBL3304357,CC1=CC2Cc3nc4cc(Cl)ccc4c(NCCCCCCCCNC(=O)c4cc(O)c5c(c4)C(=O)c4cccc(O)c4C5=O)c3C(C1)C2,active,678.2290000000004,8.253300000000007,4,7,8.356547323513812
CHEMBL3304306,CC1=CC2Cc3nc4cc(Cl)ccc4c(NCCCCCCCCCNC(=O)c4cc(O)c5c(c4)C(=O)c4cccc(O)c4C5=O)c3C(C1)C2,active,692.2560000000003,8.643400000000002,4,7,8.443697499232712
CHEMBL4113560,CC1=C[C@@H]2Cc3nc4cc(Cl)ccc4c(NCCCCCCCCCNC(=O)c4cc(O)c5c(c4)C(=O)c4cccc(O)c4C5=O)c3[C@H](C1)C2,active,692.2560000000003,8.643400000000002,4,7,8.619788758288394
CHEMBL3303094,CC1=CC2Cc3nc4cc(Cl)ccc4c(NCCCCCCCCCCNC(=O)c4cc(O)c5c(c4)C(=O)c4cccc(O)c4C5=O)c3C(C1)C2,active,706.2830000000004,9.033499999999998,4,7,8.119186407719209
CHEMBL3304241,CC1=CC2Cc3nc4cc(Cl)ccc4c(NCCCCCCCCCCCNC(=O)c4cc(O)c5c(c4)C(=O)c4cccc(O)c4C5=O)c3C(C1)C2,active,720.3100000000004,9.423599999999997,4,7,7.7594507517174005
CHEMBL3304178,CC1=CC2Cc3nc4cc(Cl)ccc4c(NCc4ccc(CNC(=O)c5cc(O)c6c(c5)C(=O)c5cccc(O)c5C6=O)cc4)c3C(C1)C2,active,670.1650000000002,7.612900000000008,4,7,7.739928612014925
CHEMBL418068,O=C(O)c1cc(O)c2c(c1)C(=O)c1cccc(O)c1C2=O,inactive,284.22300000000007,1.5714000000000004,3,5,5.0
CHEMBL140476,CC1=CC2Cc3nc4cc(Cl)ccc4c(N)c3C(C1)C2,active,284.7900000000001,4.466400000000003,1,2,9.161150909262744
CHEMBL1161905,CC1=C[C@@H]2Cc3nc4cc(Cl)ccc4c(N)c3[C@H](C1)C2,active,284.7900000000001,4.466400000000003,1,2,9.366531544420413
CHEMBL4112162,CC1=C[C@H]2Cc3nc4cc(Cl)ccc4c(N)c3[C@@H](C1)C2,active,284.7900000000001,4.466400000000003,1,2,7.866461091629782
CHEMBL3892148,COc1ccc2nc(NCCc3cc[n+](Cc4ccccc4)cc3)sc2c1,active,376.50500000000005,4.295300000000003,1,4,6.730487055782084
CHEMBL3937964,COc1ccc2nc(NCCc3cc[n+](Cc4ccc(F)cc4)cc3)sc2c1,active,394.49500000000006,4.434400000000004,1,4,6.651695136951839
CHEMBL3910025,COc1ccc2nc(NCCc3cc[n+](Cc4c(F)cccc4F)cc3)sc2c1,active,412.48500000000007,4.573500000000004,1,4,6.692503962086787
CHEMBL3952144,Fc1ccc(C[n+]2ccc(CCNc3nc4ccc(F)cc4s3)cc2)cc1,active,382.45900000000006,4.564900000000003,1,3,6.570247719997592
CHEMBL3900968,O=[N+]([O-])c1ccc2nc(NCCc3cc[n+](Cc4ccc(F)cc4)cc3)sc2c1,active,409.466,4.334000000000004,1,5,7.017728766960431
CHEMBL3947803,CCOC(=O)C1=C(C)Nc2nc3c(c(N)c2C1c1ccc(C(F)(F)F)cc1)CC(C)CC3,active,445.4850000000002,5.201900000000004,2,5,6.114638779968488
CHEMBL3985136,CC1=C(C(=O)OC(C)C)C(c2cccc(F)c2)c2c(nc3c(c2N)CC(C)(C)CC3)N1,active,423.53200000000027,5.100800000000003,2,5,6.253365801062421
CHEMBL3933508,CCOC(=O)C1=C(C)Nc2nc3c(c(N)c2C1c1cccc(Cl)c1)CC(C)(C)CC3,active,425.9600000000002,5.226600000000004,2,5,6.113509274827518
CHEMBL3985662,COC(=O)C1=C(C)Nc2nc3c(c(N)c2C1c1ccccc1)CC(C)(C)CC3,active,377.48800000000017,4.183100000000003,2,5,6.049148541111453
CHEMBL3965431,CC1=C(C(=O)OC2CCC2)C(c2ccccc2F)c2c(nc3c(c2N)CC(C)(C)CC3)N1,active,435.5430000000003,5.244900000000004,2,5,6.120904120499927
CHEMBL3981946,COCCOC(=O)C1=C(C)Nc2nc3c(c(N)c2C1c1ccccc1Cl)CC(C)(C)CC3,active,455.9860000000003,4.853100000000004,2,6,6.036684488613889
CHEMBL3983878,CC1=C(C(=O)OCC2CC2)C(c2ccccc2Cl)c2c(nc3c(c2N)CC(C)(C)CC3)N1,active,451.99800000000033,5.616700000000005,2,5,6.012780770091995
CHEMBL3928459,COC(=O)C1=C(C)Nc2nc3c(c(N)c2C1c1cccc([N+](=O)[O-])c1)CSC3,active,398.44400000000013,3.3232000000000017,2,8,6.137272471682025
CHEMBL3972317,CCOC(=O)C1=C(C)Nc2nc3c(c(N)c2C1c1cccc([N+](=O)[O-])c1)CC(F)(F)CC3,active,444.4380000000002,4.090500000000001,2,7,6.297569463554475
CHEMBL3949770,CCOC(=O)C1=C(C)Nc2nc3c(c(N)c2C1c1cccc([N+](=O)[O-])c1)CC(Cl)(Cl)CC3,active,477.3480000000002,4.629100000000003,2,7,6.47755576649368
CHEMBL3941497,COC(=O)C1=C(C)Nc2nc3c(c(N)c2C1c1cccc([N+](=O)[O-])c1)CCCC3Cl,active,428.8760000000002,4.192600000000002,2,7,6.135488918941608
CHEMBL3937974,COC(=O)C1=C(C)Nc2nc3c(c(N)c2C1c1ccccc1)CSCC3,active,367.4740000000001,3.4575000000000022,2,6,6.346787486224656
CHEMBL3910033,CCOC(=O)C1=C(C(F)(F)F)Nc2nc3c(c(N)c2C1c1cccc([N+](=O)[O-])c1)CC(C)(C)CC3,active,490.4820000000003,5.023800000000004,2,7,6.267606240177032
CHEMBL3900977,CC1=C(C(=O)OC(C)C)C(c2cncnc2)c2c(nc3c(c2N)CC(C)(C)CC3)N1,active,407.51800000000026,3.7517000000000023,2,7,6.0746879085003505
CHEMBL3895528,CCOC(=O)C1=C(C)Nc2nc3c(c(N)c2C1c1ccccc1OC)CC(C)CC3,active,407.51400000000024,4.1917000000000035,2,6,6.749579997691106
CHEMBL3891315,CC1=C(C(=O)OCCN(C)C)C(c2ccccc2)c2c(nc3c(c2N)CC(F)(F)CC3)N1,active,442.5100000000003,3.724000000000002,2,6,6.866461091629782
CHEMBL3986650,COC(=O)C1=C(C)Nc2nc3c(c(N)c2C1c1cccc([N+](=O)[O-])c1)CC(C)(C)CC3,active,422.48500000000024,4.091300000000003,2,7,7.346787486224656
CHEMBL4088116,COc1cc(/C=C/C(=O)Nc2ccccc2)ccc1O,inactive,269.3,3.052700000000002,2,3,3.3010299956639813
CHEMBL4093408,COc1cc(/C=C/C(=O)Nc2ccccc2)ccc1OCCN(C)C,inactive,340.4230000000002,3.2875000000000023,1,4,4.634512015109101
CHEMBL4065799,COc1cc(/C=C/C(=O)Nc2ccccc2)ccc1OCCCN(C)C,inactive,354.4500000000002,3.6776000000000026,1,4,4.4703130462270835
CHEMBL4085671,COc1cc(/C=C/C(=O)Nc2ccccc2)ccc1OCCCCN(C)C,inactive,368.47700000000026,4.067700000000003,1,4,3.997833938243492
CHEMBL4103604,COc1cc(/C=C/C(=O)Nc2ccccc2)ccc1OCCCCCN(C)C,inactive,382.5040000000003,4.457800000000004,1,4,4.4812229310732254
CHEMBL4064846,CCN(CC)CCOc1ccc(/C=C/C(=O)Nc2ccccc2)cc1OC,inactive,368.4770000000001,4.067700000000003,1,4,4.3865810549654265
CHEMBL4078463,CCN(CC)CCCOc1ccc(/C=C/C(=O)Nc2ccccc2)cc1OC,inactive,382.50400000000013,4.457800000000004,1,4,4.624885315307775
CHEMBL4102718,CCN(CC)CCCCOc1ccc(/C=C/C(=O)Nc2ccccc2)cc1OC,inactive,396.5310000000001,4.8479000000000045,1,4,4.380593589113222
CHEMBL4067562,CCN(CC)CCCCCOc1ccc(/C=C/C(=O)Nc2ccccc2)cc1OC,inactive,410.5580000000001,5.238000000000005,1,4,4.721703791908726
CHEMBL4087300,CCN(CC)CCCCCCCCCCOc1ccc(/C=C/C(=O)Nc2ccccc2)cc1OC,inactive,480.6930000000001,7.188500000000008,1,4,4.82623117686335
CHEMBL4095695,COc1cc(/C=C/C(=O)Nc2ccccc2)ccc1OCCN1CCCCC1,inactive,380.48800000000034,4.211800000000004,1,4,4.7121982700697735
CHEMBL4068340,COc1cc(/C=C/C(=O)Nc2ccccc2)ccc1OCCCN1CCCCC1,inactive,394.5150000000004,4.601900000000004,1,4,4.839231438138872
CHEMBL4080105,COc1cc(/C=C/C(=O)Nc2ccccc2)ccc1OCCCCCCN1CCCCC1,active,436.5960000000005,5.772200000000006,1,4,6.1487416512809245
CHEMBL4074258,COc1cc(/C=C/C(=O)Nc2ccccc2)ccc1OCCCCCCCCCCN1CCCCC1,inactive,492.7040000000007,7.332600000000008,1,4,4.9542859410591324
CHEMBL4075021,COc1cc(/C=C/C(=O)O)ccc1OCCCCCCN1CCCCC1,inactive,361.48200000000026,4.218100000000004,1,4,4.341511618690983
CHEMBL4101703,COc1cc(/C=C/C(=O)Nc2ccccc2)ccc1OCCN1CCCC1,inactive,366.4610000000003,3.8217000000000025,1,4,4.454321850207974
CHEMBL4085283,COc1cc(/C=C/C(=O)Nc2ccccc2)ccc1OCCCN1CCCC1,inactive,380.48800000000034,4.211800000000004,1,4,4.4301581005962385
CHEMBL4063663,COc1cc(/C=C/C(=O)Nc2ccccc2)ccc1OCCCCN1CCCC1,inactive,394.5150000000004,4.601900000000004,1,4,4.613501034449347
CHEMBL4082739,COc1cc(/C=C/C(=O)Nc2ccccc2)ccc1OCCCCCCCCCCN1CCCC1,inactive,478.67700000000065,6.942500000000008,1,4,4.869023308394383
CHEMBL4090559,COc1cc(/C=C/C(=O)O)ccc1OCCCCCCN1CCCC1,inactive,347.4550000000002,3.828000000000003,1,4,4.155460697870992
CHEMBL636,CCN(C)C(=O)Oc1cccc([C@H](C)N(C)C)c1,inactive,250.34199999999998,2.7597000000000014,0,3,4.977159389123472
CHEMBL95,Nc1c2c(nc3ccccc13)CCCC2,active,198.26899999999992,2.695800000000001,1,2,6.886056647693163
CHEMBL4095908,COc1cccc(C2c3ccc4cccnc4c3Oc3nc4c(c(N)c32)CCCC4)c1,active,409.4890000000003,5.3853000000000035,1,5,6.1249387366083
CHEMBL4089082,CC(C)c1ccc(NC(=O)Oc2ccc3c(c2)[C@]2(C)CCN[C@@H]2N3)cc1,active,351.45000000000005,4.423500000000002,3,4,6.958607314841775
CHEMBL4090583,COc1cc2c(cc1OC)C(=O)/C(=C/c1ccc(CN(C)C)c(O)c1)O2,inactive,355.39000000000004,3.087200000000002,1,6,4.614393726401688
CHEMBL4075571,CCN(CC)Cc1ccc(/C=C2\Oc3cc(OC)c(OC)cc3C2=O)cc1O,active,383.44400000000013,3.867400000000004,1,6,6.154901959985743
CHEMBL4100760,COc1cc2c(cc1OC)C(=O)/C(=C/c1ccc(CN3CCCCC3)c(O)c1)O2,active,395.4550000000002,4.0115000000000025,1,6,7.430626090384954
CHEMBL4081805,COc1cc2c(cc1OC)C(=O)/C(=C/c1ccc(CN3CCN(C)CC3)c(O)c1)O2,inactive,410.4700000000002,2.7730000000000006,1,7,4.853871964321762
CHEMBL4098196,CCN1CCN(Cc2ccc(/C=C3\Oc4cc(OC)c(OC)cc4C3=O)cc2O)CC1,inactive,424.49700000000024,3.163100000000002,1,7,4.493494967595128
CHEMBL4102562,COc1cc2c(cc1OC)C(=O)/C(=C/c1ccc(CN(C)Cc3ccccc3)c(O)c1)O2,inactive,431.4880000000001,4.657600000000005,1,6,4.580044251510242
CHEMBL4069184,COc1cc2c(cc1OC)C(=O)/C(=C/c1ccc(O)c(CN(C)C)c1)O2,active,355.3900000000001,3.087200000000001,1,6,6.292429823902063
CHEMBL502,COc1cc2c(cc1OC)C(=O)C(CC1CCN(Cc3ccccc3)CC1)C2,active,379.50000000000017,4.361100000000004,0,4,7.448550002027125
CHEMBL4096673,COc1ccc(CCNc2nc(CC(N)=O)nc3ccccc23)cc1OC,inactive,366.4210000000001,2.3293999999999997,2,6,4.903089986991944
CHEMBL2337271,COc1cc2c(cc1OC)C(=O)C(CC1CCN(Cc3ccccc3)CC1)C2.Cl.O,active,433.9760000000002,3.9582000000000055,0,4,7.522878745280337
CHEMBL1677,Cl.Nc1c2c(nc3ccccc13)CCCC2,active,234.72999999999996,3.1176000000000013,1,2,6.795880017344075
CHEMBL4060617,O=C(CCCC1CCSS1)NCCCNc1c2c(nc3cc(Cl)ccc13)CCCC2,active,464.1000000000003,6.009200000000005,2,5,6.5968794788241825
CHEMBL345124,CC[N+](C)(CC)CCC[n+]1c(-c2ccccc2)c2cc(N)ccc2c2ccc(N)cc21.[I-].[I-],inactive,668.4050000000002,-1.0035999999999945,2,2,4.346787486224656
CHEMBL3632994,Cc1c(C)c2c(c(C)c1O)CCC(C)(C(=O)NCCCCCCCCNc1c3c(nc4cc(Cl)ccc14)CCCC3)O2,active,592.224,8.050460000000008,3,5,7.096910013008056
CHEMBL4093419,COc1cc(CCc2ccc(Nc3c4c(nc5ccccc35)CCCC4)cc2)cc(OC)c1,inactive,438.5710000000003,6.659600000000006,1,4,4.847711655616943
CHEMBL4083174,COc1cc(CCc2ccc(Nc3c4c(nc5cc(Cl)ccc35)CCCC4)cc2)cc(OC)c1,active,473.0160000000003,7.313000000000006,1,4,6.096910013008056
CHEMBL521589,CN(C)C(=O)Oc1cc(OC(=O)N(C)C)cc(C(O)CNC(C)(C)C)c1,inactive,367.4460000000001,2.2288999999999994,2,6,5.0
CHEMBL4096024,CCC(C)(C)NCC(O)c1cc(OC(=O)N(C)C)cc(OC(=O)N(C)C)c1.Cl,inactive,417.93400000000014,3.040800000000002,2,6,5.0
CHEMBL4098455,CCN(C)C(=O)Oc1cc(OC(=O)N(C)CC)cc(C(O)CNC(C)(C)CC)c1.Cl,inactive,445.9880000000001,3.821000000000003,2,6,5.0
CHEMBL521589,CN(C)C(=O)Oc1cc(OC(=O)N(C)C)cc(C(O)CNC(C)(C)C)c1,inactive,367.4460000000001,2.2288999999999994,2,6,4.522878745280337
CHEMBL659,COc1ccc2c3c1O[C@H]1C[C@@H](O)C=C[C@@]31CCN(C)C2,active,287.35900000000004,1.8503,1,4,6.221848749616356
CHEMBL502,COc1cc2c(cc1OC)C(=O)C(CC1CCN(Cc3ccccc3)CC1)C2,active,379.50000000000017,4.361100000000004,0,4,7.958607314841775
CHEMBL4092048,COc1cc2c(cc1OC)C(=O)C(Cc1cc[n+](Cc3cccc(Cl)c3)cc1C(N)=O)C2.[Br-],active,531.8340000000002,0.39360000000000117,1,4,7.3872161432802645
CHEMBL4061527,COc1cc2c(cc1OC)C(=O)C(CC1C=CN(Cc3ccccc3C)C=C1C(C)=O)C2,active,431.53200000000027,4.875920000000005,0,5,6.368556230986828
CHEMBL4081776,CC(=O)C1=CN(Cc2ccccc2C)C=CC1CC1Cc2cc3c(cc2C1=O)OCO3,active,415.48900000000026,4.587420000000004,0,5,6.0
CHEMBL4099794,COc1ccc2c(c1)CC(CC1C=CN(Cc3ccccc3C)C=C1C(C)=O)C2=O,active,401.5060000000002,4.867320000000005,0,4,6.0
CHEMBL4105085,CC(=O)C1=CN(Cc2ccccc2C)C=CC1CC1Cc2cc(C)c(C)cc2C1=O,active,399.5340000000002,5.475560000000006,0,3,6.185086818724926
CHEMBL4083445,CC(=O)C1=CN(Cc2ccccc2C)C=CC1CC1Cc2cc(C)ccc2C1=O,active,385.5070000000002,5.167140000000005,0,3,6.0
CHEMBL4093567,CC(=O)C1=CN(Cc2ccccc2C)C=CC1CC1Cc2cc(Cl)ccc2C1=O,active,405.9250000000002,5.512120000000006,0,3,6.0
CHEMBL4072865,COc1cc2c(cc1OC)C(=O)C(CC1C=CN(Cc3ccccc3C)C=C1C(N)=O)C2,active,432.52000000000027,3.7722200000000026,1,5,6.0
CHEMBL4101303,COc1cc2c(cc1OC)C(=O)C(CC1C=CN(Cc3cccc(Cl)c3)C=C1C(N)=O)C2,active,452.9380000000002,4.117200000000003,1,5,6.0
CHEMBL4076930,COc1cc2c(cc1OC)C(=O)C(Cc1cc[n+](Cc3ccccc3C)cc1C(N)=O)C2.[Br-],active,511.4160000000002,0.048620000000001995,1,4,6.168770306132936
CHEMBL4095535,COC(=O)c1c[n+](Cc2ccccc2C)ccc1CC1Cc2cc(OC)c(OC)cc2C1=O.[Br-],active,526.4270000000004,0.7363200000000012,0,5,8.236572006437063
CHEMBL4068149,COC(=O)c1c[n+](Cc2ccccc2)ccc1CC1Cc2cc(OC)c(OC)cc2C1=O.[Br-],active,512.4000000000003,0.42790000000000106,0,5,7.59176003468815
CHEMBL4092123,CNC(=O)c1c[n+](Cc2ccccc2C)ccc1CC1Cc2cc(OC)c(OC)cc2C1=O.[Br-],active,525.4430000000002,0.3093200000000016,1,4,6.0
CHEMBL4064413,CNC(=O)c1c[n+](Cc2ccccc2)ccc1CC1Cc2cc(OC)c(OC)cc2C1=O.[Br-],active,511.4160000000003,0.0009000000000012331,1,4,6.0
CHEMBL4099873,CC(=O)c1c[n+](Cc2ccccc2C)ccc1CC1Cc2cc(Cl)ccc2C1=O.[Br-],active,484.82100000000014,1.7885199999999999,0,2,6.581698708680254
CHEMBL4072999,CC(=O)c1c[n+](Cc2ccccc2C)ccc1CC1Cc2cc(C)ccc2C1=O.[Br-],active,464.4030000000002,1.44354,0,2,7.040958607678906
CHEMBL4074062,CC(=O)c1c[n+](Cc2ccccc2C)ccc1CC1Cc2cc(C)c(C)cc2C1=O.[Br-],active,478.43000000000023,1.75196,0,2,7.557520230935552
CHEMBL4094591,COc1ccc2c(c1)CC(Cc1cc[n+](Cc3ccccc3C)cc1C(C)=O)C2=O.[Br-],active,480.40200000000016,1.14372,0,3,7.522878745280337
CHEMBL4084371,CC(=O)c1c[n+](Cc2ccccc2C)ccc1CC1Cc2cc3c(cc2C1=O)OCO3.[Br-],active,494.3850000000003,0.86382,0,4,7.221848749616356
CHEMBL4102333,COc1cc2c(cc1OC)C(=O)C(Cc1cc[n+](Cc3cccc(Cl)c3)cc1C(C)=O)C2.[Br-],active,530.8460000000002,1.4973,0,4,8.485452247339714
CHEMBL4066548,COc1cc2c(cc1OC)C(=O)C(Cc1cc[n+](Cc3ccccc3Cl)cc1C(C)=O)C2.[Br-],active,530.8460000000002,1.4973,0,4,7.7447274948966935
CHEMBL4094081,COc1cc2c(cc1OC)C(=O)C(Cc1cc[n+](Cc3cccc(C)c3)cc1C(C)=O)C2.[Br-],active,510.4280000000002,1.15232,0,4,7.853871964321762
CHEMBL4081915,COc1cc2c(cc1OC)C(=O)C(Cc1cc[n+](Cc3ccccc3C)cc1C(C)=O)C2.[Br-],active,510.4280000000002,1.15232,0,4,8.05551732784983
CHEMBL4060011,COc1cc2c(cc1OC)C(=O)C(Cc1cc[n+](Cc3ccccc3)cc1C(C)=O)C2.[Br-],active,496.4010000000002,0.8439000000000005,0,4,7.7447274948966935
CHEMBL4071377,COc1cc2c(cc1OC)C(=O)C(Cc1cc[n+](Cc3ccccc3)cc1C#N)C2.[Br-],active,479.37400000000014,0.5129800000000004,0,4,8.534617148551582
CHEMBL4098418,COc1cc2c(cc1OC)C(=O)C(Cc1cc[n+](Cc3ccccc3)cc1)C2.[Br-],active,454.3640000000001,0.6413000000000006,0,3,7.437707135543525
CHEMBL4083306,COC(=O)C1=CN(C)c2cccc(OC(=O)N(C)C)c2C1,inactive,290.3190000000001,1.7962,0,5,3.0
CHEMBL4077952,COC(=O)c1cc2c(OC(=O)N(C)C)cccc2[n+](C)c1,active,289.31100000000004,1.5112999999999999,0,4,7.698970004336019
CHEMBL4070182,COc1ccc(CNc2c3c(nc4cc(Cl)ccc24)CCCC3)cc1OC,active,382.89100000000025,5.3963000000000045,1,4,6.096910013008056
CHEMBL4091851,COc1ccc(CCNc2c3c(nc4cc(Cl)ccc24)CCCC3)cc1OC,active,396.9180000000003,5.438800000000005,1,4,6.221848749616356
CHEMBL4075061,Clc1ccc2c(NCc3ccccn3)c3c(nc2c1)CCCC3,active,323.82700000000017,4.774100000000003,1,3,7.045757490560675
CHEMBL592433,CO[P@]1(=O)CC[C@H]2COC(=O)C2=C(C)O1,inactive,232.17199999999994,1.6931999999999998,0,5,4.522878745280337
CHEMBL4093928,CCO[P@@](=O)(SCC)c1ccccc1,inactive,230.269,3.2946000000000017,0,3,3.8239087409443187
CHEMBL4097266,CSP(C)(=O)OC(C)C(C)(C)C,inactive,210.279,3.6235000000000026,0,3,3.1426675035687315
CHEMBL4072457,CSP(C)(=O)OC1CCCCC1,inactive,208.26299999999995,3.521600000000002,0,3,4.154901959985743
CHEMBL23838,CCOP(=O)(OCC)Oc1ccc([N+](=O)[O-])cc1,active,275.197,3.154700000000002,0,6,8.0
CHEMBL1678,COc1cc2c(cc1OC)C(=O)C(CC1CCN(Cc3ccccc3)CC1)C2.Cl,active,415.9610000000002,4.782900000000006,0,4,6.920818753952375
CHEMBL4060832,CN1CC2C(=O)N(Cc3ccccc3)C(=O)C2C12C(=O)c1ccccc1C2=O,inactive,374.39600000000013,1.5511999999999995,0,5,4.385524633909605
CHEMBL4066805,COc1ccccc1N1C(=O)C2CN(C)C3(C(=O)c4ccccc4C3=O)C2C1=O,inactive,390.3950000000001,1.5642,0,6,4.953895212753961
CHEMBL4080216,CN1CC2C(=O)N(c3cccc(F)c3)C(=O)C2C12C(=O)c1ccccc1C2=O,inactive,378.35900000000015,1.6947,0,5,4.096313268263497
CHEMBL4072825,COc1ccc(N2C(=O)C3CN(C)C4(C(=O)c5ccccc5C4=O)C3C2=O)cc1,active,390.3950000000001,1.5642,0,6,6.107905397309519
CHEMBL4093532,CC(C)c1ccc(N2C(=O)C3CN(C)C4(C(=O)c5ccccc5C4=O)C3C2=O)cc1,inactive,402.4500000000001,2.679000000000001,0,5,4.912218582190458
CHEMBL4069096,CCc1ccc(N2C(=O)C3CN(C)C4(C(=O)c5ccccc5C4=O)C3C2=O)cc1,inactive,388.4230000000001,2.1180000000000003,0,5,4.351054817834328
CHEMBL4079853,CN1CC2C(=O)N(c3ccccc3)C(=O)C2C12C(=O)c1ccccc1C2=O,inactive,360.36900000000014,1.5556,0,5,4.156144577376839
CHEMBL4097877,CN1CC2C(=O)N(c3ccc(Br)cc3)C(=O)C2C12C(=O)c1ccccc1C2=O,inactive,439.2650000000002,2.3181000000000003,0,5,4.134777543709821
CHEMBL4098808,CN1CC2C(=O)N(c3ccc(Cl)cc3)C(=O)C2C12C(=O)c1ccccc1C2=O,inactive,394.8140000000002,2.2089999999999996,0,5,4.5550188879120554
CHEMBL4071803,CN1CC2C(=O)N(c3ccc(F)cc3)C(=O)C2C12C(=O)c1ccccc1C2=O,inactive,378.35900000000015,1.6947,0,5,4.299988937677887
CHEMBL95,Nc1c2c(nc3ccccc13)CCCC2,active,198.26899999999992,2.695800000000001,1,2,7.732828271596986
CHEMBL4085482,CCOc1ccc(Cc2nc3cc(C(=O)N(CC)CC)ccc3n2CCCCN2CCCCC2)cc1,inactive,490.6920000000004,5.7739000000000065,0,5,4.221125527997261
CHEMBL4082785,CCOc1ccc(Cc2nc3cc(C(=O)N(CC)CC)ccc3n2CCCCCCN2CCCCC2)cc1,inactive,518.7460000000005,6.554100000000008,0,5,4.698970004336019
CHEMBL95,Nc1c2c(nc3ccccc13)CCCC2,active,198.26899999999992,2.695800000000001,1,2,7.700057099977233
CHEMBL4085482,CCOc1ccc(Cc2nc3cc(C(=O)N(CC)CC)ccc3n2CCCCN2CCCCC2)cc1,inactive,490.6920000000004,5.7739000000000065,0,5,4.200000030616179
CHEMBL4082785,CCOc1ccc(Cc2nc3cc(C(=O)N(CC)CC)ccc3n2CCCCCCN2CCCCC2)cc1,inactive,518.7460000000005,6.554100000000008,0,5,4.70000006855703
CHEMBL521589,CN(C)C(=O)Oc1cc(OC(=O)N(C)C)cc(C(O)CNC(C)(C)C)c1,inactive,367.4460000000001,2.2288999999999994,2,6,4.522878745280337
CHEMBL4068410,CC(C)c1ccc(NC(=O)Oc2ccc3c(c2)[C@]2(C)CCC(C)[C@@H]2C3C)cc1,active,377.52800000000013,6.841800000000006,1,2,6.119186407719209
CHEMBL4095755,CC1CC[C@@]2(C)c3cc(OC(=O)Nc4ccccc4)ccc3C(C)[C@@H]12,active,335.44700000000006,5.718400000000004,1,2,7.657577319177793
CHEMBL4090842,COc1ccc(CN(CC(=O)NC(C)C)C(=O)CCCCCn2ccnc2/C=N/O)cc1,inactive,443.54800000000023,2.8136,2,7,3.0
CHEMBL4069847,CCCCN(CC(=O)NC(C)C)C(=O)CCCCCn1ccnc1/C=N/O,inactive,379.505,2.4048999999999996,2,6,3.0
CHEMBL4063984,COc1ccc(CN(CC(=O)NCc2ccccc2)C(=O)CCCCCn2ccnc2/C=N/O)cc1,inactive,491.5920000000003,3.605400000000002,2,7,3.744727494896694
CHEMBL4091748,CCCCN(CC(=O)NCc1ccccc1)C(=O)CCCCCn1ccnc1/C=N/O,inactive,427.54900000000026,3.1967000000000017,2,6,3.0
CHEMBL4072579,COCCN(CC(=O)NCc1ccccc1)C(=O)CCCCCn1ccnc1/C=N/O,inactive,429.52100000000024,2.0429999999999997,2,7,3.0
CHEMBL4099486,COCCN(CC(=O)NC(C)C)C(=O)CCCCCn1ccnc1/C=N/O,inactive,381.47700000000003,1.2512000000000019,2,7,3.0
CHEMBL4068829,COc1ccc(CN(CC(=O)NC(C)C)C(=O)CCCCCn2cc[n+](C)c2/C=N\O)cc1.[I-],inactive,585.4870000000003,-0.7528999999999952,2,6,3.0
CHEMBL4096126,CCCCN(CC(=O)NC(C)C)C(=O)CCCCCn1cc[n+](C)c1/C=N\O.[I-],inactive,521.444,-1.1615999999999942,2,5,3.0
CHEMBL4059560,COc1ccc(CN(CC(=O)NCc2ccccc2)C(=O)CCCCCn2cc[n+](C)c2/C=N\O)cc1.[I-],inactive,633.5310000000004,0.038900000000003765,2,6,3.0
CHEMBL4081509,CCCCN(CC(=O)NCc1ccccc1)C(=O)CCCCCn1cc[n+](C)c1/C=N\O.[I-],inactive,569.4880000000003,-0.3697999999999952,2,5,4.301029995663981
CHEMBL659,COc1ccc2c3c1O[C@H]1C[C@@H](O)C=C[C@@]31CCN(C)C2,active,287.35900000000004,1.8503,1,4,6.449771646944906
CHEMBL4098703,COc1cc2c(cc1OC)C(=O)/C(=C/c1cc[n+](Cc3ccccc3)cc1)C2.[Br-],active,452.34800000000007,0.8659999999999997,0,3,8.468521082957745
CHEMBL4076580,COc1cc2c(cc1OC)C(=O)/C(=C/c1cc[n+](Cc3ccccc3F)cc1)C2.[Br-],active,470.3380000000001,1.0050999999999997,0,3,9.096910013008056
CHEMBL4095035,COc1cc2c(cc1OC)C(=O)/C(=C/c1cc[n+](Cc3cccc(F)c3)cc1)C2.[Br-],active,470.3380000000001,1.0050999999999997,0,3,8.537602002101044
CHEMBL4073287,COc1cc2c(cc1OC)C(=O)/C(=C/c1cc[n+](Cc3ccc(F)cc3)cc1)C2.[Br-],active,470.3380000000001,1.0050999999999997,0,3,8.387216143280265
CHEMBL4099391,COc1cc2c(cc1OC)C(=O)/C(=C/c1cc[n+](Cc3ccccc3C)cc1)C2.[Br-],active,466.3750000000001,1.1744199999999998,0,3,8.236572006437063
CHEMBL4084842,COc1cc2c(cc1OC)C(=O)/C(=C/c1cc[n+](Cc3cccc(C)c3)cc1)C2.[Br-],active,466.3750000000001,1.1744199999999998,0,3,8.397940008672037
CHEMBL4076986,COc1cc2c(cc1OC)C(=O)/C(=C/c1cc[n+](Cc3ccc(C)cc3)cc1)C2.[Br-],active,466.3750000000001,1.1744199999999998,0,3,7.730487055782084
CHEMBL4063583,COc1cc2c(cc1OC)C(=O)/C(=C/c1cc[n+](Cc3ccccc3Br)cc1)C2.[Br-],active,531.2440000000001,1.6284999999999996,0,3,8.42021640338319
CHEMBL4082048,COc1cc2c(cc1OC)C(=O)/C(=C/c1cc[n+](Cc3cccc(Br)c3)cc1)C2.[Br-],active,531.2440000000001,1.6284999999999996,0,3,8.2839966563652
CHEMBL4083039,COc1cc2c(cc1OC)C(=O)/C(=C/c1cc[n+](Cc3ccc(Br)cc3)cc1)C2.[Br-],active,531.2440000000001,1.6284999999999996,0,3,7.15676722190199
CHEMBL4101018,COc1cc2c(cc1OC)C(=O)/C(=C/c1cc[n+](Cc3cccc([N+](=O)[O-])c3)cc1)C2.[Br-],active,497.34500000000014,0.7741999999999996,0,5,8.443697499232712
CHEMBL4070471,COc1cc2c(cc1OC)C(=O)/C(=C/c1cc[n+](Cc3ccc([N+](=O)[O-])cc3)cc1)C2.[Br-],active,497.34500000000014,0.7741999999999996,0,5,7.22548303427145
CHEMBL502,COc1cc2c(cc1OC)C(=O)C(CC1CCN(Cc3ccccc3)CC1)C2,active,379.50000000000017,4.361100000000004,0,4,7.424812155072339
CHEMBL1340607,COc1ccc(NC(S)=NCCN2CCC(C)CC2)cc1Cl,inactive,341.908,3.7782000000000027,2,3,4.920818753952375
CHEMBL1482486,COc1ccc(NC(S)=NCCN2CCC(C)CC2)cc1,inactive,307.463,3.1248000000000014,2,3,3.6989700043360187
CHEMBL4081932,CC1CCN(CCNC(=S)Nc2cccc(Cl)c2)CC1,inactive,311.8820000000001,3.3583000000000016,2,2,3.6989700043360187
CHEMBL4099934,COc1ccc(NC(=S)NCCN2CCCCC2)cc1,inactive,293.436,2.4675000000000002,2,3,3.9208187539523753
CHEMBL4071394,S=C(NCCN1CCCCC1)Nc1cccc(Cl)c1,inactive,297.855,3.112300000000001,2,2,3.721246399047171
CHEMBL4092186,COc1ccc(NC(=S)NCCN2CCOCC2)cc1Cl,inactive,329.85299999999995,1.9671999999999994,2,4,4.853871964321762
CHEMBL1543212,COc1ccc(NC(S)=NCCN2CCOCC2)cc1,inactive,295.40799999999996,1.7250999999999999,2,4,3.6989700043360187
CHEMBL1416246,S=C(NCCN1CCOCC1)Nc1cccc(Cl)c1,inactive,299.827,1.9585999999999995,2,3,3.6989700043360187
CHEMBL4095547,COc1cc(NC(=S)NCCN2CCOCC2)ccc1Cl,inactive,329.85299999999995,1.9671999999999994,2,4,3.6989700043360187
CHEMBL4075136,COc1ccc(NC(=S)NCCN(C)C)cc1Cl,inactive,287.816,2.1966,2,3,4.337242168318426
CHEMBL4087841,COc1ccc(NC(=S)NCCN(C)C)cc1,inactive,253.37099999999998,1.5431999999999997,2,3,3.6989700043360187
CHEMBL1301463,CN(C)CCN=C(S)Nc1cccc(Cl)c1,inactive,257.79,2.5993000000000004,2,2,3.853871964321762
CHEMBL4079963,NS(=O)(=O)c1ccc(NC(=S)NCCN2CCCCC2)cc1,inactive,342.4900000000002,1.1062999999999994,3,4,4.045757490560675
CHEMBL4104206,FC(F)(F)c1ccc(NC(=S)NCCN2CCCCC2)cc1,inactive,331.40700000000015,3.4777000000000022,2,2,3.6989700043360187
CHEMBL4092142,NS(=O)(=O)c1ccc(NC(=S)NCCN2CCOCC2)cc1,inactive,344.46200000000016,-0.04740000000000011,3,5,3.6989700043360187
CHEMBL179218,CN(C)CC/N=C(/S)Nc1ccc(S(N)(=O)=O)cc1,inactive,302.42500000000007,0.5932999999999999,3,4,3.6989700043360187
CHEMBL4064806,COc1ccccc1NC(=S)NCCN(C)C,inactive,253.37099999999998,1.5431999999999997,2,3,3.9208187539523753
CHEMBL4100253,CN(C)CCNC(=S)Nc1ccccc1Cl.O=S(=O)(O)O,inactive,355.8690000000001,1.5351999999999997,4,4,3.6989700043360187
CHEMBL4073401,COc1ccccc1NC(=S)NCCN1CCCCC1.Cl,inactive,329.8970000000001,2.8893000000000018,2,3,4.494850021680094
CHEMBL1311140,COc1ccccc1N=C(S)NCCN1CCOCC1,inactive,295.4080000000001,1.5342999999999998,2,4,3.6989700043360187
CHEMBL283509,COc1ccc(-c2cc3c(c(=O)o2)C[C@]2(O)[C@@]4(C)C(=O)C=CC(C)(C)[C@]4(O)CC[C@@]2(C)O3)cc1OC,active,496.5560000000003,3.445000000000002,2,8,9.0
CHEMBL14577,C[n+]1ccccc1C=NO.[I-],inactive,264.06600000000003,-2.6767999999999983,1,2,3.0018714928717336
CHEMBL385181,NC(=O)c1cc[n+](COC[n+]2ccccc2/C=N/O)cc1,inactive,288.307,-0.1995999999999986,2,4,3.175353585281648
CHEMBL451635,O/N=C/c1cc[n+](COC[n+]2ccc(/C=N/O)cc2)cc1,inactive,288.307,0.5096,2,5,2.663740447985807
CHEMBL4068713,COc1cc2c(cc1OC)CN(Cc1cccc(/C=N/O)c1O)CC2,inactive,342.3950000000001,2.7758000000000003,2,6,2.8979094744881633
CHEMBL4088294,COc1cc2c(cc1OC)CN(Cc1ccc(O)c(/C=N/O)c1)CC2,inactive,342.3950000000001,2.775800000000001,2,6,3.252355180671752
CHEMBL4060058,COc1cc2c(cc1OC)CN(Cc1cc(C)cc(/C=N/O)c1O)CC2,inactive,356.4220000000001,3.084220000000001,2,6,2.975514332300833
CHEMBL4080917,COc1cc2c(cc1OC)CN(Cc1cc(Cl)cc(/C=N/O)c1O)CC2,inactive,376.8400000000001,3.4292000000000016,2,6,2.8049310035314097
CHEMBL4104406,COc1cc2c(cc1OC)CN(Cc1cc(Br)cc(/C=N/O)c1O)CC2,inactive,421.2910000000001,3.538300000000002,2,6,3.0192242260373785
CHEMBL4062826,COc1cc2c(cc1OC)CN(Cc1cc(F)cc(/C=N/O)c1O)CC2,inactive,360.3850000000001,2.914900000000001,2,6,3.159580222263514
CHEMBL4100057,COc1cc(/C=N/O)c(O)c(CN2CCc3cc(OC)c(OC)cc3C2)c1,inactive,372.42100000000016,2.7844000000000007,2,7,2.8594919569618202
CHEMBL4073838,COc1cc2c(cc1OC)C(c1ccccc1)N(Cc1cccc(/C=N/O)c1O)CC2,inactive,418.49300000000017,4.365200000000002,2,6,3.0420098215931697
CHEMBL4100639,COc1cc2c(cc1OC)C(c1ccccc1)N(Cc1ccc(O)c(/C=N/O)c1)CC2,inactive,418.49300000000017,4.365200000000002,2,6,3.2037032599482083
CHEMBL4065242,COc1cc2c(cc1OC)C(c1ccccc1)N(Cc1cc(C)cc(/C=N/O)c1O)CC2,inactive,432.5200000000002,4.673620000000004,2,6,2.9492336887669577
CHEMBL4092905,COc1cc2c(cc1OC)C(c1ccccc1)N(Cc1cc(Cl)cc(/C=N/O)c1O)CC2,inactive,452.93800000000016,5.0186000000000055,2,6,2.918292729902651
CHEMBL4091945,COc1cc2c(cc1OC)C(c1ccccc1)N(Cc1cc(Br)cc(/C=N/O)c1O)CC2,inactive,497.3890000000002,5.127700000000005,2,6,3.047788941891331
CHEMBL4076907,COc1cc2c(cc1OC)C(c1ccccc1)N(Cc1cc(F)cc(/C=N/O)c1O)CC2,inactive,436.4830000000002,4.504300000000004,2,6,3.122225650008602
CHEMBL4084189,COc1cc(/C=N/O)c(O)c(CN2CCc3cc(OC)c(OC)cc3C2c2ccccc2)c1,inactive,448.5190000000002,4.373800000000004,2,7,3.0403386297265045
CHEMBL4062487,COc1cc2c(cc1OC)CN(CC1CCN(Cc3cccc(/C=N/O)c3O)CC1)CC2,inactive,439.5560000000002,3.487800000000002,2,7,3.0956090799876383
CHEMBL4061404,COc1cc2c(cc1OC)CN(CC1CCN(Cc3ccc(O)c(/C=N/O)c3)CC1)CC2,inactive,439.5560000000002,3.487800000000002,2,7,3.4052760535902533
CHEMBL4089550,COc1cc2c(cc1OC)CN(CC1CCN(Cc3cc(C)cc(/C=N/O)c3O)CC1)CC2,inactive,453.58300000000025,3.7962200000000026,2,7,3.379343520180379
CHEMBL4102122,COc1cc2c(cc1OC)CN(CC1CCN(Cc3cc(Cl)cc(/C=N/O)c3O)CC1)CC2,inactive,474.00100000000026,4.141200000000003,2,7,3.196065150136158
CHEMBL4077866,COc1cc2c(cc1OC)CN(CC1CCN(Cc3cc(Br)cc(/C=N/O)c3O)CC1)CC2,inactive,518.4520000000001,4.250300000000003,2,7,3.245651664288981
CHEMBL4064154,COc1cc2c(cc1OC)CN(CC1CCN(Cc3cc(F)cc(/C=N/O)c3O)CC1)CC2,inactive,457.5460000000002,3.626900000000002,2,7,3.181708109200004
CHEMBL4085722,COc1cc(/C=N/O)c(O)c(CN2CCC(CN3CCc4cc(OC)c(OC)cc4C3)CC2)c1,inactive,469.5820000000004,3.496400000000002,2,8,3.071655364735138
CHEMBL4086639,COc1cc2c(cc1OC)C(c1ccccc1)N(CC1CCN(Cc3cccc(/C=N/O)c3O)CC1)CC2,inactive,515.6540000000003,5.077200000000005,2,7,3.1305335899191333
CHEMBL4104534,COc1cc2c(cc1OC)C(c1ccccc1)N(CC1CCN(Cc3ccc(O)c(/C=N/O)c3)CC1)CC2,inactive,515.6540000000003,5.077200000000005,2,7,3.631341287607773
CHEMBL4094380,COc1cc2c(cc1OC)C(c1ccccc1)N(CC1CCN(Cc3cc(C)cc(/C=N/O)c3O)CC1)CC2,inactive,529.6810000000003,5.385620000000006,2,7,3.280088935801661
CHEMBL4066891,COc1cc2c(cc1OC)C(c1ccccc1)N(CC1CCN(Cc3cc(Cl)cc(/C=N/O)c3O)CC1)CC2,inactive,550.0990000000002,5.730600000000006,2,7,3.0265026912679365
CHEMBL4091001,COc1cc2c(cc1OC)C(c1ccccc1)N(CC1CCN(Cc3cc(Br)cc(/C=N/O)c3O)CC1)CC2,inactive,594.55,5.839700000000007,2,7,3.009927665307847
CHEMBL4063109,COc1cc2c(cc1OC)C(c1ccccc1)N(CC1CCN(Cc3cc(F)cc(/C=N/O)c3O)CC1)CC2,inactive,533.6440000000002,5.216300000000006,2,7,3.1646265475299913
CHEMBL4064304,COc1cc(/C=N/O)c(O)c(CN2CCC(CN3CCc4cc(OC)c(OC)cc4C3c3ccccc3)CC2)c1,inactive,545.6800000000002,5.085800000000005,2,8,3.264880365918128
CHEMBL4080800,Cc1ccc(C2c3ccccc3N(C)c3ccccc32)cc1,inactive,285.39000000000004,5.2565200000000045,0,1,4.698970004336019
CHEMBL4094837,COc1ccc(C2c3ccccc3N(C)c3ccccc32)cc1,inactive,301.389,4.956700000000004,0,2,4.698970004336019
CHEMBL4090498,C[n+]1c2ccccc2c(-c2ccccc2)c2ccccc21.F[B-](F)(F)F,inactive,357.159,5.784500000000003,0,0,4.212539525481585
CHEMBL4069472,Cc1ccc(-c2c3ccccc3[n+](C)c3ccccc23)cc1.F[B-](F)(F)F,inactive,371.186,6.092920000000003,0,0,4.3819519032879075
CHEMBL4080726,CCN(CC)c1ccc(-c2c3ccccc3[n+](C)c3ccccc23)cc1.F[B-](F)(F)F,inactive,428.282,6.6307000000000045,0,1,4.598599459218456
CHEMBL4097249,C[n+]1c2ccccc2c(-c2ccc(NC(=O)C(F)(F)F)cc2)c2ccccc21.F[B-](F)(F)F,inactive,468.18100000000004,6.285300000000004,1,1,4.437707135543525
CHEMBL4070057,CC(=O)Nc1ccc(-c2c3ccccc3[n+](C)c3ccccc23)cc1.F[B-](F)(F)F,inactive,414.211,5.742900000000002,1,1,4.265200170411153
CHEMBL4078265,C[n+]1c2ccccc2c(-c2ccc(F)cc2)c2ccccc21.F[B-](F)(F)F,inactive,375.149,5.923600000000004,0,0,4.490797477668897
CHEMBL4096311,COc1ccc(-c2c3ccccc3[n+](C)c3ccccc23)cc1.F[B-](F)(F)F,inactive,387.185,5.793100000000003,0,1,4.863279432843593
CHEMBL4067342,C[n+]1c2ccccc2c(-c2cc(C(C)(C)C)cc(C(C)(C)C)c2O)c2ccccc21.F[B-](F)(F)F,inactive,485.3740000000001,8.085100000000008,1,1,4.698970004336019
CHEMBL4088594,Cc1cc(-c2c3ccccc3[n+](C)c3ccccc23)cc(C)c1O.F[B-](F)(F)F,inactive,401.21200000000005,6.106940000000004,1,1,4.302770657240282
CHEMBL4071110,Cc1cc(-c2c3ccccc3[n+](C)c3ccccc23)cc(C)c1C.F[B-](F)(F)F,inactive,399.24000000000007,6.709760000000005,0,0,4.221125527997261
CHEMBL4091935,C[n+]1c2ccccc2c(-c2c(O)ccc3ccccc23)c2ccccc21.F[B-](F)(F)F,inactive,423.2180000000001,6.643300000000004,1,1,4.698970004336019
CHEMBL4070092,C[n+]1c2ccccc2c(-c2cccs2)c2ccccc21.F[B-](F)(F)F,inactive,363.188,5.846000000000004,0,1,4.388276691992658
CHEMBL4077169,CN1c2ccccc2C(N2CCOCC2)c2ccccc21,inactive,280.3709999999999,3.1895000000000016,0,3,4.910094888560602
CHEMBL4065259,CN1c2ccccc2C(N2CCSCC2)c2ccccc21,inactive,296.43899999999996,3.906100000000003,0,3,4.928117992693875
CHEMBL4075825,CN1c2ccccc2C(n2cncn2)c2ccccc21,inactive,262.31600000000003,2.9971000000000014,0,4,4.72584215073632
CHEMBL4075624,CN1c2ccccc2C(n2cnc([N+](=O)[O-])n2)c2ccccc21,inactive,307.313,2.9053000000000013,0,6,4.777283528852417
CHEMBL4088659,CN1c2ccccc2C(n2nnc3ccccc32)c2ccccc21,inactive,312.37600000000003,4.150300000000003,0,4,4.906578314837765
CHEMBL4074993,CN1c2ccccc2C(n2c3ccccc3c3ccccc32)c2ccccc21,inactive,360.4600000000001,6.513500000000006,0,2,4.698970004336019
CHEMBL4063635,C[n+]1c2ccccc2c(N)c2ccccc21.F[B-](F)(F)F,inactive,296.07599999999996,3.6997000000000018,1,1,4.403402904373539
CHEMBL4083288,CCCCNc1c2ccccc2[n+](C)c2ccccc12.F[B-](F)(F)F,inactive,352.18399999999997,5.329500000000004,1,1,4.698970004336019
CHEMBL95,Nc1c2c(nc3ccccc13)CCCC2,active,198.26899999999992,2.695800000000001,1,2,6.221848749616356
CHEMBL4091683,CCN(CCCCN1C(=O)c2ccccc2C1=O)Cc1ccccc1,active,336.4350000000001,3.584900000000003,0,3,6.167491087293763
CHEMBL4069776,CCN(CCCCN1C(=O)c2ccccc2C1=O)Cc1ccccc1OC,active,366.4610000000002,3.5935000000000024,0,4,6.552841968657781
CHEMBL4089264,CCN(CCCCCCN1C(=O)c2ccccc2C1=O)Cc1ccccc1OC,active,394.5150000000002,4.373700000000004,0,4,6.229147988357855
CHEMBL502,COc1cc2c(cc1OC)C(=O)C(CC1CCN(Cc3ccccc3)CC1)C2,active,379.50000000000017,4.361100000000004,0,4,7.721246399047171
CHEMBL887,C#CCN[C@@H]1CCc2ccccc21,active,171.243,1.8967,1,1,7.721246399047171
CHEMBL3425895,CCn1c2ccccc2c2cc(/C=C/c3ccc4ccccc4[n+]3C)ccc21.[I-],active,490.3880000000001,2.9665000000000026,0,1,6.522878745280337
CHEMBL3425894,C[n+]1c(/C=C/c2cc3ccccc3[nH]2)ccc2ccccc21.[I-],active,412.27400000000006,1.3199999999999994,1,0,6.154901959985743
CHEMBL1242180,CN(C)c1ccc(/C=C/c2ccc3ccccc3[n+]2C)cc1.[I-],active,416.306,0.9046999999999992,0,1,6.301029995663981
CHEMBL4097284,CCN(CC)c1ccc(/C=C/c2ccc3ccccc3[n+]2C)c(OC)c1.[I-],active,474.38600000000014,1.6935,0,2,6.154901959985743
CHEMBL4066392,CCN(CC)c1ccc(/C=C/c2ccc3ccccc3[n+]2C)cc1.[I-],active,444.36000000000007,1.6848999999999998,0,1,6.3979400086720375
CHEMBL4080358,CCN(CC)c1ccc(/C=C/c2ccc3ccccc3[n+]2C)c(Cl)c1.[I-],active,478.80500000000006,2.3383000000000003,0,1,6.221848749616356
CHEMBL4096862,CCN(CC)c1ccc(/C=C/c2ccc3ccccc3[n+]2C)c(OC)n1.[I-],active,475.37400000000014,1.0885000000000002,0,3,6.0
CHEMBL95,Nc1c2c(nc3ccccc13)CCCC2,active,198.26899999999992,2.695800000000001,1,2,6.522878745280337
CHEMBL502,COc1cc2c(cc1OC)C(=O)C(CC1CCN(Cc3ccccc3)CC1)C2,active,379.50000000000017,4.361100000000004,0,4,7.522878745280337
CHEMBL4079599,CCCCCCOC(=O)[C@@H](CCC(=O)NCCC1CCN(Cc2ccccc2)CC1)NC(=O)c1ccccc1,active,535.7290000000004,5.107200000000004,2,5,6.050609993355087
CHEMBL4071149,CCOC(=O)CC[C@H](NC(=O)OCc1ccccc1)C(=O)OCC,inactive,337.3720000000001,2.1878,1,6,5.0
CHEMBL4094833,CCOC(=O)CC[C@@H](NC(=O)OCc1ccccc1)C(=O)OCC,inactive,337.3720000000001,2.1878,1,6,5.0
CHEMBL4078305,O=C(CC[C@H](NC(=O)c1ccccc1)C(=O)O)NCCC1CCN(Cc2ccccc2)CC1,active,451.5670000000004,3.0683000000000016,3,4,6.119186407719209
CHEMBL4064686,O=C(CC[C@@H](NC(=O)c1ccccc1)C(=O)O)NCCC1CCN(Cc2ccccc2)CC1,inactive,451.5670000000004,3.0683000000000016,3,4,4.698970004336019
CHEMBL4073273,COc1ccc2cc(C(=O)N[C@@H](CCC(=O)NCCC3CCN(Cc4ccccc4)CC3)C(=O)O)ccc2c1,inactive,531.6530000000004,4.230100000000002,3,5,4.818156412055227
CHEMBL4093947,CCOC(=O)[C@H](CCC(=O)NCCC1CCN(Cc2ccccc2)CC1)NC(=O)c1ccccc1,active,479.62100000000015,3.5468,2,5,6.070581074285707
CHEMBL4059766,CCOC(=O)[C@@H](CCC(=O)NCCC1CCN(Cc2ccccc2)CC1)NC(=O)c1ccccc1,active,479.62100000000015,3.5468,2,5,6.301029995663981
CHEMBL4080691,CCOC(=O)[C@H](CCC(=O)NCCC1CCN(Cc2ccccc2)CC1)NC(=O)c1ccc2cc(OC)ccc2c1,active,559.7070000000002,4.708600000000003,2,6,6.050609993355087
CHEMBL502,COc1cc2c(cc1OC)C(=O)C(CC1CCN(Cc3ccccc3)CC1)C2,active,379.50000000000017,4.361100000000004,0,4,8.0
CHEMBL4098654,CCN(CCCCNC(=O)COc1ccc(-c2cc(=O)c3c(OC)c(OC)c(OC)cc3o2)cc1)Cc1ccccc1OC,active,604.7000000000004,5.291700000000006,1,9,7.200659450546418
CHEMBL4100298,CCN(CCCCNC(=O)COc1ccc(-c2cc(=O)c3c(O)c(OC)c(OC)cc3o2)cc1)Cc1ccccc1OC,active,590.6730000000003,4.988700000000004,2,9,7.4089353929735005
CHEMBL502,COc1cc2c(cc1OC)C(=O)C(CC1CCN(Cc3ccccc3)CC1)C2,active,379.50000000000017,4.361100000000004,0,4,7.920818753952375
CHEMBL95,Nc1c2c(nc3ccccc13)CCCC2,active,198.26899999999992,2.695800000000001,1,2,6.221848749616356
CHEMBL75121,COc1cc2cc(-c3ccc(CN(C)Cc4ccccc4)cc3)c(=O)oc2cc1OC,active,415.48900000000015,5.109200000000005,0,5,7.351639989019068
CHEMBL4100407,Cc1ccc2c(c1)C(=O)C(=O)N2C(=O)N(C)C,active,232.23899999999998,1.2059199999999999,0,3,6.840132152907433
CHEMBL4073582,Cc1ccc2c(c1)C(=O)C(=O)N2C(=O)c1ccccc1,active,265.268,2.36472,0,3,6.0
CHEMBL4074655,Cc1ccc2c(c1)C(=O)C(=O)N2Cc1ccccc1[N+](=O)[O-],active,296.28200000000004,2.632720000000001,0,4,6.700057099977233
CHEMBL511921,Cc1ccc2c(c1)C(=O)C(=O)N2Cc1ccc(Br)cc1,active,330.181,3.487020000000002,0,2,6.69000807121882
CHEMBL4100935,O=C1C(=O)N(Cc2ccc(Br)cc2)c2ccc(Br)cc21,active,395.05,3.9411000000000014,0,2,7.0499760934766735
CHEMBL4082959,O=C1C(=O)N(Cc2ccccc2[N+](=O)[O-])c2ccc(Br)cc21,active,361.151,3.086800000000001,0,4,6.580044251510242
CHEMBL4062800,COc1ccc(NCc2ccc3c(c2)C(=O)C(=O)N3C(=O)c2ccccc2)cc1,active,386.4070000000001,3.6770000000000023,1,5,6.770062314092066
CHEMBL4090751,O=C1C(=O)N(C(=O)c2ccccc2)c2ccc(CNc3ccc(Br)cc3)cc21,active,435.2770000000001,4.430900000000004,1,4,6.400007822415902
CHEMBL4085450,O=C1C(=O)N(C(=O)c2ccccc2)c2ccc(CN3CCCCC3)cc21,active,348.4020000000002,3.042200000000002,0,4,7.100015437450609
CHEMBL4063877,CN1CCN(Cc2ccc3c(c2)C(=O)C(=O)N3C(=O)c2ccccc2)CC1,active,363.4170000000001,1.8037,0,5,7.320027305722581
CHEMBL4068888,CCN(CC)Cc1ccc(NC(=O)c2ccccc2)c(C(=O)C(=O)N(CC)CC)c1,active,409.53000000000026,3.831800000000003,1,4,7.349984047528161
CHEMBL4077157,O=C(Nc1ccc(CN2CCOCC2)cc1C(=O)C(=O)N1C(=O)CCC1=O)c1ccccc1,active,449.4630000000002,1.6293999999999993,1,7,6.640012825558708
CHEMBL4094543,Cc1ccc2c(c1)CC(=O)N2C(=O)c1ccccc1,active,251.28500000000003,2.724520000000001,0,2,6.0
CHEMBL4067881,O=C(O)CCC(=O)NCc1ccc2c(c1)CC(=O)N2C(=O)c1ccccc1,active,366.37300000000005,1.8970999999999998,2,4,6.0
CHEMBL4065639,COC(=O)C(=O)c1cc(C)ccc1NC(=O)c1ccccc1,active,297.31,2.6030200000000008,1,4,6.0
CHEMBL502,COc1cc2c(cc1OC)C(=O)C(CC1CCN(Cc3ccccc3)CC1)C2,active,379.50000000000017,4.361100000000004,0,4,7.299988937677887
CHEMBL4125708,C=C(C)[C@H](O)CC[C@]1(C)[C@@H](CC=C(C)C)C[C@@]2(CC=C(C)C)C(=O)[C@]1(C(=O)C(C)C)C(=O)C1=C2O[C@H](C(C)(C)O)C1,inactive,568.7950000000003,6.606000000000008,2,6,4.577902836868289
CHEMBL4128985,C=C(C)[C@H](O)CC[C@]1(C)[C@@H](CC=C(C)C)C[C@@]2(CC=C(C)C)C(=O)[C@]1(C(=O)C(C)C)C(=O)C1=C2O[C@@H](C(C)(C)O)C1,inactive,568.7950000000003,6.606000000000008,2,6,4.600845666041783
CHEMBL4127747,CC(C)=CC[C@H]1C[C@@]2(CC=C(C)C)C(=O)[C@](C(=O)C(C)C)(C(=O)C3=C2O[C@H](C(C)(C)O)C3)[C@]1(C)CCC(=O)C(C)C,inactive,568.7950000000004,6.894100000000009,1,6,4.963371104637839
CHEMBL4129147,CC(C)=CCC1=C2O[C@H](C(C)(C)O)C[C@@]23C[C@H](CC=C(C)C)[C@@](C)(CCC(=O)C(C)C)[C@@](C(=O)C(C)C)(C1=O)C3=O,inactive,568.7950000000003,6.894100000000008,1,6,4.615109203469446
CHEMBL4129007,CC(C)=CCC[C@]1(C)[C@@H](CC=C(C)C)C[C@]2(CC=C(C)C)C(=O)C3=C(O[C@@H](C(C)(C)O)[C@@H]3O)[C@@]1(C(=O)C(C)C)C2=O,inactive,568.7950000000003,6.606000000000009,2,6,4.901356274182943
CHEMBL4128040,C=C(C)[C@H](O)CC[C@]1(C)[C@@H](CC=C(C)C)C[C@]2(CC=C(C)C)C(=O)C3=C(O[C@H](C(C)(C)O)C3)[C@@]1(C(=O)C(C)C)C2=O,inactive,568.7950000000003,6.606000000000008,2,6,4.707743928643524
CHEMBL4128191,C=C(C)[C@@H](O)CC[C@]1(C)[C@@H](CC=C(C)C)C[C@]2(CC=C(C)C)C(=O)C3=C(O[C@H](C(C)(C)O)C3)[C@@]1(C(=O)C(C)C)C2=O,inactive,568.7950000000003,6.606000000000008,2,6,4.969805214643249
CHEMBL95,Nc1c2c(nc3ccccc13)CCCC2,active,198.26899999999992,2.695800000000001,1,2,6.568636235841013
CHEMBL4129940,CC(C)=CCC[C@]1(C)[C@@H](CC=C(C)C)C[C@@]2(CC=C(C)C)C(=O)[C@]1(C(=O)C(C)C)C(=O)C1=C2O[C@@H](C(C)(C)O)[C@@H]1O,inactive,568.7950000000005,6.606000000000009,2,6,4.9484616094846725
CHEMBL4126674,CC(C)=CCC[C@]1(C)[C@@H](CC=C(C)C)C[C@@]2(CC=C(C)C)C(=O)[C@]1(C(=O)C(C)C)C(=O)C1=C2O[C@H](C(C)(C)O)[C@H]1O,inactive,568.7950000000005,6.606000000000009,2,6,4.731656086048935
CHEMBL1256415,COc1ccc2nc3c(c(N)c2c1)CCCC3,inactive,228.29499999999993,2.7044000000000006,1,3,4.823908740944319
CHEMBL502,COc1cc2c(cc1OC)C(=O)C(CC1CCN(Cc3ccccc3)CC1)C2,active,379.50000000000017,4.361100000000004,0,4,8.244125144327509
CHEMBL95,Nc1c2c(nc3ccccc13)CCCC2,active,198.26899999999992,2.695800000000001,1,2,6.638272163982407
CHEMBL4163705,OCC1CCN(Cc2cc(Cl)c3ccccc3n2)CC1,inactive,290.7940000000001,3.092500000000001,1,3,5.0
CHEMBL4164010,O=CC1CCN(Cc2cc(Cl)c3ccccc3n2)CC1,inactive,288.7780000000001,3.299100000000002,0,3,5.0
CHEMBL4176598,[N-]=[N+]=Nc1cc(CN2CCC(C=O)CC2)nc2ccccc12,inactive,295.346,3.587500000000002,0,4,5.0
CHEMBL4164347,COc1cc2c(cc1OC)C(=O)/C(=C/C1CCN(Cc3cc(Cl)c4ccccc4n3)CC1)C2,inactive,462.97700000000026,5.4828000000000054,0,5,5.0
CHEMBL4174514,COc1cc2c(cc1OC)C(=O)C(CC1CCN(Cc3cc(Cl)c4ccccc4n3)CC1)C2,inactive,464.9930000000002,5.562700000000006,0,5,5.0
CHEMBL4166300,COc1cc2c(cc1OC)C(=O)/C(=C/C1CCN(Cc3cc(N)c4ccccc4n3)CC1)C2,active,443.54700000000025,4.4116000000000035,1,6,7.853871964321762
CHEMBL4174269,COc1cc2c(cc1OC)C(=O)C(CC1CCN(Cc3cc(N)c4ccccc4n3)CC1)C2,active,445.5630000000003,4.491500000000003,1,6,6.1487416512809245
CHEMBL1187434,COc1cc2c(cc1OC)C(=O)C(CC1CCN(CCCNc3c4c(nc5cc(Cl)ccc35)CCCC4)CC1)C2,active,562.1540000000001,6.743500000000007,1,6,9.568636235841012
CHEMBL4175159,COc1ccc2c3c1O[C@H]1C[C@@H](O)C=C[C@@]31[C@H](O)C[N@@+](C)([O-])C2,inactive,319.35700000000014,0.8337,2,5,3.6989700043360187
CHEMBL4164525,COc1ccc2c3c1O[C@H]1C[C@@H](O)CC[C@@]31CC[N@@+](C)([O-])C2,inactive,305.374,2.0869,1,4,3.6989700043360187
CHEMBL409610,COc1ccc2c3c1O[C@H]1C[C@@H](O)C=C[C@@]31[C@H](O)CN(C)C2,inactive,303.3580000000001,0.8211,2,5,3.6989700043360187
CHEMBL400092,O[C@H]1[C@H]2c3cc4c(cc3CN3CCC(=C[C@@H]1O)[C@H]23)OCO4,inactive,287.31500000000005,0.7485999999999997,2,5,3.6989700043360187
CHEMBL4160912,COc1cc2c(cc1O)[C@@H]1[C@H](O)[C@@H](OC)C=C3CCN(C2)[C@H]31,inactive,303.35800000000006,1.3882,2,5,3.6989700043360187
CHEMBL4164315,CO[C@@H]1C=C[C@@]23c4cc5c(cc4C[N@@+]([O-])(CCc4ccc(O)cc4)[C@@H]2C(=O)N(C)[C@H]3C1)OCO5,inactive,464.5180000000002,2.6136999999999997,1,6,3.6989700043360187
CHEMBL4174963,CO[C@@H]1C=C[C@@]23c4cc5c(cc4CN(C)[C@@H]2C(=O)N(C)[C@H]3C1)OCO5,inactive,342.39500000000015,1.2825999999999997,0,5,3.6989700043360187
CHEMBL4167757,CO[C@@H]1C=C[C@@]23c4cc5c(cc4CN(CCc4ccc(O)cc4)[C@@H]2C(=O)N(C)[C@H]3C1)OCO5,inactive,448.51900000000023,2.6010999999999997,1,6,3.6989700043360187
CHEMBL4159837,CO[C@@H]1C=C[C@@]23c4cc5c(cc4CN(CCc4ccccc4)[C@@H]2C(=O)N(C)[C@H]3C1)OCO5,inactive,432.5200000000002,2.8955,0,5,3.6989700043360187
CHEMBL4164387,CO[C@@H]1C=C[C@@]23c4cc5c(cc4CN(CCC(C)C)[C@@H]2C(=O)N(C)[C@H]3C1)OCO5,inactive,398.50300000000016,2.6989,0,5,3.6989700043360187
CHEMBL4165897,COc1cc2c(cc1O)[C@@H]1[C@H](O)[C@@H](OC)C=C3CC[N@@+]([O-])(C2)[C@H]31,inactive,319.3570000000001,1.4008,2,5,3.6989700043360187
CHEMBL4173815,COc1cc2c(cc1OC)[C@@H]1[C@H](O)[C@@H](OC)C=C3CC[N@+]([O-])(C2)[C@H]31,inactive,333.3840000000001,1.7037999999999998,1,5,3.6989700043360187
CHEMBL4162452,CO[C@@H]1C=C[C@@]2(CN(CCC(C)C)Cc3cc4c(cc32)OCO4)[C@@H](N(C)C=O)C1,inactive,400.5190000000002,2.9465000000000012,0,5,3.6989700043360187
CHEMBL4170372,CO[C@@H]1C=C[C@@]23c4cc5c(cc4C(=O)N(CCC(C)C)[C@@H]2CN(C)[C@@H]3C1)OCO5,inactive,398.5030000000002,2.812500000000001,0,5,3.6989700043360187
CHEMBL4162043,CO[C@@H]1C=C[C@@]23c4cc5c(cc4C[N@@+]([O-])(CCc4ccccc4)[C@@H]2C(=O)N(C)[C@H]3C1)OCO5,inactive,448.5190000000002,2.908100000000001,0,5,3.6989700043360187
CHEMBL4169326,CO[C@@H]1C=C[C@@]23c4cc5c(cc4C(=O)N(C)[C@@H]2C(=O)N(C)[C@H]3C1)OCO5,inactive,356.37800000000016,0.9227999999999998,0,5,3.6989700043360187
CHEMBL4177164,CO[C@@H]1C=C[C@@]23c4cc5c(cc4C(=O)N(CCC(C)C)[C@@H]2C(=O)N(C)[C@H]3C1)OCO5,inactive,412.4860000000002,2.3391,0,5,3.6989700043360187
CHEMBL4160856,CN[C@H]1C[C@H](OC)C=C[C@@]12C(=O)N(CCC(C)C)Cc1cc3c(cc12)OCO3,inactive,386.4920000000002,2.6043000000000003,1,5,3.6989700043360187
CHEMBL4168790,CO[C@@H]1C=C[C@@]23c4cc5c(cc4CN(CCC(C)C)[C@]2(C(C)=O)C(=O)N(C)[C@H]3C1)OCO5,inactive,440.54000000000025,2.6581,0,6,3.6989700043360187
CHEMBL4167958,COc1ccc2c3c1O[C@H]1C[C@H](O)CC[C@@]31CCN(C)C2,inactive,289.375,2.0743,1,4,4.2373214362725635
CHEMBL469638,COc1ccc2c3c1O[C@H]1C[C@@H](O)CC[C@@]31CCN(C)C2,inactive,289.375,2.0743,1,4,4.697452627512514
CHEMBL586091,COc1cc2c(cc1O)[C@@H]1[C@H](O)[C@@H](O)C=C3CCN(C2)[C@H]31,inactive,289.331,0.7341,3,5,3.7266977214323433
CHEMBL4172271,COc1cc2c3c(c1)c1cc(=O)c(OC)cc-1cn3CC2,inactive,281.31100000000004,2.6796000000000006,0,4,4.448428026325747
CHEMBL4172720,CO[C@@H]1C=C[C@@]23c4cc5c(cc4C[N@@+]([O-])(CCO)[C@@H]2C(=O)N(C)[C@H]3C1)OCO5,inactive,388.4200000000002,0.6576999999999997,1,6,3.8990783196791536
CHEMBL502,COc1cc2c(cc1OC)C(=O)C(CC1CCN(Cc3ccccc3)CC1)C2,active,379.50000000000017,4.361100000000004,0,4,7.692503962086787
CHEMBL95,Nc1c2c(nc3ccccc13)CCCC2,active,198.26899999999992,2.695800000000001,1,2,6.372634143407267
CHEMBL4163781,O=C(NCCCCCCNCc1ccc2ccccc2c1)c1cc(Cl)nc(Cl)c1,inactive,430.37900000000013,5.621600000000005,2,3,4.001304841688344
CHEMBL4164186,O=C(Nc1cc(Cl)nc(Cl)c1)OCCCCCNCc1c[nH]c2ccccc12,active,421.32800000000015,5.378300000000003,3,4,6.188424994129407
CHEMBL4160790,O=C(Nc1cc(Cl)nc(Cl)c1)OCCCCCCNCc1ccccc1,active,396.31800000000015,5.287100000000003,2,4,6.11975822410452
CHEMBL4164524,O=C(Nc1cc(Cl)nc(Cl)c1)OCCCCCNCc1ccccc1,active,382.2910000000001,4.897000000000003,2,4,6.815308569182402
CHEMBL4173258,C#CCN(C)Cc1cc2cc(OCCCN3CCCCC3)ccc2n1C,active,353.5100000000001,3.4981000000000027,0,4,6.275724130399211
CHEMBL4168617,O=C(O)C(F)(F)F.O=C1CC[C@@]2(C=CNC3=C2C2=NCCc4c[nH]c(c42)C3=O)C=C1Br,inactive,498.2550000000002,3.188600000000001,3,5,3.9355420107730814
CHEMBL4160694,O=C(O)C(F)(F)F.O=C1C2=C(C3=NCCc4c[nH]c1c43)C1(C=CN2)C=C(Br)C(O)C(Br)=C1,inactive,577.1510000000001,3.479000000000001,4,5,3.8181564120552274
CHEMBL462946,O=C(O)C(F)(F)F.O=C1C=C2S[C@H]3C[C@]2(C=C1Br)C1=C(N3)C(=O)c2[nH]cc3c2C1=NCC3,inactive,528.306,3.241600000000001,3,6,4.306273051076353
CHEMBL553245,O=C([O-])C(F)(F)F.O=C1C2=C3C4=[N+](CCc5c[nH]c1c54)[C@@H]1C(=O)C=C4S[C@@H](C[C@@]43[C@H]1O)N2,inactive,465.40900000000016,-0.6163000000000007,3,7,3.8013429130455774
CHEMBL4172401,CNC(=O)Oc1ccc2c(c1)[C@]1(C)CCN[C@@H]1N2.O=C(O)c1ccccc1O,inactive,385.4200000000001,2.4978000000000002,5,6,4.838631997765025
CHEMBL4172401,CNC(=O)Oc1ccc2c(c1)[C@]1(C)CCN[C@@H]1N2.O=C(O)c1ccccc1O,active,385.4200000000001,2.4978000000000002,5,6,7.508638306165727
CHEMBL1171719,CC(C)=CCC[C@@](C)(O)[C@H]1CC=C(C)CC1,active,222.37199999999996,4.2302000000000035,1,1,8.0
CHEMBL4162070,CN1CCc2cc3c(cc2[C@H]1[C@H]1O[C@@H](O)c2c1ccc1c2OCO1)OCO3,inactive,369.3730000000002,2.4353999999999996,1,7,4.0
CHEMBL4176125,CN1CCc2cc3c(cc2[C@@]12C(=O)c1ccc4c(c1[C@@H]2O)OCO4)OCO3,inactive,367.35700000000014,1.7570999999999999,1,7,4.0
CHEMBL4165513,CN1CCc2cc3c(cc2[C@H]1[C@H]1OC(=O)c2c1ccc1c2OCO1)OCO3,inactive,367.3570000000002,2.5846999999999998,0,7,4.0
CHEMBL2314746,COc1ccc2c(c1O)CN1CCc3cc4c(cc3C1C2)OCO4,inactive,325.3640000000001,2.785000000000001,1,5,4.0
CHEMBL4168934,CN1CCc2cc3c(cc2C1=O)OCO3,inactive,205.21299999999994,1.0434,0,3,4.0
CHEMBL4164418,CO[C@@H]1O[C@H]([C@@H]2c3cc4c(cc3CCN2C)OCO4)c2ccc3c(c21)OCO3,inactive,383.40000000000015,3.089500000000001,0,7,4.0
CHEMBL453019,CN1CCc2cc3c(cc2C(=O)Cc2ccc4c(c2C1)OCO4)OCO3,inactive,353.37400000000014,2.5573000000000006,0,6,4.0
CHEMBL4173190,CN1CCc2cc3c(cc2C12OCc1c(ccc4c1OCO4)C2=O)OCO3,inactive,367.35700000000014,2.1978,0,7,4.0
CHEMBL465678,CN1Cc2c(ccc3c2OCO3)-c2ccc3cc4c(cc3c21)OCO4,inactive,333.3430000000001,3.9140000000000033,0,5,4.0
CHEMBL4171637,COC1c2c(ccc3c2OCO3)-c2ccc3cc4c(cc3c2N1C)OCO4,inactive,363.36900000000014,4.059000000000004,0,6,4.014124642691606
CHEMBL4163761,CC1(c2nccc3cc4c(cc23)OCO4)OC(O)c2c1ccc1c2OCO1,inactive,365.3410000000001,2.976800000000001,1,7,4.94692155651658
CHEMBL4163761,CC1(c2nccc3cc4c(cc23)OCO4)OC(O)c2c1ccc1c2OCO1,inactive,365.3410000000001,2.976800000000001,1,7,4.913640169325252
CHEMBL4164862,CO[C@@H]1O[C@@](C)(c2nccc3cc4c(cc23)OCO4)c2ccc3c(c21)OCO3,inactive,379.36800000000017,3.6309000000000022,0,7,4.0
CHEMBL4175494,CO[C@H]1O[C@](C)(c2nccc3cc4c(cc23)OCO4)c2ccc3c(c21)OCO3,inactive,379.36800000000017,3.6309000000000022,0,7,4.0
CHEMBL4168299,CO[C@H]1O[C@@](C)(c2nccc3cc4c(cc23)OCO4)c2ccc3c(c21)OCO3,inactive,379.36800000000017,3.6309000000000022,0,7,4.548213564475709
CHEMBL4160394,CO[C@@H]1O[C@](C)(c2nccc3cc4c(cc23)OCO4)c2ccc3c(c21)OCO3,inactive,379.36800000000017,3.6309000000000022,0,7,4.0
CHEMBL4165471,c1cc2cc3c(cc2c([C@H]2Oc4ccc5c(c4O2)OCO5)n1)OCO3,inactive,337.2870000000001,3.162200000000002,0,7,4.1073489661227
CHEMBL4173389,c1cc2cc3c(cc2c([C@@H]2Oc4ccc5c(c4O2)OCO5)n1)OCO3,inactive,337.2870000000001,3.162200000000002,0,7,4.0
CHEMBL4170793,C[C@]1(c2nccc3cc4c(cc23)OCO4)Oc2ccc3c(c2O1)OCO3,inactive,351.31400000000014,3.3363000000000005,0,7,4.0
CHEMBL4160151,C[C@@]1(c2nccc3cc4c(cc23)OCO4)Oc2ccc3c(c2O1)OCO3,inactive,351.31400000000014,3.3363000000000005,0,7,4.0
CHEMBL4167398,C[C@@H](c1ccc2c(c1O)OCO2)c1nccc2cc3c(cc12)OCO3,inactive,337.3310000000001,3.5496000000000025,1,6,4.0
CHEMBL4175274,C[C@H](c1ccc2c(c1O)OCO2)c1nccc2cc3c(cc12)OCO3,inactive,337.3310000000001,3.5496000000000025,1,6,4.0
CHEMBL4163678,COc1ccc(C(=O)CCc2cc[n+](Cc3cccc(F)c3)cc2C#N)cc1OC.[Br-],active,485.3530000000001,0.86988,0,4,7.958607314841775
CHEMBL4175003,COc1ccc(C(=O)CCc2cc[n+](Cc3ccccc3C(F)(F)F)cc2C#N)cc1OC.[Br-],active,535.3600000000001,1.74958,0,4,6.560667306169737
CHEMBL4167127,COc1ccc(C(=O)CCc2cc[n+](Cc3ccc(Cl)cc3)cc2C#N)cc1OC.[Br-],inactive,501.80800000000016,1.3841799999999995,0,4,5.0
CHEMBL4159880,COc1ccc(C(=O)CCc2cc[n+](Cc3cccc(Cl)c3)cc2C#N)cc1OC.[Br-],active,501.80800000000016,1.3841799999999995,0,4,7.653647025549361
CHEMBL4170530,CNC(=O)c1c[n+](Cc2ccccc2C)ccc1CC1CCc2cc(OC)ccc2C1=O.[Br-],inactive,509.44400000000024,0.6908200000000009,1,3,5.0
CHEMBL4164981,COc1ccc2c(c1)CCC(Cc1cc[n+](Cc3ccccc3C)cc1C(F)(F)F)C2=O,active,440.48500000000007,5.3460200000000055,0,2,6.6154673845057514
CHEMBL4172883,COc1ccc(C(=O)CCc2cc[n+](Cc3cccc(Cl)c3)cc2C(N)=O)cc1OC.[Br-],inactive,519.8230000000002,0.6114000000000003,1,4,5.0
CHEMBL4166464,COc1ccc2c(c1)CCC(Cc1cc[n+](Cc3ccccc3Cl)cc1C(N)=O)C2=O.[Br-],active,515.835,0.7751000000000001,1,3,6.4215900296687645
CHEMBL4174372,COc1ccc2c(c1)CCC(Cc1cc[n+](Cc3ccccc3C)cc1C(N)=O)C2=O.[Br-],active,495.41700000000014,0.43012000000000217,1,3,6.0487596496756595
CHEMBL4173313,COc1cc2c(cc1OC)C(=O)C(Cc1cc[n+](CCc3ccccc3)cc1C(N)=O)C2.[Br-],active,511.4160000000002,-0.06539999999999696,1,4,6.047691990337875
CHEMBL4162617,COc1cc2c(cc1OC)C(=O)C(Cc1cc[n+](Cc3ccc(S(N)(=O)=O)cc3)cc1C(N)=O)C2.[Br-],inactive,576.4690000000003,-1.612399999999996,2,6,5.0
CHEMBL4169887,COc1cc2c(cc1OC)C(=O)C(Cc1cc[n+](Cc3cccc(O)c3)cc1C(N)=O)C2.[Br-],inactive,513.3880000000001,-0.5541999999999974,2,5,5.0
CHEMBL4159243,COC(=O)c1ccccc1C[n+]1ccc(CC2Cc3cc(OC)c(OC)cc3C2=O)c(C(=O)Oc2c(Cl)cc(Cl)cc2Cl)c1.[Br-],active,735.8420000000002,3.607300000000003,0,7,7.159266765388193
CHEMBL4173902,COc1cc2c(cc1OC)C(=O)C(Cc1cc[n+](Cc3cccc(Cl)c3)cc1C(=O)O)C2.[Br-],inactive,532.8180000000002,0.9929000000000001,1,4,5.0
CHEMBL4165973,COc1ccc(C(=O)CCc2cc[n+](Cc3cccc(Cl)c3)cc2C(=O)O)cc1OC.[Br-],active,520.8070000000002,1.2106999999999999,1,4,7.7423214251308154
CHEMBL4165562,COc1ccc(C(=O)CCc2cc[n+](Cc3cccc(Cl)c3)cc2C(C)=O)cc1OC.[Br-],active,518.8350000000003,1.7150999999999996,0,4,6.843148098929989
CHEMBL4176179,COc1ccc2c(c1)CCC(Cc1cc[n+](CC3CCCCC3)cc1C(C)=O)C2=O.[I-],active,533.4500000000003,1.7573999999999999,0,3,6.6777807052660805
CHEMBL4162121,CCC[n+]1ccc(CC2CCc3cc(OC)ccc3C2=O)c(C(C)=O)c1.[I-],inactive,479.3580000000001,0.5871000000000008,0,3,5.0
CHEMBL4172797,COc1ccc2c(c1)CCC(Cc1cc[n+](Cc3ccc(C)cc3)cc1C(C)=O)C2=O.[Br-],active,494.42900000000014,1.5338200000000002,0,3,6.2549252084179425
CHEMBL4172353,COc1ccc2c(c1)CCC(Cc1cc[n+](Cc3ccc(Cl)cc3)cc1C(C)=O)C2=O.[Br-],active,514.8470000000001,1.8787999999999996,0,3,6.245651664288981
CHEMBL4173405,COc1ccc2c(c1)CCC(Cc1cc[n+](Cc3cccc(C(F)(F)F)c3)cc1C(C)=O)C2=O.[Br-],active,548.3990000000001,2.2441999999999993,0,3,6.5121548798885645
CHEMBL4168987,COc1ccc2c(c1)CCC(Cc1cc[n+](Cc3cccc(C)c3)cc1C(C)=O)C2=O.[Br-],active,494.42900000000014,1.5338200000000002,0,3,6.95663772197887
CHEMBL4161065,COc1ccc2c(c1)CCC(Cc1cc[n+](Cc3ccccc3C)cc1C(C)=O)C2=O.[Br-],active,494.42900000000014,1.5338200000000002,0,3,8.0
CHEMBL4160115,COc1ccc2c(c1)CCC(Cc1cc[n+](Cc3cccc(F)c3)cc1C(C)=O)C2=O.[Br-],active,498.3920000000001,1.3645,0,3,7.255707016877324
CHEMBL4168037,COc1ccc2c(c1)CCC(Cc1cc[n+](Cc3ccccc3F)cc1C(C)=O)C2=O.[Br-],active,498.3920000000001,1.3645,0,3,7.366531544420414
CHEMBL4177133,COc1ccc2c(c1)CCC(Cc1cc[n+](Cc3ccccc3Cl)cc1C(C)=O)C2=O.[Br-],active,514.8470000000001,1.8788,0,3,7.530177984021837
CHEMBL4166513,COc1ccc2c(c1)CCC(Cc1cc[n+](Cc3cccc(Cl)c3)cc1C(C)=O)C2=O.[Br-],active,514.8470000000001,1.8788,0,3,7.1487416512809245
CHEMBL4162015,COc1cc2c(cc1OC)C(=O)C(Cc1cc[n+](Cc3ccccc3)cc1C(C)=O)CC2.[Br-],active,510.4280000000002,1.2340000000000002,0,4,7.619788758288394
CHEMBL4169938,COc1cc2c(cc1OC)C(=O)C(Cc1cc[n+](Cc3cccc(Cl)c3)cc1C(C)=O)CC2.[Br-],active,544.8730000000003,1.8874000000000002,0,4,7.6777807052660805
CHEMBL4170331,CC(=O)c1c[n+](Cc2cccc(Cl)c2)ccc1CC1Cc2cc(O)ccc2C1=O.[Br-],active,486.79300000000023,1.1857000000000002,1,3,6.933674074637962
CHEMBL4159705,COc1cc2c(cc1O)C(=O)C(Cc1cc[n+](Cc3cccc(Cl)c3)cc1C(C)=O)C2,active,436.91500000000013,4.190300000000003,1,4,8.568636235841012
CHEMBL4173784,CC(=O)c1c[n+](Cc2ccccc2C)ccc1CC1Cc2cc(OCC(F)(F)F)ccc2C1=O.[Br-],active,548.3990000000002,2.07622,0,3,7.430626090384954
CHEMBL4163077,CC(=O)c1c[n+](Cc2cccc(Cl)c2)ccc1CC1Cc2cc(F)ccc2C1=O.[Br-],inactive,488.7840000000002,1.6192000000000006,0,2,5.0
CHEMBL4173239,COc1ccc2c(c1)CCC(Cc1cc[n+](Cc3cccc(C)c3)cc1Br)C2=O.[Br-],active,531.288,2.0937200000000002,0,2,7.782516055786093
CHEMBL4165327,COc1cc2c(cc1OC)C(=O)C(Cc1cc[n+](Cc3ccccc3)cc1Br)C2.[Br-],active,533.2600000000001,1.4038000000000002,0,3,9.443697499232712
CHEMBL4171568,COC(=O)c1c[n+](Cc2cccc(Cl)c2)ccc1CCC(=O)c1ccc(OC)c(OC)c1.[Br-],active,534.8340000000003,1.2991,0,5,6.767003889607846
CHEMBL4160310,COc1ccc(C(=O)CCC2C=CN(Cc3cccc(Cl)c3)C=C2C#N)cc1OC,active,422.9120000000002,5.373280000000006,0,5,6.034798298974088
CHEMBL4168225,COC(=O)C1=CN(Cc2cccc(Cl)c2)C=CC1CCC(=O)c1ccc(OC)c(OC)c1,inactive,455.93800000000033,5.022700000000005,0,6,5.0
CHEMBL4165631,COc1ccc(C(=O)CCC2C=CN(Cc3cccc(Cl)c3)C=C2C(C)=O)cc1OC,inactive,439.93900000000025,5.438700000000005,0,5,5.0
CHEMBL4173562,COc1ccc(C(=O)CCC2C=CN(Cc3cccc(Cl)c3)C=C2C(N)=O)cc1OC,inactive,440.92700000000025,4.335000000000003,1,5,5.0
CHEMBL4174452,CC(=O)C1=CN(Cc2cccc(Cl)c2)C=CC1CC1Cc2cc(F)ccc2C1=O,inactive,409.8880000000002,5.342800000000005,0,3,5.0
CHEMBL4160696,COc1cc2c(cc1OC)C(=O)C(CC1C=CN(Cc3ccccc3)C=C1C(C)=O)CC2,active,431.53200000000027,4.957600000000005,0,5,6.3819519032879075
CHEMBL4166141,COc1ccc2c(c1)CCC(CC1C=CN(Cc3ccccc3F)C=C1C(C)=O)C2=O,inactive,419.49600000000015,5.088100000000005,0,4,5.0
CHEMBL4174056,COc1ccc2c(c1)CCC(CC1C=CN(Cc3cccc(F)c3)C=C1C(C)=O)C2=O,inactive,419.49600000000015,5.088100000000005,0,4,5.0
CHEMBL4162692,COc1ccc2c(c1)CCC(CC1C=CN(Cc3ccccc3Cl)C=C1C(C)=O)C2=O,inactive,435.95100000000014,5.602400000000005,0,4,5.0
CHEMBL4170614,COc1ccc2c(c1)CCC(CC1C=CN(Cc3cccc(C)c3)C=C1C(C)=O)C2=O,inactive,415.5330000000002,5.257420000000005,0,4,5.0
CHEMBL4172950,COc1ccc2c(c1)CCC(CC1C=CN(Cc3cccc(C(F)(F)F)c3)C=C1C(C)=O)C2=O,inactive,469.50300000000016,5.967800000000005,0,4,5.0
CHEMBL4162281,COc1ccc2c(c1)CCC(CC1C=CN(Cc3ccc(Cl)cc3)C=C1C(C)=O)C2=O,inactive,435.95100000000014,5.602400000000006,0,4,5.0
CHEMBL4175814,COc1ccc2c(c1)CCC(CC1C=CN(Cc3ccc(C)cc3)C=C1C(C)=O)C2=O,inactive,415.5330000000002,5.257420000000005,0,4,5.0
CHEMBL4167954,COc1ccc2c(c1)CCC(CC1C=CN(Cc3ccccc3C)C=C1C(N)=O)C2=O,inactive,416.5210000000002,4.1537200000000025,1,4,5.0
CHEMBL4160696,COc1cc2c(cc1OC)C(=O)C(CC1C=CN(Cc3ccccc3)C=C1C(C)=O)CC2,active,431.53200000000027,4.957600000000005,0,5,6.543633966870957
CHEMBL4160696,COc1cc2c(cc1OC)C(=O)C(CC1C=CN(Cc3ccccc3)C=C1C(C)=O)CC2,active,431.53200000000027,4.957600000000005,0,5,6.761953896871205
CHEMBL4160696,COc1cc2c(cc1OC)C(=O)C(CC1C=CN(Cc3ccccc3)C=C1C(C)=O)CC2,active,431.53200000000027,4.957600000000005,0,5,6.0343280287798935
CHEMBL4101303,COc1cc2c(cc1OC)C(=O)C(CC1C=CN(Cc3cccc(Cl)c3)C=C1C(N)=O)C2,inactive,452.9380000000002,4.117200000000003,1,5,4.569441230477242
CHEMBL4170921,COc1ccc(C(=O)CCCCc2cc[n+](Cc3cccc(Cl)c3)cc2C(N)=O)cc1OC.[Br-],inactive,547.8770000000002,1.3916000000000002,1,4,5.0
CHEMBL4162993,COc1cc2c(cc1OC)C(=O)C(CCCc1cc[n+](Cc3cccc(Cl)c3)cc1C(N)=O)C2.[Br-],inactive,559.8880000000001,1.1738000000000002,1,4,5.0
CHEMBL95,Nc1c2c(nc3ccccc13)CCCC2,active,198.26899999999992,2.695800000000001,1,2,6.366531544420414
CHEMBL502,COc1cc2c(cc1OC)C(=O)C(CC1CCN(Cc3ccccc3)CC1)C2,active,379.50000000000017,4.361100000000004,0,4,7.3872161432802645
CHEMBL4164078,Cc1cc(=O)oc2cc(OCCCCCCSC(=S)N3CCCCC3)ccc12,active,419.6120000000002,5.544620000000005,0,5,6.214670164989233
CHEMBL4174729,Cc1cc(=O)oc2cc(OCCCCCSC(=S)N3CCCCC3)ccc12,active,405.58500000000015,5.154520000000005,0,5,6.6777807052660805
CHEMBL4167524,Cc1cc(=O)oc2cc(OCCCCSC(=S)N3CCCCC3)ccc12,active,391.55800000000016,4.764420000000005,0,5,7.568636235841013
CHEMBL4159609,Cc1cc(=O)oc2cc(OCCCSC(=S)N3CCCCC3)ccc12,active,377.5310000000002,4.3743200000000035,0,5,6.5376020021010435
CHEMBL4175175,Cc1cc(=O)oc2cc(OCCSC(=S)N3CCCCC3)ccc12,active,363.5040000000002,3.984220000000003,0,5,6.327902142064283
CHEMBL4164540,Cc1cc(=O)oc2cc(OCCSC(=S)N3CCCC3)ccc12,active,349.47700000000015,3.594120000000003,0,5,6.050609993355087
CHEMBL4169394,Cc1cc(=O)oc2cc(OCCSC(=S)N(C)C)ccc12,inactive,323.439,3.0599200000000017,0,5,4.975104039892515
CHEMBL502,COc1cc2c(cc1OC)C(=O)C(CC1CCN(Cc3ccccc3)CC1)C2,active,379.50000000000017,4.361100000000004,0,4,8.244125144327509
CHEMBL3091687,NCCCCN(C[C@H]1Cc2ccccc2CN1)[C@H]1CCCc2cccnc21,inactive,364.5370000000002,3.2144000000000013,2,4,4.522878745280337
CHEMBL4167058,c1ccc2c(c1)CN[C@@H](CN(CCCN1CCNCC1)[C@H]1CCCc3cccnc31)C2,inactive,419.61700000000025,2.7708000000000004,2,5,4.522878745280337
CHEMBL4174290,c1ccc2c(c1)CN[C@@H](CN(CC[C@H]1CCCNC1)[C@H]1CCCc3cccnc31)C2,inactive,404.6020000000002,3.8652000000000024,2,4,4.97061622231479
CHEMBL659,COc1ccc2c3c1O[C@H]1C[C@@H](O)C=C[C@@]31CCN(C)C2,inactive,287.35900000000004,1.8503,1,4,4.856985199745905
CHEMBL75121,COc1cc2cc(-c3ccc(CN(C)Cc4ccccc4)cc3)c(=O)oc2cc1OC,active,415.48900000000015,5.109200000000005,0,5,7.351639989019068
CHEMBL4177075,CN(C)C(=O)Oc1cccc2c1cc(C(=O)N(C)C)c[n+]2C.[I-],active,429.258,-1.569499999999997,0,3,6.812479279163537
CHEMBL4162999,Cc1c(C(=O)N(C)C)cc2c(OC(=O)N(C)C)cccc2[n+]1C.[I-],inactive,443.285,-1.2610799999999969,0,3,5.0
CHEMBL4173704,Cc1c(C(=O)N(C)C)c[n+](C)c2cccc(OC(=O)N(C)C)c12.[I-],inactive,443.2850000000001,-1.2610799999999969,0,3,5.0
CHEMBL4161805,Cc1c(C(=O)N(C)C)c(C)[n+](C)c2cccc(OC(=O)N(C)C)c12.[I-],inactive,457.3120000000001,-0.9526599999999974,0,3,5.0
CHEMBL4171947,CC(C)NC(=O)c1cc2c(OC(=O)N(C)C)cccc2[n+](C)c1.[I-],active,443.285,-1.133099999999997,1,3,7.236572006437063
CHEMBL4161343,CCN(C)C(=O)Oc1cccc2c1cc(C(=O)NC(C)C)c[n+]2C.[I-],inactive,457.31200000000007,-0.7429999999999974,1,3,5.0
CHEMBL4171941,CC(C)NC(=O)c1cc2c(OC(=O)N3CCCC3)cccc2[n+](C)c1.[I-],inactive,469.323,-0.5988999999999978,1,3,5.0
CHEMBL4176452,COCCNC(=O)c1cc2c(OC(=O)N(C)C)cccc2[n+](C)c1.[I-],active,459.284,-1.895099999999996,1,4,7.698970004336019
CHEMBL4168588,CN(C)C(=O)Oc1cccc2c1cc(C(=O)Nc1ccccc1)c[n+]2C.[I-],active,477.302,-0.018999999999999906,1,3,7.522878745280337
CHEMBL4168198,COC(=O)CNC(=O)c1cc2c(OC(=O)N(C)C)cccc2[n+](C)c1.[I-],active,473.26700000000005,-2.3684999999999965,1,5,7.031517051446065
CHEMBL4160280,CN(C)C(=O)Oc1cccc2c1cc(C(=O)NC1CCCCC1)c[n+]2C.[I-],active,483.3500000000002,-0.2087999999999981,1,3,7.698970004336019
CHEMBL4164761,CNC(=O)c1cc2c(OC(=O)N(C)C)cccc2[n+](C)c1.[I-],active,415.231,-1.9116999999999964,1,3,7.113509274827518
CHEMBL4175384,CC[n+]1cc(C(=O)NC)cc2c(OC(=O)N(C)C)cccc21.[I-],active,429.258,-1.4287999999999974,1,3,6.503070351926785
CHEMBL4176868,COC(=O)c1cc2c(OC(=O)N(C)C)cccc2[n+](C)c1.[I-],active,416.21500000000003,-1.4846999999999977,0,4,7.698970004336019
CHEMBL4165100,CN(C)C(=O)Oc1cccc2c1cc(C(=O)NCCOCCO)c[n+]2C.COS(=O)(=O)[O-],active,473.50400000000025,-0.44359999999999844,2,9,7.431798275933005
CHEMBL4173000,CN(C)C(=O)Oc1cccc2c1CC(C(=O)NCCOCCOCCN1C(=O)c3ccccc3C1=O)=CN2C,inactive,536.5850000000003,2.0688,1,8,5.0
CHEMBL4168520,CN(C)C(=O)Oc1cccc2c1cc(C(=O)NCCOCCOCCN1C(=O)c3ccccc3C1=O)c[n+]2C.O=S(=O)([O-])C(F)(F)F,active,684.6460000000005,1.8352999999999997,1,10,8.221848749616356
CHEMBL4176380,C[n+]1cc(C(=O)NCCOCCOCCN2C(=O)c3ccccc3C2=O)cc2c(O)cccc21.[I-],inactive,591.4020000000002,-1.566899999999995,2,6,5.0
CHEMBL4171284,Nc1c2c(nc3c1C(c1ccccc1)NC(=S)N3)CCCC2,inactive,310.4260000000002,2.9320000000000013,3,3,4.966576244513051
CHEMBL4163376,Cc1ccc(C2NC(=S)Nc3nc4c(c(N)c32)CCCC4)cc1,inactive,324.45300000000015,3.240420000000002,3,3,4.623423042943488
CHEMBL4166003,Cc1cccc(C2NC(=S)Nc3nc4c(c(N)c32)CCCC4)c1,inactive,324.45300000000015,3.240420000000002,3,3,4.995678626217358
CHEMBL4160908,COc1ccccc1C1NC(=S)Nc2nc3c(c(N)c21)CCCC3,inactive,340.4520000000002,2.9406000000000008,3,4,4.505845405981558
CHEMBL4176034,CN(C)c1ccc(C2NC(=S)Nc3nc4c(c(N)c32)CCCC4)cc1,inactive,353.4950000000002,2.998000000000002,3,4,4.617982957425132
CHEMBL4159832,Nc1c2c(nc3c1C(c1ccc(F)cc1)NC(=S)N3)CCCC2,inactive,328.41600000000017,3.0711000000000013,3,3,4.508638306165727
CHEMBL4174958,Nc1c2c(nc3c1C(c1cccc(Br)c1)NC(=S)N3)CCCC2,active,389.3220000000002,3.6945000000000014,3,3,7.428291168191312
CHEMBL4164310,Nc1c2c(nc3c1C(c1cccc([N+](=O)[O-])c1)NC(=S)N3)CCCC2,inactive,355.4230000000002,2.840200000000001,3,5,4.525783735923745
CHEMBL95,Nc1c2c(nc3ccccc13)CCCC2,active,198.26899999999992,2.695800000000001,1,2,6.42712839779952
CHEMBL502,COc1cc2c(cc1OC)C(=O)C(CC1CCN(Cc3ccccc3)CC1)C2,active,379.50000000000017,4.361100000000004,0,4,8.460923901207224
CHEMBL4207758,Nc1ccc2c(c1)CNC(=O)C2,active,162.19199999999998,0.4410999999999999,2,2,8.866461091629782
CHEMBL4207230,O=C1Cc2ccc(NC(=O)c3ccccc3)cc2CN1,active,266.29999999999995,2.1112,2,2,8.87942606879415
CHEMBL4212110,O=C1Cc2ccc(NC(=O)c3cccc(Cl)c3)cc2CN1,active,300.74500000000006,2.7646000000000006,2,2,8.03905380426617
CHEMBL4209728,Cc1cccc(C(=O)Nc2ccc3c(c2)CNC(=O)C3)c1,active,280.32700000000006,2.41962,2,2,8.101823516502323
CHEMBL4214643,COc1ccccc1C(=O)Nc1ccc2c(c1)CNC(=O)C2,active,296.3260000000001,2.1197999999999997,2,3,8.033389013318066
CHEMBL4213792,O=C(Nc1ccc2c(c1)CN(C(=O)c1ccccc1)C(=O)C2)c1ccccc1,active,370.40800000000013,3.6640000000000024,1,3,9.292429823902063
CHEMBL4208866,O=C(Nc1ccc2c(c1)CN(C(=O)c1cccc(Cl)c1)C(=O)C2)c1ccccc1,active,404.8530000000001,4.317400000000003,1,3,10.54729377348897
CHEMBL4218191,Cc1cccc(C(=O)N2Cc3cc(NC(=O)c4ccccc4)ccc3CC2=O)c1,active,384.4350000000001,3.9724200000000023,1,3,10.5815329790534
CHEMBL4213253,COc1ccccc1C(=O)N1Cc2cc(NC(=O)c3ccccc3)ccc2CC1=O,active,400.4340000000001,3.672600000000002,1,4,10.722849386036204
CHEMBL4205954,O=C(Nc1ccc2c(c1)CN(C(=O)c1ccccc1)C(=O)C2)c1cccc(Cl)c1,active,404.8530000000002,4.317400000000003,1,3,10.878440155812498
CHEMBL4217663,O=C(Nc1ccc2c(c1)CN(C(=O)c1cccc(Cl)c1)C(=O)C2)c1cccc(Cl)c1,active,439.2980000000001,4.970800000000003,1,3,10.84924356013969
CHEMBL4210316,Cc1cccc(C(=O)N2Cc3cc(NC(=O)c4cccc(Cl)c4)ccc3CC2=O)c1,active,418.8800000000001,4.625820000000004,1,3,10.841336019186011
CHEMBL4205425,COc1ccccc1C(=O)N1Cc2cc(NC(=O)c3cccc(Cl)c3)ccc2CC1=O,active,434.87900000000013,4.326000000000003,1,4,10.960585880823864
CHEMBL4214707,Cc1cccc(C(=O)Nc2ccc3c(c2)CN(C(=O)c2cccc(Cl)c2)C(=O)C3)c1,active,418.88000000000017,4.625820000000004,1,3,10.679023322657176
CHEMBL4209803,Cc1cccc(C(=O)Nc2ccc3c(c2)CN(C(=O)c2cccc(C)c2)C(=O)C3)c1,active,398.46200000000016,4.280840000000002,1,3,10.869023308394382
CHEMBL4209518,COc1ccccc1C(=O)Nc1ccc2c(c1)CN(C(=O)c1ccccc1)C(=O)C2,active,400.43400000000014,3.672600000000002,1,4,10.531948208545762
CHEMBL4214430,COc1ccccc1C(=O)Nc1ccc2c(c1)CN(C(=O)c1cccc(Cl)c1)C(=O)C2,active,434.8790000000002,4.326000000000004,1,4,10.776763726897002
CHEMBL4205144,COc1ccccc1C(=O)Nc1ccc2c(c1)CN(C(=O)c1cccc(C)c1)C(=O)C2,active,414.4610000000002,3.9810200000000027,1,4,10.586365002801445
CHEMBL4210041,COc1ccccc1C(=O)Nc1ccc2c(c1)CN(C(=O)c1ccccc1OC)C(=O)C2,active,430.4600000000002,3.6812000000000022,1,5,10.665948559653108
CHEMBL4204315,c1ccc2c(NCCCCC[Se][Se]CCCCCNc3c4c(nc5ccccc35)CCCC4)c3c(nc2c1)CCCC3,active,692.7119999999995,8.565200000000004,2,4,8.578396073130168
CHEMBL4208641,c1ccc2c(NCCCCCSSCCCCCNc3c4c(nc5ccccc35)CCCC4)c3c(nc2c1)CCCC3,active,598.926,9.786599999999996,2,6,8.790484985457368
CHEMBL4213042,c1ccc2c(NCCCCC[Se]CCCCCNc3c4c(nc5ccccc35)CCCC4)c3c(nc2c1)CCCC3,active,613.7520000000001,8.946000000000002,2,4,8.647817481888637
CHEMBL32823,c1ccc2c(NCCCCCCCNc3c4c(nc5ccccc35)CCCC4)c3c(nc2c1)CCCC3,active,492.7110000000004,8.015100000000007,2,4,9.09151498112135
CHEMBL3235503,c1ccc2c(NCCSSCCNc3c4c(nc5ccccc35)CCCC4)c3c(nc2c1)CCCC3,active,514.7640000000004,7.446000000000006,2,6,8.297569463554474
CHEMBL4217466,Cc1cc(=O)oc2cc(OCc3cc[n+](Cc4ccccc4)cc3)ccc12.[Br-],active,438.321,1.0202199999999997,0,3,6.453457336521869
CHEMBL4205764,Cc1cc(=O)oc2cc(OCc3cc[n+](Cc4ccccc4F)cc3)ccc12.[Br-],active,456.31100000000004,1.1593199999999995,0,3,7.185086818724926
CHEMBL4206041,Cc1cc(=O)oc2cc(OCc3cc[n+](Cc4cccc(F)c4)cc3)ccc12.[Br-],active,456.31100000000004,1.1593199999999995,0,3,7.380906669373257
CHEMBL4217755,Cc1cc(=O)oc2cc(OCc3cc[n+](Cc4ccc(F)cc4)cc3)ccc12.[Br-],active,456.31100000000004,1.1593199999999995,0,3,7.432973633840939
CHEMBL4210401,Cc1ccccc1C[n+]1ccc(COc2ccc3c(C)cc(=O)oc3c2)cc1.[Br-],active,452.3480000000001,1.3286399999999994,0,3,7.450996737974212
CHEMBL4205520,Cc1cccc(C[n+]2ccc(COc3ccc4c(C)cc(=O)oc4c3)cc2)c1.[Br-],active,452.34800000000007,1.3286399999999994,0,3,7.077793722560983
CHEMBL4213874,Cc1ccc(C[n+]2ccc(COc3ccc4c(C)cc(=O)oc4c3)cc2)cc1.[Br-],active,452.34800000000007,1.3286399999999996,0,3,6.6020599913279625
CHEMBL4208961,Cc1cc(=O)oc2cc(OCc3cc[n+](Cc4ccccc4Br)cc3)ccc12.[Br-],active,517.2170000000001,1.7827199999999996,0,3,7.1073489661227
CHEMBL4218281,Cc1cc(=O)oc2cc(OCc3cc[n+](Cc4cccc(Br)c4)cc3)ccc12.[Br-],active,517.2170000000001,1.7827199999999996,0,3,6.890759031411797
CHEMBL4213345,Cc1cc(=O)oc2cc(OCc3cc[n+](Cc4ccc(Br)cc4)cc3)ccc12.[Br-],active,517.2170000000001,1.7827199999999996,0,3,6.662540738709344
CHEMBL4205110,Cc1cc(=O)oc2cc(OCc3cc[n+](Cc4cccc([N+](=O)[O-])c4)cc3)ccc12.[Br-],active,483.3180000000001,0.9284199999999998,0,5,6.638272163982407
CHEMBL502,COc1cc2c(cc1OC)C(=O)C(CC1CCN(Cc3ccccc3)CC1)C2,active,379.50000000000017,4.361100000000004,0,4,7.497572880015567
CHEMBL502,COc1cc2c(cc1OC)C(=O)C(CC1CCN(Cc3ccccc3)CC1)C2,active,379.50000000000017,4.361100000000004,0,4,6.795880017344075
CHEMBL456881,O=c1c2ccccc2nc2n1CCC2,inactive,186.21399999999994,1.3426999999999998,0,3,4.204119982655925
CHEMBL95,Nc1c2c(nc3ccccc13)CCCC2,active,198.26899999999992,2.695800000000001,1,2,7.116338564846382
CHEMBL4202749,N#Cc1ccccc1CNCC(=O)Nc1ccc2nc3n(c(=O)c2c1)CCC3,active,373.4160000000002,1.94268,2,6,7.774690718274137
CHEMBL4218829,O=C(CNCc1ccccc1[N+](=O)[O-])Nc1ccc2nc3n(c(=O)c2c1)CCC3,active,393.40300000000025,1.9792,2,7,7.512861624522813
CHEMBL4207101,O=C(CNCc1cc(F)cc(F)c1)Nc1ccc2nc3n(c(=O)c2c1)CCC3,active,384.38600000000025,2.3492000000000006,2,5,8.118615343229427
CHEMBL4205651,O=C(CNCc1ccccc1F)Nc1ccc2nc3n(c(=O)c2c1)CCC3,active,366.39600000000024,2.2100999999999997,2,5,6.277366077466188
CHEMBL4210517,Cc1ccccc1CNCC(=O)Nc1ccc2nc3n(c(=O)c2c1)CCC3,active,362.4330000000002,2.3794200000000005,2,5,6.924453038607469
CHEMBL4210020,O=C(CNCCCc1ccccc1)Nc1ccc2nc3n(c(=O)c2c1)CCC3,active,376.46000000000026,2.5036000000000005,2,5,8.388276691992658
CHEMBL4214932,O=C(CNCc1ccccc1)Nc1ccc2nc3n(c(=O)c2c1)CCC3,active,348.40600000000023,2.071,2,5,6.636388020107856
CHEMBL4212275,C#CCNCC(=O)Nc1ccc2nc3n(c(=O)c2c1)CCC3,active,296.3300000000001,0.5039999999999996,2,5,7.333482019445119
CHEMBL4207386,CC(C)=CCNCC(=O)Nc1ccc2nc3n(c(=O)c2c1)CCC3,active,326.4000000000002,1.8369999999999997,2,5,7.586700235918748
CHEMBL4217666,C=CCCNCC(=O)Nc1ccc2nc3n(c(=O)c2c1)CCC3,active,312.3730000000001,1.4469,2,5,7.876148359032914
CHEMBL4212713,C=CCNCC(=O)Nc1ccc2nc3n(c(=O)c2c1)CCC3,active,298.3460000000001,1.0567999999999995,2,5,7.176525770829699
CHEMBL4205426,CCCCCCCCCCCCCCCCNCC(=O)Nc1ccc2nc3n(c(=O)c2c1)CCC3,active,482.71300000000025,6.352100000000005,2,5,8.27490547891853
CHEMBL4217139,CCCCCCCCCCCCNCC(=O)Nc1ccc2nc3n(c(=O)c2c1)CCC3,active,426.60500000000025,4.791700000000003,2,5,7.43533393574791
CHEMBL4208869,CCCCCCCCCCNCC(=O)Nc1ccc2nc3n(c(=O)c2c1)CCC3,active,398.5510000000003,4.0115000000000025,2,5,7.617982957425132
CHEMBL4203988,CCCCCCCCNCC(=O)Nc1ccc2nc3n(c(=O)c2c1)CCC3,active,370.49700000000024,3.231300000000002,2,5,7.97469413473523
CHEMBL4217746,CCCCCCNCC(=O)Nc1ccc2nc3n(c(=O)c2c1)CCC3,active,342.4430000000002,2.4511000000000003,2,5,7.5968794788241825
CHEMBL4208322,CCCCNCC(=O)Nc1ccc2nc3n(c(=O)c2c1)CCC3,active,314.3890000000001,1.6708999999999998,2,5,7.673664139071248
CHEMBL4213147,CCCNCC(=O)Nc1ccc2nc3n(c(=O)c2c1)CCC3,active,300.36200000000014,1.2807999999999993,2,5,6.508638306165727
CHEMBL4209420,CCNCC(=O)Nc1ccc2nc3n(c(=O)c2c1)CCC3,active,286.3350000000001,0.8906999999999994,2,5,6.254144804826271
CHEMBL4209795,COc1cc(/C=C/C(=O)NCCCCCCNc2c3c(nc4ccccc24)CCCC3)cc(OC)c1OCc1nc(C)c(C)nc1C,active,637.8249999999999,7.226960000000008,2,8,6.964970717797632
CHEMBL4216066,COc1cc(/C=C/C(=O)NCCCCCCNc2c3c(nc4ccccc24)CCCC3)cc(OC)c1O,active,503.6430000000003,5.638300000000006,3,6,7.185752404268079
CHEMBL95,Nc1c2c(nc3ccccc13)CCCC2,active,198.26899999999992,2.695800000000001,1,2,6.932557157223619
CHEMBL4203672,COc1ccc(Cn2cc(C(=O)NCCCCCCCCNc3c4c(nc5cc(Cl)ccc35)CCCC4)c(=O)c3ccccc32)cc1,active,651.2510000000003,8.321300000000006,2,6,6.924453038607469
CHEMBL4213591,COc1ccc(Cn2cc(C(=O)NCCCCCCCNc3c4c(nc5cc(Cl)ccc35)CCCC4)c(=O)c3ccccc32)cc1,active,637.2240000000004,7.931200000000008,2,6,7.286509456906058
CHEMBL4217346,COc1ccc(Cn2cc(C(=O)NCCCCCCNc3c4c(nc5cc(Cl)ccc35)CCCC4)c(=O)c3ccccc32)cc1,active,623.1970000000003,7.541100000000007,2,6,7.026410376572743
CHEMBL4217660,COc1ccc(Cn2cc(C(=O)NCCCCCNc3c4c(nc5cc(Cl)ccc35)CCCC4)c(=O)c3ccccc32)cc1,active,609.1700000000003,7.151000000000007,2,6,6.7447274948966935
CHEMBL4215154,COc1ccc(Cn2cc(C(=O)NCCCCNc3c4c(nc5cc(Cl)ccc35)CCCC4)c(=O)c3ccccc32)cc1,active,595.1430000000004,6.760900000000007,2,6,7.047691990337875
CHEMBL4210729,COc1ccc(Cn2cc(C(=O)NCCCNc3c4c(nc5cc(Cl)ccc35)CCCC4)c(=O)c3ccccc32)cc1,active,581.1160000000004,6.370800000000005,2,6,7.377785977033705
CHEMBL4215217,COc1ccc(Cn2cc(C(=O)NCCNc3c4c(nc5cc(Cl)ccc35)CCCC4)c(=O)c3ccccc32)cc1,active,567.0890000000004,5.980700000000005,2,6,7.127843727251707
CHEMBL4204901,COc1ccc(Cn2cc(C(=O)NCCCCCCCCNc3c4c(nc5ccccc35)CCCC4)c(=O)c3ccccc32)cc1,active,616.8060000000004,7.667900000000008,2,6,6.114638779968488
CHEMBL4214900,COc1ccc(Cn2cc(C(=O)NCCCCCCCNc3c4c(nc5ccccc35)CCCC4)c(=O)c3ccccc32)cc1,active,602.7790000000003,7.277800000000008,2,6,6.7121982700697735
CHEMBL4206484,COc1ccc(Cn2cc(C(=O)NCCCCCCNc3c4c(nc5ccccc35)CCCC4)c(=O)c3ccccc32)cc1,active,588.7520000000004,6.887700000000007,2,6,6.7121982700697735
CHEMBL4202784,COc1ccc(Cn2cc(C(=O)NCCCCCNc3c4c(nc5ccccc35)CCCC4)c(=O)c3ccccc32)cc1,active,574.7250000000004,6.4976000000000065,2,6,6.533132379645891
CHEMBL4209755,COc1ccc(Cn2cc(C(=O)NCCCCNc3c4c(nc5ccccc35)CCCC4)c(=O)c3ccccc32)cc1,active,560.6980000000003,6.107500000000006,2,6,6.308918507877031
CHEMBL4214668,COc1ccc(Cn2cc(C(=O)NCCCNc3c4c(nc5ccccc35)CCCC4)c(=O)c3ccccc32)cc1,active,546.6710000000004,5.717400000000005,2,6,6.889410289700751
CHEMBL4205374,COc1ccc(Cn2cc(C(=O)NCCNc3c4c(nc5ccccc35)CCCC4)c(=O)c3ccccc32)cc1,active,532.6440000000003,5.327300000000005,2,6,6.728158393463501
CHEMBL4210274,COc1ccc(Cn2cc(C(=O)NCCCCCCCCNc3c4c(nc5ccc(OC)cc35)CCCC4)c(=O)c3ccccc32)cc1,inactive,646.8320000000003,7.676500000000009,2,7,4.129011186239425
CHEMBL4205910,COc1ccc(Cn2cc(C(=O)NCCCCCCNc3c4c(nc5ccc(OC)cc35)CCCC4)c(=O)c3ccccc32)cc1,inactive,618.7780000000004,6.896300000000007,2,7,5.0
CHEMBL608112,COc1ccc(Cn2cc(C(=O)O)c(=O)c3ccccc32)cc1,inactive,309.321,2.7566000000000006,1,4,3.0
CHEMBL292314,Nc1c2c(nc3cc(Cl)ccc13)CCCC2,active,232.71399999999994,3.3492000000000015,1,2,7.7544873321858505
CHEMBL95,Nc1c2c(nc3ccccc13)CCCC2,active,198.26899999999992,2.695800000000001,1,2,6.494850021680094
CHEMBL1256415,COc1ccc2nc3c(c(N)c2c1)CCCC3,inactive,228.29499999999993,2.7044000000000006,1,3,5.0
CHEMBL3234588,O/N=C/c1nc(CCCCNc2c3c(nc4ccccc24)CCCC3)ccc1O,active,390.48700000000025,4.457100000000005,3,6,6.6020599913279625
CHEMBL451635,O/N=C/c1cc[n+](COC[n+]2ccc(/C=N/O)cc2)cc1,inactive,288.307,0.5096,2,5,3.193820026016113
CHEMBL33051,NC(=O)c1cc[n+](COC[n+]2ccccc2/C=N/O)cc1.[Cl-].[Cl-],inactive,359.21299999999997,-6.191599999999997,2,4,4.267606240177032
CHEMBL77510,O/N=C/c1ccccn1,inactive,122.12699999999998,0.8896999999999999,1,3,3.2518119729937993
CHEMBL395280,C/C=C1\[C@H]2C=C(C)C[C@]1(N)c1ccc(=O)[nH]c1C2,active,242.32199999999997,1.9975,2,2,6.3979400086720375
CHEMBL94,CNC(=O)Oc1ccc2c(c1)[C@]1(C)CCN(C)[C@@H]1N2C,active,275.352,1.7739,1,4,6.657577319177793
CHEMBL709,COc1cc2nc(N(C)CCCNC(=O)C3CCCO3)nc(N)c2cc1OC,active,389.4560000000002,1.3507000000000002,2,8,7.7447274948966935
CHEMBL1201217,CCCCOc1ccc(C(=O)CCN2CCCCC2)cc1,active,289.4189999999999,3.9242000000000035,0,3,6.7423214251308154
CHEMBL194823,O=C(CCCCC1CCSS1)NCCCNc1c2c(nc3cc(Cl)ccc13)CCCC2,active,478.12700000000035,6.3993000000000055,2,5,9.602059991327963
CHEMBL4241840,COc1ccc2c(c1)C/C(=C/C1CCN(Cc3ccccc3)CC1)C2=O,active,347.4580000000001,4.272600000000004,0,3,7.355561410532162
CHEMBL4243474,COc1ccc2c(c1)C/C(=C/c1ccccc1-c1ccccc1)C2=O,active,326.39500000000004,5.184600000000004,0,2,7.525783735923745
CHEMBL4244803,COc1ccc(-c2ccccc2/C=C2/Cc3cc(OC)ccc3C2=O)cc1,active,356.42100000000005,5.1932000000000045,0,3,7.673664139071248
CHEMBL4242359,COc1ccc2c(c1)C/C(=C/c1ccccc1-c1ccc3ccccc3c1)C2=O,active,376.4550000000001,6.337800000000005,0,2,7.489454989793388
CHEMBL4240861,COc1ccc2c(c1)C/C(=C/c1ccccc1-c1ccc3nc(N)ccc3c1)C2=O,active,392.45800000000014,5.315000000000004,1,4,7.8326826652518236
CHEMBL502,COc1cc2c(cc1OC)C(=O)C(CC1CCN(Cc3ccccc3)CC1)C2,active,379.50000000000017,4.361100000000004,0,4,8.16304326294045
CHEMBL95,Nc1c2c(nc3ccccc13)CCCC2,active,198.26899999999992,2.695800000000001,1,2,6.221848749616356
CHEMBL4250314,CCOc1cccc2c(=O)c3c(oc12)CCN(/C(=C/C(=O)OC)C(=O)OC)C3,inactive,387.38800000000015,1.7797,0,8,4.698970004336019
CHEMBL4238937,COC(=O)/C=C(\C(=O)OC)N1CCc2oc3ccc(Br)cc3c(=O)c2C1,inactive,422.2310000000001,2.1434999999999995,0,7,4.698970004336019
CHEMBL4238512,C=Cc1oc2ccc(Br)cc2c(=O)c1CN(Cc1ccccc1)/C(=C/C(=O)OC)C(=O)OC,inactive,512.3560000000003,4.4306000000000045,0,7,4.698970004336019
CHEMBL4250143,C=Cc1oc2ccccc2c(=O)c1CN(Cc1ccccc1)/C(=C/C(=O)OC)C(=O)OC,inactive,433.46000000000015,3.668100000000001,0,7,4.698970004336019
CHEMBL4250287,C=Cc1oc2ccc(Br)cc2c(=O)c1CN(/C=C/C(C)=O)Cc1ccccc1,inactive,438.3210000000002,5.303400000000004,0,4,4.698970004336019
CHEMBL4246032,C=Cc1oc2ccccc2c(=O)c1CN(/C=C/C(C)=O)Cc1ccccc1,inactive,359.42500000000007,4.540900000000003,0,4,4.698970004336019
CHEMBL4249829,C=Cc1oc2ccc(Br)cc2c(=O)c1CN(C)/C=C/C(=O)OC,inactive,378.22200000000015,3.317000000000002,0,5,4.698970004336019
CHEMBL4240365,C=Cc1oc2ccc(Br)cc2c(=O)c1CN(/C=C/C(=O)OC)Cc1ccccc1,inactive,454.3200000000002,4.887400000000004,0,5,4.698970004336019
CHEMBL4244573,C=Cc1oc2ccccc2c(=O)c1CN(/C=C/C(=O)OC)Cc1ccccc1,inactive,375.4240000000001,4.124900000000003,0,5,4.698970004336019
CHEMBL4250510,CCOc1cccc2c(=O)c3c(oc12)CCN(C)C3,inactive,259.30499999999995,2.1795999999999998,0,4,4.698970004336019
CHEMBL4248378,CN1CCc2oc3ccc(Br)cc3c(=O)c2C1,inactive,294.148,2.5434,0,3,4.698970004336019
CHEMBL4241100,CCOc1cccc2c(=O)c3c(oc12)CCN(Cc1ccccc1)C3,inactive,335.403,3.7500000000000027,0,4,4.698970004336019
CHEMBL4250950,O=c1c2c(oc3ccc(Br)cc13)CCN(Cc1ccccc1)C2,inactive,370.24600000000004,4.113800000000002,0,3,4.698970004336019
CHEMBL4244773,O=c1c2c(oc3ccccc13)CCN(Cc1ccccc1)C2,inactive,291.34999999999997,3.351300000000002,0,3,4.698970004336019
CHEMBL502,COc1cc2c(cc1OC)C(=O)C(CC1CCN(Cc3ccccc3)CC1)C2,active,379.50000000000017,4.361100000000004,0,4,8.244125144327509
CHEMBL95,Nc1c2c(nc3ccccc13)CCCC2,active,198.26899999999992,2.695800000000001,1,2,6.638272163982407
CHEMBL4278287,COc1ccc2nc3c(c(NCCCNC(=O)c4sc(-c5ccnc(NC(=O)C6CC6)c5)nc4OC)c2c1)CCCC3,active,586.718,5.2298000000000044,3,9,7.42021640338319
CHEMBL4285581,COc1ccc2nc3c(c(NCCNC(=O)c4sc(-c5ccnc(NC(=O)C6CC6)c5)nc4OC)c2c1)CCCC3,active,572.691,4.839700000000004,3,9,7.638272163982407
CHEMBL4293418,COc1nc(-c2ccnc(NC(=O)C3CC3)c2)sc1C(=O)NCCCNc1c2c(nc3cc(Cl)ccc13)CCCC2,active,591.137,5.8746000000000045,3,8,8.443697499232712
CHEMBL4282154,COc1nc(-c2ccnc(NC(=O)C3CC3)c2)sc1C(=O)NCCNc1c2c(nc3cc(Cl)ccc13)CCCC2,active,577.1099999999999,5.484500000000004,3,8,8.67778070526608
CHEMBL4290039,COc1nc(-c2ccnc(NC(=O)C3CC3)c2)sc1C(=O)NCCCCCCNc1c2c(nc3ccccc13)CCCC2,active,598.7730000000001,6.391500000000006,3,8,7.657577319177793
CHEMBL4278686,COc1nc(-c2ccnc(NC(=O)C3CC3)c2)sc1C(=O)NCCCNc1c2c(nc3ccccc13)CCCC2,active,556.692,5.221200000000004,3,8,8.193820026016112
CHEMBL4286601,COc1nc(-c2ccnc(NC(=O)C3CC3)c2)sc1C(=O)NCCNc1c2c(nc3ccccc13)CCCC2,active,542.6650000000001,4.831100000000004,3,8,8.200659450546418
CHEMBL4278164,COC(=O)c1sc(-c2ccnc(NC(=O)C3CC3)c2)nc1OCCNc1c2c(nc3ccccc13)CCCC2,active,543.6490000000002,5.258100000000004,2,9,6.886056647693163
CHEMBL4288850,NC(=O)c1sc(-c2ccnc(NC(=O)C3CC3)c2)nc1OCCNc1c2c(nc3ccccc13)CCCC2,active,528.6380000000003,4.570400000000004,3,8,6.522878745280337
CHEMBL4293305,O=C(O)c1sc(-c2ccnc(NC(=O)C3CC3)c2)nc1OCCNc1c2c(nc3ccccc13)CCCC2,active,529.6220000000002,5.169700000000004,3,8,6.236572006437063
CHEMBL4285481,CCOC(=O)c1sc(-c2ccnc(NC(=O)C3CC3)c2)nc1OCCNc1c2c(nc3ccccc13)CCCC2,active,557.6760000000002,5.6482000000000046,2,9,6.508638306165727
CHEMBL4282502,C[C@@H]1C[C@H]2CC(=O)[C@H]3CCC[N+]4([O-])CCC[C@@H]2[C@]34C1,inactive,263.381,2.878700000000001,0,2,4.0
CHEMBL4283621,C[C@@H]1C[C@H]2CC(=O)[C@H]3CCCN4CCC[C@@H]2[C@]34C1,inactive,247.38199999999992,2.866100000000001,0,2,4.0
CHEMBL4289362,C[C@@H]1C[C@H]2CC(=O)[C@H]3CCC[N+]4([O-])CCC[C@]2(O)[C@]34C1,active,279.38,1.9935999999999998,1,3,6.229147988357855
CHEMBL4287748,C[N+](C)(CC#CCOC1=NOCC1)CCCCCCCCCCNc1c2c(nc3ccccc13)CCCC2.[Br-],active,599.6580000000004,3.480500000000002,1,5,8.750068243365805
CHEMBL4283298,C[N+](C)(CC#CCOC1=NOCC1)CCCCCCCNc1c2c(nc3ccccc13)CCCC2.[Br-],active,557.5770000000002,2.310200000000001,1,5,8.700057099977233
CHEMBL4281409,C[N+](C)(CC#CCOC1=NOCC1)CCCCCCCCCC[N+](C)(C)CCCN1C(=O)c2ccccc2C1=O.[Br-].[Br-],inactive,714.5840000000004,-1.2918999999999907,0,5,4.879999913868448
CHEMBL95,Nc1c2c(nc3ccccc13)CCCC2,active,198.26899999999992,2.695800000000001,1,2,6.455931955649724
CHEMBL4294640,Cn1c2nc3ccccc3c-2c(NCCCCCCCCNc2c3c(nc4ccccc24)CCCC3)c2ccccc21,active,555.7700000000003,9.1229,2,5,9.022276394711152
CHEMBL4284047,Cn1c2nc3ccccc3c-2c(NCCCCCCNc2c3c(nc4ccccc24)CCCC3)c2ccccc21,active,527.7160000000002,8.342700000000004,2,5,8.903089986991944
CHEMBL4281440,Cn1c2nc3ccccc3c-2c(NCCCCNc2c3c(nc4ccccc24)CCCC3)c2ccccc21,active,499.66200000000026,7.562500000000006,2,5,7.275724130399211
CHEMBL4280612,Nc1c2c(nc3cc(Cl)ccc13)C[C@H]1C=C(CCCCn3cc(CO)nn3)C[C@H]2C1,active,423.94800000000026,4.400800000000003,2,6,9.366531544420413
CHEMBL4283770,CN(C)CCOc1ccc(/C=C2\COc3ccccc3C2=O)cc1,active,323.39200000000005,3.285700000000002,0,4,6.182434630440219
CHEMBL4285471,CCN(CC)CCCCOc1ccc(/C=C2\COc3ccccc3C2=O)cc1,inactive,379.5000000000001,4.846100000000005,0,4,4.85078088734462
CHEMBL4291591,CN(CCCCCCOc1ccc(/C=C2\COc3ccccc3C2=O)cc1)Cc1ccccc1,inactive,455.5980000000002,6.416500000000007,0,4,4.388276691992658
CHEMBL4283733,CCN(CCOc1ccc(/C=C2\COc3ccccc3C2=O)cc1)Cc1ccccc1,inactive,413.51700000000017,5.246200000000005,0,4,4.651695136951839
CHEMBL4289104,CN(C)CCCOc1cccc(/C=C2\COc3ccccc3C2=O)c1,inactive,337.41900000000004,3.6758000000000024,0,4,4.5897290357478155
CHEMBL4278434,CCN(CC)CCOc1cccc(/C=C2\COc3ccccc3C2=O)c1,inactive,351.4460000000001,4.065900000000004,0,4,4.518557371497695
CHEMBL1383041,O=C1/C(=C/c2ccc(O)cc2)COc2ccccc21,inactive,252.26899999999998,3.0509000000000013,1,3,4.000434511774018
CHEMBL502,COc1cc2c(cc1OC)C(=O)C(CC1CCN(Cc3ccccc3)CC1)C2,active,379.50000000000017,4.361100000000004,0,4,7.607303046740334
CHEMBL4292192,CCN(CC)c1ccc(/C=C/c2cc(N3CCCCC3)c3ccccc3n2)cc1,inactive,385.55500000000006,6.241700000000006,0,3,4.193141970481182
CHEMBL4276675,CN(CCCCCN1C(=O)c2ccccc2S1(=O)=O)Cc1ccccc1,active,372.4900000000002,3.1334000000000017,0,4,7.481486060122112
CHEMBL4225157,C#CCNc1nc(NCCCCC2CCN(Cc3ccccc3)CC2)c(C#N)cc1C#N,active,426.56800000000015,4.364460000000004,2,6,9.0
CHEMBL85251,CCCCN1CCC(CCC(=O)c2cc(Cl)c(N)cc2OC)CC1,active,352.9060000000001,4.405800000000004,1,4,6.394694953858891
CHEMBL3417009,COc1cc(N)c(Cl)cc1C(=O)CCC1CCN(CC2CCCCC2)CC1,active,392.9710000000003,5.186000000000005,1,4,7.795880017344075
CHEMBL95,Nc1c2c(nc3ccccc13)CCCC2,active,198.26899999999992,2.695800000000001,1,2,6.638272163982407
CHEMBL502,COc1cc2c(cc1OC)C(=O)C(CC1CCN(Cc3ccccc3)CC1)C2,active,379.50000000000017,4.361100000000004,0,4,8.0
CHEMBL4284235,Cc1ccc(NC(=O)c2coc3ccc(/C=C/C(=O)OCCN(C)C)cc3c2=O)cc1,active,420.46500000000026,3.471720000000002,1,6,6.013228265733755
CHEMBL4291046,CCN(CC)CCOC(=O)/C=C/c1ccc2oc(C(=O)Nc3ccc(Cl)cc3)cc(=O)c2c1,active,468.9370000000001,4.596900000000003,1,6,6.0655015487564325
CHEMBL4279297,Cc1ccc(NC(=O)c2cc(=O)c3cc(/C=C/C(=O)OCCN(C)C)ccc3o2)cc1C,active,434.49200000000025,3.780140000000003,1,6,6.6777807052660805
CHEMBL4287595,COc1ccc(NC(=O)c2cc(=O)c3cc(/C=C/C(=O)OCCN(C)C)ccc3o2)cc1,active,436.4640000000002,3.1719000000000017,1,7,6.040958607678906
CHEMBL4292235,Cc1ccc(NC(=O)c2cc(=O)c3cc(/C=C/C(=O)OCCN(C)C)ccc3o2)cc1,active,420.4650000000002,3.471720000000002,1,6,6.6777807052660805
CHEMBL4285714,CN(C)CCOC(=O)/C=C/c1ccc2oc(C(=O)Nc3ccccc3)cc(=O)c2c1,active,406.4380000000001,3.1633000000000013,1,6,6.130768280269024
CHEMBL3965046,CCN1CCN(C2CCN(C(=O)COc3ccc(-c4ccccc4)cc3)CC2)CC1,inactive,407.5580000000002,3.3609000000000018,0,4,4.508638306165727
CHEMBL4293179,CCN1CCN(C(=O)COc2ccc(-c3ccccc3)cc2)CC1,inactive,324.4240000000001,2.8965000000000014,0,3,3.6989700043360187
CHEMBL4285972,CN1CCN(C2CCN(C(=O)COc3ccc(-c4ccccc4)cc3)CC2)CC1,inactive,393.5310000000002,2.9708000000000014,0,4,5.0
CHEMBL4284506,O=C(COc1ccc(-c2ccccc2)cc1)N1CCC(N2CCOCC2)CC1,inactive,380.4880000000003,3.055600000000002,0,4,4.031517051446065
CHEMBL4295165,CCN1CCN(CCCNC(=O)COc2ccc(-c3ccccc3)cc2)CC1,inactive,381.52000000000015,2.8762000000000008,1,4,3.94692155651658
CHEMBL4288000,CN1CCN(CCCNC(=O)COc2ccc(-c3ccccc3)cc2)CC1,inactive,367.4930000000001,2.4861000000000004,1,4,3.939302159646388
CHEMBL4277357,O=C(COc1ccc(-c2ccccc2)cc1)NCCCN1CCCCC1,inactive,352.47800000000024,3.7246000000000024,1,3,4.2441251443275085
CHEMBL4291400,CCN1CCN(C2CCN(C(=O)COc3ccc(I)cc3)CC2)CC1,inactive,457.35600000000017,2.2985000000000007,0,4,4.698970004336019
CHEMBL4280753,CCN1CCN(CCCNC(=O)COc2ccc(I)cc2)CC1,inactive,431.3180000000001,1.8137999999999994,1,4,4.060480747381382
CHEMBL4281203,CN1CCN(CCCNC(=O)COc2ccc(I)cc2)CC1,inactive,417.29100000000005,1.4236999999999995,1,4,3.8601209135987635
CHEMBL4289086,O=C(COc1ccc(I)cc1)NCCCN1CCCCC1,inactive,402.2760000000003,2.6622000000000012,1,3,4.886056647693163
CHEMBL4284619,CCN1CCN(C2CCN(C(=O)COc3ccc(-c4ccc(OC)cc4)cc3)CC2)CC1,inactive,437.5840000000003,3.369500000000002,0,5,4.7447274948966935
CHEMBL4292499,CCN1CCN(CCCNC(=O)COc2ccc(-c3ccc(OC)cc3)cc2)CC1,inactive,411.5460000000002,2.884800000000001,1,5,3.958607314841775
CHEMBL4283139,COc1ccc(-c2ccc(OCC(=O)NCCCN3CCN(C)CC3)cc2)cc1,inactive,397.5190000000001,2.4947,1,5,3.721246399047171
CHEMBL4290992,COc1ccc(-c2ccc(OCC(=O)NCCCN3CCCCC3)cc2)cc1,inactive,382.50400000000013,3.7332000000000027,1,4,4.853871964321762
CHEMBL4276694,CCN1CCN(C2CCN(C(=O)COc3ccc(-c4ccccc4F)cc3)CC2)CC1,inactive,425.54800000000023,3.5000000000000027,0,4,4.721246399047171
CHEMBL4282357,Cc1cccc2c1ccc1c3occ(C)c3c(=O)oc(=O)c21,inactive,292.29,3.6694400000000016,0,4,5.0
CHEMBL4285759,Cc1cccc2c1ccc1c3c(c(=O)oc(=O)c12)[C@@H](C)CO3,inactive,294.30600000000004,3.1107200000000015,0,4,4.994304818881489
CHEMBL502,COc1cc2c(cc1OC)C(=O)C(CC1CCN(Cc3ccccc3)CC1)C2,active,379.50000000000017,4.361100000000004,0,4,8.0
CHEMBL4289318,COc1cc2nc(C(=O)NCCC3CCN(Cc4ccccc4)CC3)cc(OC)c2cc1OC,active,463.5780000000002,4.2927000000000035,1,6,6.2076083105017466
CHEMBL4293801,COc1cc2[nH]c(C(=O)NCCC3CCN(Cc4ccccc4)CC3)cc(=O)c2cc1OC,active,449.5510000000002,3.5774000000000026,2,5,6.769551078621726
CHEMBL4282527,COc1ccc2c(=O)cc(C(=O)NCCC3CCN(Cc4ccccc4)CC3)[nH]c2c1,active,419.52500000000015,3.568800000000002,2,4,6.346787486224656
CHEMBL4294609,O=C(NCCC1CCN(Cc2ccccc2)CC1)c1cc(=O)c2cc(O)ccc2[nH]1,active,405.49800000000016,3.2658000000000014,3,4,6.522878745280337
CHEMBL4287548,COc1ccc2[nH]c(C(=O)NCCC3CCN(Cc4ccccc4)CC3)cc(=O)c2c1,active,419.52500000000015,3.568800000000002,2,4,6.055517327849832
CHEMBL4294783,COc1cc2oc(C(=O)NCCCC3CCN(Cc4ccccc4)CC3)cc(=O)c2cc1OC,active,464.5620000000002,4.232400000000004,1,6,6.958607314841775
CHEMBL4284165,O=C(NCCCC1CCN(Cc2ccccc2)CC1)c1cc(=O)c2cc(O)ccc2o1,active,420.50900000000024,3.9208000000000034,2,5,7.638272163982407
CHEMBL4291372,COc1ccc2oc(C(=O)NCCCC3CCN(Cc4ccccc4)CC3)cc(=O)c2c1,active,434.5360000000002,4.223800000000003,1,5,6.431798275933005
CHEMBL4287970,COc1cc2oc(C(=O)NCCC3CCN(Cc4ccccc4)CC3)cc(=O)c2cc1OC,active,450.5350000000002,3.8423000000000025,1,6,7.337242168318426
CHEMBL4277332,O=C(NCCC1CCN(Cc2ccccc2)CC1)c1cc(=O)c2c(O)cc(O)cc2o1,active,422.4810000000002,3.2363000000000017,3,6,6.236572006437063
CHEMBL4284591,COc1cc(OC)c2c(=O)cc(C(=O)NCCC3CCN(Cc4ccccc4)CC3)oc2c1,active,450.5350000000003,3.8423000000000034,1,6,6.494850021680094
CHEMBL4292477,Nc1ccc2oc(C(=O)NCCC3CCN(Cc4ccccc4)CC3)cc(=O)c2c1,active,405.4980000000001,3.407300000000002,2,5,7.3872161432802645
CHEMBL4277548,O=C(NCCC1CCN(Cc2ccccc2)CC1)c1cc(=O)c2cc([N+](=O)[O-])ccc2o1,active,435.48000000000025,3.7333000000000025,1,6,7.6777807052660805
CHEMBL4285779,COc1ccc2c(=O)cc(C(=O)NCCC3CCN(Cc4ccccc4)CC3)oc2c1,active,420.5090000000002,3.833700000000003,1,5,7.481486060122112
CHEMBL4291296,O=C(NCCC1CCN(Cc2ccccc2)CC1)c1cc(=O)c2cc(O)ccc2o1,active,406.4820000000002,3.530700000000002,2,5,7.040958607678906
CHEMBL4283450,COc1ccc2oc(C(=O)NCCC3CCN(Cc4ccccc4)CC3)cc(=O)c2c1,active,420.5090000000001,3.833700000000003,1,5,6.769551078621726
CHEMBL4294701,COc1cccc2oc(C(=O)NCCC3CCN(Cc4ccccc4)CC3)cc(=O)c12,active,420.5090000000002,3.833700000000003,1,5,6.060480747381382
CHEMBL4286799,O=C(NCCC1CCN(Cc2ccccc2)CC1)c1cc(=O)c2ccccc2o1,active,390.4830000000002,3.8251000000000026,1,4,6.958607314841775
CHEMBL4284495,COc1cc2oc(C(=O)OCCC3CCN(Cc4ccccc4)CC3)cc(=O)c2cc1OC,active,451.5190000000002,4.269300000000004,0,7,7.251811972993799
CHEMBL4285601,COc1cc2oc(C(=O)OCC3CCN(Cc4ccccc4)CC3)cc(=O)c2cc1OC,active,437.4920000000002,3.8792000000000035,0,7,6.522878745280337
CHEMBL4292446,COc1cc2oc(C(=O)NC3CCN(Cc4ccccc4)CC3)cc(=O)c2cc1OC,active,422.4810000000002,3.204600000000002,1,6,6.180456064458132
CHEMBL4290940,COc1ccc2oc(C(=O)NC3CCN(Cc4ccccc4)CC3)cc(=O)c2c1,active,392.45500000000015,3.1960000000000015,1,5,6.013228265733755
CHEMBL502,COc1cc2c(cc1OC)C(=O)C(CC1CCN(Cc3ccccc3)CC1)C2,active,379.50000000000017,4.361100000000004,0,4,7.657577319177793
CHEMBL659,COc1ccc2c3c1O[C@H]1C[C@@H](O)C=C[C@@]31CCN(C)C2,active,287.35900000000004,1.8503,1,4,6.522878745280337
CHEMBL95,Nc1c2c(nc3ccccc13)CCCC2,active,198.26899999999992,2.695800000000001,1,2,6.940058111938045
CHEMBL4292399,Cl.Cl.Nc1ccc(O)c(Cn2cccn2)c1,inactive,262.14,2.0627999999999993,2,4,3.0734003460929724
CHEMBL4286677,Cl.Cl.Nc1ccc(O)c(Cn2ccnc2)c1,inactive,262.14,2.0627999999999993,2,4,3.3165026823201886
CHEMBL4294906,Cl.Cl.Nc1ccc(O)c(CN2CCOCC2)c1,inactive,281.183,1.6502000000000001,2,4,3.5676722077383958
CHEMBL4288558,Cl.Cl.Nc1ccc(O)c(CN2CCCCC2)c1,inactive,279.21099999999996,2.8039000000000005,2,3,3.3410351573355648
CHEMBL4285213,CCCN(CCC)Cc1cc(N)ccc1O.Cl.Cl,inactive,295.25399999999996,3.4400000000000026,2,3,3.8823973083099155
CHEMBL4280224,CCN(CC)Cc1cc(N)ccc1O.Cl.Cl,inactive,267.2,2.659800000000002,2,3,4.316052869248487
CHEMBL4282360,CCCCCCN(C)Cc1cc(N)ccc1O.Cl.Cl,inactive,309.281,3.830100000000004,2,3,2.977365460055881
CHEMBL4283986,CCCCCN(C)Cc1cc(N)ccc1O.Cl.Cl,inactive,295.25399999999996,3.4400000000000026,2,3,3.094150173357681
CHEMBL4280848,CCCCN(C)Cc1cc(N)ccc1O.Cl.Cl,inactive,281.227,3.0499000000000023,2,3,3.902395671125589
CHEMBL4288742,CCCN(C)Cc1cc(N)ccc1O.Cl.Cl,inactive,267.2,2.659800000000002,2,3,2.938924676370208
CHEMBL4284261,CCN(C)Cc1cc(N)ccc1O.Cl.Cl,inactive,253.17300000000003,2.2697000000000007,2,3,3.0154276843783676
CHEMBL4276921,CN(C)Cc1cc(N)ccc1O.Cl.Cl,inactive,239.14600000000002,1.8796000000000004,2,3,2.813467435407603
CHEMBL4292574,CNCc1cc(N)ccc1O.Cl.Cl,inactive,225.119,1.5374000000000003,3,3,3.476904161747432
CHEMBL4280224,CCN(CC)Cc1cc(N)ccc1O.Cl.Cl,inactive,267.2,2.659800000000002,2,3,4.7495799976911055
CHEMBL502,COc1cc2c(cc1OC)C(=O)C(CC1CCN(Cc3ccccc3)CC1)C2,active,379.50000000000017,4.361100000000004,0,4,7.318758762624412
CHEMBL4292766,CC(C)(C)c1cc(/C=C/C(=O)NCCC2CCN(Cc3ccccc3F)CC2)cc(C(C)(C)C)c1O,active,494.6950000000003,6.558000000000008,2,3,6.1249387366083
CHEMBL4284475,CC(C)(C)c1cc(/C=C/C(=O)NCCC2CCN(Cc3ccc(F)cc3)CC2)cc(C(C)(C)C)c1O,active,494.6950000000003,6.558000000000008,2,3,6.008773924307505
CHEMBL3819548,O=C(/C=C/c1ccccc1)NCCC1CCN(Cc2ccccc2)CC1,active,348.49000000000007,4.118300000000003,1,2,6.346787486224656
CHEMBL4469066,COc1ccc2nc3c(c(NCCCCCNC(=S)NC45CC6CC(CC(C6)C4)C5)c2c1)CCCC3,active,506.76000000000045,6.137300000000006,3,4,6.327902142064283
CHEMBL4591167,NC12CC3CC(F)(CC(C1)c1cc(NC(=O)CCCCNc4c5c(nc6cc(Cl)ccc46)CCCC5)ccc13)C2,active,561.1450000000003,7.552200000000006,3,4,8.602059991327963
CHEMBL4471659,NC12CC3CC(F)(CC(C1)c1cc(NC(=O)CCCNc4c5c(nc6cc(Cl)ccc46)CCCC5)ccc13)C2,active,547.1180000000003,7.162100000000006,3,4,9.522878745280337
CHEMBL4558495,FC12CC3CC(NCCCCCNc4c5c(nc6cc(Cl)ccc46)CCCC5)(CC(C1)c1ccccc13)C2,active,532.1470000000003,8.244600000000005,2,3,8.853871964321762
CHEMBL4469343,FC12CC3CC(NCCCCNc4c5c(nc6cc(Cl)ccc46)CCCC5)(CC(C1)c1ccccc13)C2,active,518.1200000000003,7.854500000000007,2,3,8.698970004336019
CHEMBL4462369,O=C(CCCCNc1c2c(nc3cc(Cl)ccc13)CCCC2)NC12CC3CC(F)(CC(C1)c1ccccc13)C2,active,546.1300000000003,7.771200000000007,2,3,8.886056647693163
CHEMBL4438626,O=C(CCCNc1c2c(nc3cc(Cl)ccc13)CCCC2)NC12CC3CC(F)(CC(C1)c1ccccc13)C2,active,532.1030000000003,7.381100000000007,2,3,8.853871964321762
CHEMBL292314,Nc1c2c(nc3cc(Cl)ccc13)CCCC2,active,232.71399999999994,3.3492000000000015,1,2,7.838631997765025
CHEMBL95,Nc1c2c(nc3ccccc13)CCCC2,active,198.26899999999992,2.695800000000001,1,2,6.522878745280337
CHEMBL78010,COc1ccc(-c2cc(=O)c3c(O)c(OC)c(O)cc3o2)cc1,inactive,314.293,2.8884000000000007,2,6,3.6020599913279625
CHEMBL4438650,COc1ccc(-c2cc(=O)c3cc(OC)c(O)c([C@H]4CCC(=O)N4)c3o2)cc1,inactive,381.3840000000001,3.1339000000000006,2,6,4.73754891026957
CHEMBL4532623,COc1ccc(-c2cc(=O)c3cc(OC)c(O)c([C@@H]4CCC(=O)N4)c3o2)cc1,inactive,381.3840000000001,3.1339000000000006,2,6,4.167491087293763
CHEMBL4537240,O=C(/C=C/c1ccc(OCCCCCCN2CCCC2)cc1)c1ccc(OCCCCCCN2CCCC2)cc1O,active,562.7950000000004,7.35830000000001,1,6,6.107905397309519
CHEMBL502,COc1cc2c(cc1OC)C(=O)C(CC1CCN(Cc3ccccc3)CC1)C2,active,379.50000000000017,4.361100000000004,0,4,7.958607314841775
CHEMBL369768,COc1ccc(/C=C/C(=O)c2ccc3c(c2O)C=CC(C)(C)O3)cc1,inactive,336.38700000000006,4.481100000000004,1,4,4.126621263590859
CHEMBL4578305,COc1ccc(C2CC(=O)c3ccc4c(c3O2)C=CC(C)(C)O4)cc1,inactive,336.38700000000006,4.585900000000004,0,4,4.040624663424157
CHEMBL362378,CC1(C)C=Cc2c(ccc(C(=O)/C=C/c3ccc(O)cc3)c2O)O1,inactive,322.36,4.178100000000004,2,4,4.76598918241282
CHEMBL393417,COc1cc2c(cc1OC)[C@@H]1C(=O)c3ccc4c(c3O[C@@H]1CO2)C=CC(C)(C)O4,inactive,394.4230000000002,4.007900000000003,0,6,3.8972233851165585
CHEMBL241806,COc1cc2c(cc1OC)[C@]1(O)C(=O)c3ccc4c(c3O[C@@H]1CO2)C=CC(C)(C)O4,inactive,410.4220000000002,3.111900000000002,1,7,3.8955811793524053
CHEMBL3311038,COc1cc(OC)c(-c2coc3c4c(ccc3c2=O)OC(C)(C)C=C4)cc1OC,inactive,394.4230000000002,4.670000000000004,0,6,3.915066425063284
CHEMBL3311040,COc1ccc(-c2coc3c4c(ccc3c2=O)OC(C)(C)C=C4)cc1OC,inactive,364.3970000000001,4.661400000000005,0,5,3.8821654814562527
CHEMBL362378,CC1(C)C=Cc2c(ccc(C(=O)/C=C/c3ccc(O)cc3)c2O)O1,inactive,322.36,4.178100000000004,2,4,4.5292955702772115
CHEMBL636,CCN(C)C(=O)Oc1cccc([C@H](C)N(C)C)c1,active,250.34199999999998,2.7597000000000014,0,3,6.036212172654444
CHEMBL255231,C#CCN[C@@H]1CCc2ccc(OC(=O)N(C)CC)cc21,inactive,272.34799999999996,2.347200000000001,1,3,4.280668713016273
CHEMBL54470,CC(C)c1ccc(NC(=O)Oc2ccc3c(c2)[C@]2(C)CCNC2N3)cc1,active,351.45000000000005,4.423500000000002,3,4,6.958607314841775
CHEMBL4583273,CN1c2ccc(OC(=O)NCCCCCCN3CCCC3)cc2CN2CCc3ccccc3C21,active,462.63800000000026,4.937900000000005,1,5,6.055517327849832
CHEMBL4583273,CN1c2ccc(OC(=O)NCCCCCCN3CCCC3)cc2CN2CCc3ccccc3C21,active,462.63800000000026,4.937900000000005,1,5,6.060001790087838
CHEMBL4533477,O=C(/C=C/c1ccc([N+](=O)[O-])cc1)NCCCCCCNc1c2c(nc3ccccc13)CCCC2,active,472.58900000000034,5.823700000000005,2,5,8.568636235841012
CHEMBL4451843,O=C(NCCCCCNc1c2c(nc3ccccc13)CCCC2)c1c2ccccc2nc2ccccc12,active,488.63500000000033,6.827200000000006,2,4,11.119186407719209
CHEMBL4453954,Cc1cc(C)c(S(=O)(=O)Nc2ccc(C3C4=C(CC(C)(C)CC4=O)N(c4ccc(Br)cc4)C4=C3C(=O)CC(C)(C)C4)cc2)c(C)c1,active,701.727,9.065360000000002,1,5,6.853871964321762
CHEMBL4470448,Cc1c(C)c2ccc(OCC3CCN(Cc4cccc(OCCCO)c4)CC3)cc2oc1=O,active,451.56300000000033,4.4620400000000044,1,6,6.075720713938118
CHEMBL4464759,Cc1c(C)c2ccc(OCC3CCN(CCCO)CC3)cc2oc1=O,active,345.4390000000001,2.883040000000001,1,5,6.050609993355087
CHEMBL4530960,Cc1c(C)c2ccc(OCC3CCN(CCCO[N+](=O)[O-])CC3)cc2oc1=O,active,390.43600000000015,3.0990400000000013,0,7,6.0655015487564325
CHEMBL4578377,Cc1c(C)c2ccc(OCC3CCN(Cc4cccc(OCCCO[N+](=O)[O-])c4)CC3)cc2oc1=O,active,496.5600000000004,4.678040000000005,0,8,6.318758762624412
CHEMBL4173258,C#CCN(C)Cc1cc2cc(OCCCN3CCCCC3)ccc2n1C,active,353.5100000000001,3.4981000000000027,0,4,6.275724130399211
CHEMBL502,COc1cc2c(cc1OC)C(=O)C(CC1CCN(Cc3ccccc3)CC1)C2,active,379.50000000000017,4.361100000000004,0,4,8.221848749616356
CHEMBL4537101,COc1c(C(=O)CCC2CCN(CC3CCCCC3)CC2)cc(Cl)c2[nH]ccc12,active,416.99300000000005,6.085100000000007,1,3,7.039053804266168
CHEMBL4540355,COc1c(C(=O)CCC2CCN(Cc3ccccc3)CC2)cc(Cl)c2[nH]c([Si](C)(C)C)cc12,active,483.12800000000027,6.250200000000007,1,3,6.560667306169737
CHEMBL4526050,COc1c(C(=O)CCC2CCN(Cc3ccccc3)CC2)cc(Cl)c2[nH]ccc12,active,410.94500000000016,5.705000000000005,1,3,7.690369832574101
CHEMBL4444843,O=C(CCC1CCN(CC2CCCCC2)CC1)c1cc(Cl)c2[nH]ccc2c1,active,386.967,6.0765000000000065,1,2,7.540607512240769
CHEMBL4585990,O=C(CCC1CCN(Cc2ccccc2)CC1)c1ccc2[nH]ccc2c1,active,346.47400000000005,5.043000000000005,1,2,7.876148359032914
CHEMBL4529710,O=C(CCC1CCN(CC2CCCCC2)CC1)c1ccc2[nH]ccc2c1,active,352.522,5.423100000000005,1,2,7.292429823902063
CHEMBL4562793,O=C(CCC1CCN(CC2CCCC2)CC1)c1ccc2[nH]ccc2c1,active,338.495,5.033000000000005,1,2,7.026872146400302
CHEMBL4567394,CCCCN1CCC(CCC(=O)c2ccc3[nH]ccc3c2)CC1,active,312.4570000000001,4.642900000000004,1,2,6.145086977692144
CHEMBL4454706,COc1c(C(=O)CCC2CCN(CC3CCCCC3)CC2)ccc2[nH]ccc12,active,382.54800000000006,5.4317000000000055,1,3,7.3979400086720375
CHEMBL4559904,COc1c(C(=O)CCC2CCN(CC3CCCCC3)CC2)cc(Cl)c2c1ccn2C,active,431.0200000000001,6.0955000000000075,0,4,7.073657553374344
CHEMBL4541090,COc1c(C(=O)CCC2CCN(CC3CCCCC3)CC2)cc(Cl)c2c1ccn2Cc1ccccc1,active,507.11800000000017,7.6068000000000096,0,4,6.584025588623434
CHEMBL4583738,COc1c(C(=O)CCC2CCN(CC3CCCCC3)CC2)cc(Cl)c2c1ccn2S(=O)(=O)c1ccccc1.O=C(O)/C=C/C(=O)O,active,673.2280000000003,6.507300000000007,2,8,6.252588192113577
CHEMBL4578844,O=C(CCC1CCN(CC2CCCCC2)CC1)c1ccc2c(ccn2Cc2ccccc2)c1,active,442.6470000000001,6.944800000000008,0,3,6.876148359032914
CHEMBL4438286,CC1C[C@H]2[C@H](O)[C@@H]3O[C@]4(C1)OC1CCN5CCCC24[C@]13C5,inactive,291.39099999999996,1.3731999999999998,1,4,4.522878745280337
CHEMBL4568349,C=C[C@@H]1[C@@H]2CC3=C(CCC(=O)N3)[C@@]1(N)C[C@H](C)C2,inactive,246.35399999999998,2.0999999999999996,2,2,4.522878745280337
CHEMBL4449395,C[C@@H]1C[C@H]2Cc3ncc(C4CCCCN4)cc3[C@]3(C1)NCCC[C@H]23,inactive,325.50000000000006,3.6933000000000016,2,3,4.522878745280337
CHEMBL395280,C/C=C1\[C@H]2C=C(C)C[C@]1(N)c1ccc(=O)[nH]c1C2,active,242.32199999999997,1.9975,2,2,7.481486060122112
CHEMBL295124,COc1ccc2cc3[n+](cc2c1OC)CCc1cc2c(cc1-3)OCO2,active,336.3670000000001,3.096300000000001,0,4,6.154901959985743
CHEMBL4548293,COc1cc2c(cc1O)C(Cc1ccc(O)c(Oc3cc(CC4c5cc(O)c(OC)cc5CCN4C)ccc3OC)c1)N(C)CC2,inactive,626.7500000000001,6.164900000000007,3,9,4.180456064458132
CHEMBL452895,COc1cc2c3cc1Oc1c(O)c(OC)cc4c1[C@@H](Cc1ccc(O)c(c1)Oc1ccc(cc1)C[C@@H]3N(C)CC2)N(C)CC4,inactive,594.708,6.556400000000007,2,8,4.013228265733755
CHEMBL508781,COc1cc2c3cc1Oc1c(O)c(OC)cc4c1[C@H](Cc1ccc(cc1)Oc1cc(ccc1O)C[C@H]3N(C)CC2)N(C)CC4,inactive,594.708,6.556400000000008,2,8,4.0
CHEMBL504323,COc1cc2c3cc1Oc1c(OC)c(OC)cc4c1[C@@H](Cc1ccc(O)c(c1)Oc1ccc(cc1)C[C@@H]3N(C)CC2)N(C)CC4,inactive,608.7349999999999,6.859400000000009,1,8,4.0
CHEMBL4585711,COc1cc2c(cc1Oc1c3c(cc(OC)c1OC)CCN(C)C3)C(Cc1ccc(O)cc1)N(C)CC2,inactive,504.62700000000035,4.969900000000005,1,7,4.0
CHEMBL4590539,CCN(CC)Cc1cc2cc(c1O)Oc1ccc(cc1)C[C@H]1c3cc(c(OC)cc3CCN1C)Oc1c(OC)c(OC)cc3c1[C@@H](C2)N(C)CC3,inactive,693.885,7.70120000000001,1,9,4.167491087293763
CHEMBL11531,COc1ccc2cc3n(c(=O)c2c1OC)CCc1cc2c(cc1-3)OCO2,inactive,351.3580000000001,2.9705000000000013,0,6,4.0
CHEMBL4444239,COc1ccc(C2=NN(C(C)=O)C(c3ccc(-n4cncn4)cc3)C2)cc1OC,inactive,391.43100000000015,2.9821000000000017,0,7,3.0198602222542457
CHEMBL4476639,COc1ccc(C2=NN(C(C)=O)C(c3ccc(-n4ccnc4)cc3)C2)cc1OC,inactive,390.44300000000015,3.587100000000002,0,6,3.686976889676762
CHEMBL4448071,COc1ccc(C2=NN(C(C)=O)C(c3ccc(-n4cnc5ccccc54)cc3)C2)cc1OC,inactive,440.5030000000002,4.740300000000005,0,6,3.4959371173213083
CHEMBL4465544,COc1ccc(C2=NN(C(C)=O)C(c3ccc(N4CCN(Cc5ccccc5)CC4)cc3)C2)cc1OC,inactive,498.62700000000035,4.723600000000005,0,6,4.2020403562628035
CHEMBL4576193,COc1ccc(C2=NN(C(C)=O)C(c3ccc(N4CCC(Cc5ccccc5)CC4)cc3)C2)cc1OC,inactive,497.63900000000035,5.860500000000006,0,5,4.696803942579511
CHEMBL4594199,CCN1CCN(c2ccc(C3CC(c4ccc(OC)c(OC)c4)=NN3C(C)=O)cc2)CC1,inactive,436.5560000000002,3.543300000000002,0,6,4.319664486585436
CHEMBL4445377,COc1ccc(C2=NN(C(C)=O)C(c3ccc(N4CCC(C)CC4)cc3)C2)cc1OC,inactive,421.5410000000003,4.637700000000004,0,5,4.111259039317107
CHEMBL4483487,COc1ccc(C2=NN(C(C)=O)C(c3ccc(N4CCN(c5ccccc5)CC4)cc3)C2)cc1OC,inactive,484.6000000000003,4.728000000000005,0,6,3.530325227448202
CHEMBL4475612,COc1ccc(C2=NN(C(C)=O)C(c3ccc(N4CCN(Cc5ccccc5)CC4)cc3)C2)cc1,inactive,468.6010000000003,4.715000000000004,0,5,3.999132278468773
CHEMBL4532224,CCN1CCN(c2ccc(C3CC(c4ccc(OC)cc4)=NN3C(C)=O)cc2)CC1,inactive,406.53000000000014,3.5347000000000026,0,5,3.655214877367339
CHEMBL502,COc1cc2c(cc1OC)C(=O)C(CC1CCN(Cc3ccccc3)CC1)C2,active,379.50000000000017,4.361100000000004,0,4,8.207608310501746
CHEMBL14638,O=C(c1ccc(OCCCc2c[nH]cn2)cc1)C1CC1,inactive,270.33200000000005,3.014000000000001,1,3,4.064996848546345
CHEMBL4589118,Cc1c(OCc2ccccc2)cccc1N1CCN(CCCCCCNc2c3c(nc4c2CCCC4)CCCC3)CC1,active,566.8340000000004,7.521120000000008,1,5,7.853871964321762
CHEMBL3323035,c1cc2c(cc1OCCCN1CCCCC1)CN1CCCC1=N2,active,313.44500000000005,3.5808000000000026,0,4,7.4698003017969175
CHEMBL4173258,C#CCN(C)Cc1cc2cc(OCCCN3CCCCC3)ccc2n1C,active,353.5100000000001,3.4981000000000027,0,4,6.275724130399211
CHEMBL1929421,C#CCN(C)Cc1cc2cc(OCCCC3CCN(Cc4ccccc4)CC3)ccc2n1C,active,443.63500000000016,5.314500000000006,0,4,6.0915149811213505
CHEMBL4445026,C(=N/Nc1c2c(nc3ccccc13)CCCC2)\c1ccc(OCc2cn(-c3ccccc3)nn2)cc1.Cl,active,511.02900000000017,6.141100000000006,1,7,6.045757490560675
CHEMBL4526428,Brc1ccc(-n2cc(COc3ccc(/C=N/Nc4c5c(nc6ccccc46)CCCC5)cc3)nn2)cc1.Cl,inactive,589.9250000000002,6.903600000000006,1,7,4.892790030352131
CHEMBL4580216,S=C(NNc1c2c(nc3ccccc13)CCCC2)Nc1ccccc1,active,348.475,4.427100000000003,3,3,6.214670164989233
CHEMBL4435058,S=C(NNc1c2c(nc3ccccc13)CCCC2)Nc1ccc(Cl)cc1,active,382.9200000000001,5.080500000000003,3,3,6.104577453960592
CHEMBL4435178,S=C(NNc1c2c(nc3ccccc13)CCCC2)Nc1ccc(Br)cc1,active,427.37100000000004,5.189600000000003,3,3,6.243363891754152
CHEMBL4525409,COc1ccc(NC(=S)NNc2c3c(nc4ccccc24)CCCC3)cc1,active,378.5010000000002,4.435700000000002,3,4,6.533132379645891
CHEMBL4458648,S=C(NCc1ccccc1)NNc1c2c(nc3ccccc13)CCCC2,active,362.50200000000024,4.104800000000003,3,3,6.661543506395395
CHEMBL4459154,NS(=O)(=O)c1ccc(NC(=S)NNc2c3c(nc4ccccc24)CCCC3)cc1,active,427.55500000000023,3.0745000000000013,4,5,6.017276612331455
CHEMBL95,Nc1c2c(nc3ccccc13)CCCC2,active,198.26899999999992,2.695800000000001,1,2,6.3851027839668655
CHEMBL95,Nc1c2c(nc3ccccc13)CCCC2,active,198.26899999999992,2.695800000000001,1,2,6.3979400086720375
CHEMBL95,Nc1c2c(nc3ccccc13)CCCC2,active,198.26899999999992,2.695800000000001,1,2,7.522878745280337
CHEMBL502,COc1cc2c(cc1OC)C(=O)C(CC1CCN(Cc3ccccc3)CC1)C2,active,379.50000000000017,4.361100000000004,0,4,8.244125144327509
CHEMBL4536838,COc1ccc2[nH]cc(CCNC(=O)CN(CCC3CCN(Cc4ccccc4)CC3)C(=O)/C=C/c3ccc(O)c(OC)c3)c2c1,active,624.7820000000003,5.393700000000006,3,6,7.512861624522813
CHEMBL4541077,COc1ccc2[nH]cc(CCNC(=O)CN(CCCC3CCN(Cc4ccccc4)CC3)C(=O)/C=C/c3ccc(O)c(OC)c3)c2c1,active,638.8090000000003,5.7838000000000065,3,6,7.581698708680254
CHEMBL4456928,c1ccc2c(NCc3ccc(-c4ccc(CNc5c6c(nc7ccccc57)CCCC6)cc4)cc3)c3c(nc2c1)CCCC3,active,574.772,9.431799999999999,2,4,8.442492798094342
CHEMBL4522757,O=C(/C=C/c1ccc(OCc2ccccc2)cc1)NCCNc1c2c(nc3ccccc13)CCCC2,active,477.6080000000004,5.934100000000005,2,4,7.217527375833714
CHEMBL4534662,COc1cc(/C=C/C(=O)NCCNc2c3c(nc4ccccc24)CCCC3)ccc1OCc1ccccc1,active,507.6340000000003,5.942700000000006,2,5,7.258848401148215
CHEMBL4451532,COc1cc2oc(-c3ccc(NCCNc4c5c(nc6cc(Cl)ccc46)CCCC5)cc3)cc(=O)c2c(OC)c1OC,active,586.0880000000003,7.0902000000000065,2,8,8.787812395596042
CHEMBL4466652,COc1cc2oc(-c3ccc(NCCCNc4c5c(nc6cc(Cl)ccc46)CCCC5)cc3)cc(=O)c2c(OC)c1OC,active,600.1150000000001,7.480300000000007,2,8,8.721246399047171
CHEMBL4569511,COc1cc2oc(-c3ccc(NCCCCNc4c5c(nc6cc(Cl)ccc46)CCCC5)cc3)cc(=O)c2c(OC)c1OC,active,614.1420000000002,7.870400000000007,2,8,8.288192770958808
CHEMBL292314,Nc1c2c(nc3cc(Cl)ccc13)CCCC2,active,232.71399999999994,3.3492000000000015,1,2,7.698970004336019
CHEMBL140476,CC1=CC2Cc3nc4cc(Cl)ccc4c(N)c3C(C1)C2,active,284.7900000000001,4.466400000000003,1,2,9.10790539730952
CHEMBL140476,CC1=CC2Cc3nc4cc(Cl)ccc4c(N)c3C(C1)C2,active,284.7900000000001,4.466400000000003,1,2,6.910094888560602
CHEMBL140476,CC1=CC2Cc3nc4cc(Cl)ccc4c(N)c3C(C1)C2,active,284.7900000000001,4.466400000000003,1,2,9.494850021680094
CHEMBL4443426,O=C(CCCCNc1c2c(nc3ccccc13)CCCC2)NCCc1c[nH]c2ccccc12,active,440.59100000000024,5.536000000000004,3,3,14.301029995663981
CHEMBL199861,O=C(CCCCCNc1c2c(nc3ccccc13)CCCC2)NCCc1c[nH]c2ccccc12,active,454.6180000000003,5.926100000000005,3,3,14.301029995663981
CHEMBL199670,O=C(CCCCCCNc1c2c(nc3ccccc13)CCCC2)NCCc1c[nH]c2ccccc12,active,468.6450000000003,6.316200000000006,3,3,14.301029995663981
CHEMBL4556734,O=C(CCCCCCCNc1c2c(nc3ccccc13)CCCC2)NCCc1c[nH]c2ccccc12,active,482.67200000000037,6.706300000000006,3,3,14.301029995663981
CHEMBL383663,O=C(CCCCCNc1c2c(nc3cc(Cl)ccc13)CCCC2)NCCc1c[nH]c2ccccc12,active,489.0630000000004,6.579500000000005,3,3,14.301029995663981
CHEMBL381499,O=C(CCCCCCNc1c2c(nc3cc(Cl)ccc13)CCCC2)NCCc1c[nH]c2ccccc12,active,503.0900000000004,6.969600000000005,3,3,14.301029995663981
CHEMBL4448350,O=C(CCCCCNc1c2c(nc3c(Cl)cccc13)CCCC2)NCCc1c[nH]c2ccccc12,active,489.0630000000004,6.579500000000005,3,3,14.301029995663981
CHEMBL199538,O=C(CCCCCNc1c2c(nc3cc(Cl)cc(Cl)c13)CCCC2)NCCc1c[nH]c2ccccc12,active,523.5080000000004,7.232900000000006,3,3,14.301029995663981
CHEMBL199585,O=C(CCCCCCNc1c2c(nc3cc(Cl)cc(Cl)c13)CCCC2)NCCc1c[nH]c2ccccc12,active,537.5350000000004,7.623000000000007,3,3,14.301029995663981
CHEMBL4590945,O=C(CCCCCCCNc1c2c(nc3cc(Cl)cc(Cl)c13)CCCC2)NCCc1c[nH]c2ccccc12,active,551.5620000000005,8.013100000000007,3,3,14.301029995663981
CHEMBL4543251,O=C(CCCCCNc1c2c(nc3ccc(F)cc13)CCCC2)NCCc1c[nH]c2ccccc12,active,472.60800000000035,6.065200000000005,3,3,14.301029995663981
CHEMBL4455677,COc1ccc2[nH]cc(CCNC(=O)CCCCNc3c4c(nc5ccccc35)CCCC4)c2c1,active,470.61700000000025,5.544600000000005,3,4,14.301029995663981
CHEMBL199454,COc1ccc2[nH]cc(CCNC(=O)CCCCCNc3c4c(nc5ccccc35)CCCC4)c2c1,active,484.6440000000003,5.934700000000006,3,4,14.301029995663981
CHEMBL382260,COc1ccc2[nH]cc(CCNC(=O)CCCCCCNc3c4c(nc5ccccc35)CCCC4)c2c1,active,498.67100000000033,6.324800000000006,3,4,14.301029995663981
CHEMBL4532770,COc1ccc2[nH]cc(CCNC(=O)CCCCCCCNc3c4c(nc5ccccc35)CCCC4)c2c1,active,512.6980000000004,6.714900000000007,3,4,14.301029995663981
CHEMBL199748,COc1ccc2[nH]cc(CCNC(=O)CCCCCNc3c4c(nc5cc(Cl)ccc35)CCCC4)c2c1,active,519.0890000000003,6.588100000000006,3,4,14.301029995663981
CHEMBL200008,COc1ccc2[nH]cc(CCNC(=O)CCCCCNc3c4c(nc5cccc(Cl)c35)CCCC4)c2c1,active,519.0890000000003,6.588100000000006,3,4,14.301029995663981
CHEMBL4468781,COc1ccc2[nH]cc(CCNC(=O)CCCCCNc3c4c(nc5cc(Cl)cc(Cl)c35)CCCC4)c2c1,active,553.5340000000001,7.2415000000000065,3,4,14.301029995663981
CHEMBL372202,COc1ccc2[nH]cc(CCNC(=O)CCCCCCNc3c4c(nc5cc(Cl)cc(Cl)c35)CCCC4)c2c1,active,567.561,7.631600000000007,3,4,14.301029995663981
CHEMBL370807,O=C(CCCCCNc1c2c(nc3ccccc13)CCCC2)NCCc1c[nH]c2ccc(O)cc12,active,470.6170000000003,5.631700000000005,4,4,14.301029995663981
CHEMBL4579667,O=C(CCCCCCCNc1c2c(nc3ccccc13)CCCC2)NCCc1c[nH]c2ccc(O)cc12,active,498.6710000000004,6.411900000000006,4,4,14.301029995663981
CHEMBL4469239,S=C(CCCCCNc1c2c(nc3ccccc13)CCCC2)NCCc1c[nH]c2ccccc12,active,470.6860000000003,6.726900000000005,3,3,14.301029995663981
CHEMBL4467284,S=C(CCCCCCCNc1c2c(nc3ccccc13)CCCC2)NCCc1c[nH]c2ccccc12,active,498.74000000000035,7.5071000000000065,3,3,14.301029995663981
CHEMBL3235503,c1ccc2c(NCCSSCCNc3c4c(nc5ccccc35)CCCC4)c3c(nc2c1)CCCC3,active,514.7640000000004,7.446000000000006,2,6,8.297569463554474
CHEMBL95,Nc1c2c(nc3ccccc13)CCCC2,active,198.26899999999992,2.695800000000001,1,2,6.301029995663981
CHEMBL4453954,Cc1cc(C)c(S(=O)(=O)Nc2ccc(C3C4=C(CC(C)(C)CC4=O)N(c4ccc(Br)cc4)C4=C3C(=O)CC(C)(C)C4)cc2)c(C)c1,active,701.727,9.065360000000002,1,5,6.853871964321762
CHEMBL4445345,Cc1cc(=O)oc2ccc(OC/C=C/CCn3cnc4c(N5CCCCC5)ncnc43)cc12,inactive,445.5230000000003,4.256720000000003,0,8,4.92299567320665
CHEMBL4173258,C#CCN(C)Cc1cc2cc(OCCCN3CCCCC3)ccc2n1C,active,353.5100000000001,3.4981000000000027,0,4,6.275724130399211
CHEMBL1929421,C#CCN(C)Cc1cc2cc(OCCCC3CCN(Cc4ccccc4)CC3)ccc2n1C,active,443.63500000000016,5.314500000000006,0,4,6.0915149811213505
CHEMBL14638,O=C(c1ccc(OCCCc2c[nH]cn2)cc1)C1CC1,inactive,270.33200000000005,3.014000000000001,1,3,4.064996848546345
CHEMBL4473282,C#CCNC1CCc2cc(Cl)c(OC(=O)N(C)CCC)cc21,inactive,320.8200000000001,3.3907000000000025,1,3,4.357535479757878
CHEMBL4579904,C#CCNC1CCCc2ccc(OC(=O)N(C)CC)cc21,inactive,286.375,2.737300000000001,1,3,4.280668713016273
CHEMBL1915760,C/C(=C\CC[C@@H](C)[C@H]1CC[C@@]2(C)C3=CC[C@H]4C(C)(C)[C@@H](O)CC[C@]4(C)C3=CC[C@]12C)C(=O)O,inactive,454.6950000000003,7.319800000000009,2,2,4.675717544702307
CHEMBL502,COc1cc2c(cc1OC)C(=O)C(CC1CCN(Cc3ccccc3)CC1)C2,active,379.50000000000017,4.361100000000004,0,4,7.3979400086720375
CHEMBL4461560,Nc1cccc(Cl)c1Oc1ccc(CNc2cc(Br)cc(Br)c2)cc1,inactive,482.60300000000007,6.851600000000003,2,3,5.0
CHEMBL4515603,Nc1cccc(Cl)c1Oc1ccc(CNc2cc(Cl)cc(Cl)c2)cc1,inactive,393.70100000000014,6.633400000000003,2,3,5.0
CHEMBL4518298,Nc1cccc(Cl)c1Oc1ccc(CNc2ccc(Br)cc2)cc1,inactive,403.70700000000005,6.089100000000004,2,3,5.0
CHEMBL4447438,Nc1cccc(Cl)c1Oc1ccc(CNc2ccc(Cl)cc2)cc1,inactive,359.2560000000001,5.980000000000003,2,3,5.0
CHEMBL4448745,Nc1cccc(Cl)c1Oc1ccc(CNc2cccc(Br)c2)cc1,inactive,403.70700000000005,6.089100000000004,2,3,5.0
CHEMBL4528790,Nc1cccc(Cl)c1Oc1ccc(CNc2cccc(Cl)c2)cc1,inactive,359.2560000000001,5.980000000000003,2,3,5.0
CHEMBL4517373,Nc1cccc(Cl)c1Oc1ccc(CNc2ccccc2)cc1,inactive,324.81100000000004,5.3266000000000036,2,3,5.0
CHEMBL1929421,C#CCN(C)Cc1cc2cc(OCCCC3CCN(Cc4ccccc4)CC3)ccc2n1C,active,443.63500000000016,5.314500000000006,0,4,6.455931955649724
CHEMBL4467520,Cc1ccc2[nH]c3c(c2c1)CN(CCCCCN1CCc2[nH]c4ccc(C)cc4c2C1)CC3,active,440.6350000000002,5.852740000000006,2,2,6.709965388637482
CHEMBL4455013,COc1ccc(CNC(=O)C2CCN(C(=O)c3ccccc3)CC2)cc1OC,active,382.46000000000015,2.8724000000000016,1,4,8.386158178123932
CHEMBL3319256,Cn1ncc2cc(C(=O)Nc3ccc(Cl)c(Cl)c3)ccc21,inactive,320.17900000000003,4.132400000000002,1,3,4.106238237942057
CHEMBL95,Nc1c2c(nc3ccccc13)CCCC2,active,198.26899999999992,2.695800000000001,1,2,6.370998380713008
CHEMBL95,Nc1c2c(nc3ccccc13)CCCC2,active,198.26899999999992,2.695800000000001,1,2,7.899974269892137
CHEMBL95,Nc1c2c(nc3ccccc13)CCCC2,active,198.26899999999992,2.695800000000001,1,2,6.799998134593398
CHEMBL4458217,CCOc1ccc(Cc2nc3cc(C(=O)N(CC)CC)ccc3n2CCNc2c3c(nc4ccccc24)CCCC3)cc1,active,575.7570000000001,7.046900000000008,1,6,8.899974269892137
CHEMBL4458929,CCOc1ccc(Cc2nc3cc(C(=O)N(CC)CC)ccc3n2CCCNc2c3c(nc4ccccc24)CCCC3)cc1,active,589.784,7.437000000000008,1,6,8.500038134403809
CHEMBL4473438,CCOc1ccc(Cc2nc3cc(C(=O)N(CC)CC)ccc3n2CCCCNc2c3c(nc4ccccc24)CCCC3)cc1,active,603.811,7.8271000000000095,1,6,7.50003813440381
CHEMBL4583716,CCOc1ccc(Cc2nc3cc(C(=O)N(CC)CC)ccc3n2CCCCCNc2c3c(nc4ccccc24)CCCC3)cc1,active,617.8380000000001,8.217200000000009,1,6,8.199970640755867
CHEMBL4456083,CCOc1ccc(Cc2nc3cc(C(=O)N(CC)CC)ccc3n2CCCCCCNc2c3c(nc4ccccc24)CCCC3)cc1,active,631.8650000000001,8.607300000000006,1,6,8.700057099977233
CHEMBL4588547,CCOc1ccc(Cc2nc3cc(C(=O)NCCNc4c5c(nc6ccccc46)CCCC5)ccc3n2CCC(C)C)cc1,active,589.7840000000002,7.340800000000008,2,6,7.100015437450609
CHEMBL4441666,CCOc1ccc(Cc2nc3cc(C(=O)NCCCNc4c5c(nc6ccccc46)CCCC5)ccc3n2CCC(C)C)cc1,active,603.8110000000001,7.730900000000008,2,6,8.500038134403809
CHEMBL4464883,CCOc1ccc(Cc2nc3cc(C(=O)NCCCCNc4c5c(nc6ccccc46)CCCC5)ccc3n2CCC(C)C)cc1,active,617.8380000000001,8.121000000000008,2,6,8.0
CHEMBL4453905,CCOc1ccc(Cc2nc3cc(C(=O)NCCCCCNc4c5c(nc6ccccc46)CCCC5)ccc3n2CCC(C)C)cc1,active,631.8650000000001,8.511100000000006,2,6,8.100015437450608
CHEMBL4558335,CCOc1ccc(Cc2nc3cc(C(=O)NCCCCCCNc4c5c(nc6ccccc46)CCCC5)ccc3n2CCC(C)C)cc1,active,645.8920000000002,8.901200000000003,2,6,7.700057099977233
CHEMBL4545532,CCOc1ccc(Cc2nc3cc(C(=O)N(CC)CCCCNc4c5c(nc6ccccc46)CCCC5)ccc3n2CCC(C)C)cc1,active,645.8920000000002,8.853300000000004,1,6,7.199970640755866
CHEMBL4456433,CCOc1ccc(Cc2nc3cc(C(=O)N(CC)CC)ccc3n2CCOCCOCCNc2c3c(nc4ccccc24)CCCC3)cc1,active,663.863,7.080100000000009,1,8,7.0
CHEMBL4555887,CCOc1ccc(Cc2nc3cc(C(=O)NCCOCCOCCNc4c5c(nc6ccccc46)CCCC5)ccc3n2CCC(C)C)cc1,active,677.89,7.3740000000000085,2,8,6.399996913372259
CHEMBL4447210,CCOc1ccc(Cc2nc3cc(C(=O)NCCSSCCNc4c5c(nc6ccccc46)CCCC5)ccc3n2CCC(C)C)cc1,active,681.9719999999999,8.722200000000004,2,8,7.100015437450609
CHEMBL32823,c1ccc2c(NCCCCCCCNc3c4c(nc5ccccc35)CCCC4)c3c(nc2c1)CCCC3,active,492.7110000000004,8.015100000000007,2,4,9.09151498112135
CHEMBL4536715,Oc1ccc(/C=N/c2c3c(nc4ccccc24)CCCC3)cc1O,active,318.3760000000001,4.275400000000003,2,4,6.215382707367125
CHEMBL4535585,Oc1ccc(CNc2c3c(nc4ccccc24)CCCC3)cc1O,active,320.3920000000001,4.136900000000003,3,4,7.0
CHEMBL4572757,Oc1ccc(CNCCCCCCNc2c3c(nc4ccccc24)CCCC3)cc1O,active,419.56900000000024,5.2869000000000055,4,5,7.5376020021010435
CHEMBL4475228,COc1ccc(CCOCCCCCNc2c3c(nc4ccccc24)CCCC3)cc1,active,418.5810000000002,5.9637000000000056,1,4,6.665546248849069
CHEMBL4555120,COc1ccc(CCOCCCCCNc2c3c(nc4ccccc24)CCCC3)cc1OC,active,448.60700000000026,5.972300000000006,1,5,6.774690718274137
CHEMBL4588525,c1ccc(COc2ccc(CCOCCCCCNc3c4c(nc5ccccc35)CCCC4)cc2)cc1,active,494.6790000000002,7.534100000000008,1,4,6.342944147142896
CHEMBL4545701,c1ccc(COc2ccc(CCOCCCCCNc3c4c(nc5ccccc35)CCCC4)cc2OCc2ccccc2)cc1,active,600.8030000000003,9.113100000000001,1,5,6.295849483160201
CHEMBL4531167,Oc1ccc(CCOCCCCCNc2c3c(nc4ccccc24)CCCC3)cc1,active,404.5540000000002,5.660700000000005,2,4,6.847711655616943
CHEMBL4589250,Oc1ccc(CCOCCCCCNc2c3c(nc4ccccc24)CCCC3)cc1O,active,420.5530000000002,5.366300000000005,3,5,6.266000713461613
CHEMBL95,Nc1c2c(nc3ccccc13)CCCC2,active,198.26899999999992,2.695800000000001,1,2,6.3851027839668655
CHEMBL4526049,COc1cc(N)c(Cl)cc1C(=O)CCC1CCN(Cc2ccc(O)c(O)c2)CC1,active,418.92100000000016,4.217100000000004,3,6,6.860435733824151
CHEMBL4527729,COc1cc(CN2CCC(CCC(=O)c3cc(Cl)c(N)cc3OC)CC2)ccc1O,active,432.94800000000026,4.520100000000005,2,6,6.2716462179787715
CHEMBL502,COc1cc2c(cc1OC)C(=O)C(CC1CCN(Cc3ccccc3)CC1)C2,active,379.50000000000017,4.361100000000004,0,4,7.91721462968355
CHEMBL4563408,O=C(Nc1ccc(OC(F)F)nc1)NC1CCN(c2ncnc3c2nc(-c2ccccc2Cl)n3-c2ccc(Cl)cc2)CC1,inactive,625.467,6.576200000000005,2,8,5.0
CHEMBL4456336,O=C(O)CC1(CC(=O)c2cc(O)ccc2O)C=C(CO)CCC1,inactive,320.3410000000002,2.2343,4,5,4.585026652029182
CHEMBL4560804,C/C(=C/CC[C@H](CO)c1cc2cc(O)c(O)cc2o1)CO,inactive,292.3310000000001,2.6387000000000023,4,5,4.543633966870957
CHEMBL4455690,Cc1ccc2oc(-c3ccc(OCCCCCCN4CCCCCC4)cc3)cc(=O)c2c1,active,433.59200000000027,6.583620000000007,0,4,6.318758762624412
CHEMBL4474399,Cc1ccc2oc(-c3ccc(OCCCCCCN4CCCCC4)cc3)cc(=O)c2c1,active,419.5650000000002,6.193520000000007,0,4,6.443697499232712
CHEMBL95,Nc1c2c(nc3ccccc13)CCCC2,active,198.26899999999992,2.695800000000001,1,2,6.882728704344236
CHEMBL502,COc1cc2c(cc1OC)C(=O)C(CC1CCN(Cc3ccccc3)CC1)C2,active,379.50000000000017,4.361100000000004,0,4,8.252588192113576
CHEMBL1459962,Cc1cc(N2CCCCC2)nc2ccccc12,active,226.32300000000004,3.533520000000002,0,2,6.075720713938118
CHEMBL4476621,O=C(NNC(=S)Nc1ccc(Cl)c(Cl)c1)c1ccccc1O,active,356.2340000000001,3.3304000000000005,4,3,6.2839966563652006
CHEMBL424,O=C(O)c1ccccc1O,inactive,138.12199999999999,1.0903999999999998,2,2,3.4609239012072233
CHEMBL11805,COc1ccccc1CN(C)CCCCCC(=O)N(C)CCCCCCCCN(C)C(=O)CCCCCN(C)Cc1ccccc1OC,active,666.9920000000003,7.64580000000001,0,6,6.770011163455189
CHEMBL3417009,COc1cc(N)c(Cl)cc1C(=O)CCC1CCN(CC2CCCCC2)CC1,active,392.9710000000003,5.186000000000005,1,4,7.795880017344075
CHEMBL3585374,Cc1ccc2[nH]c3c(c2c1)CN(CCCCCCN1CCc2[nH]c4ccc(C)cc4c2C1)CC3,active,454.66200000000026,6.242840000000006,2,2,6.709965388637482
CHEMBL4569343,CC[C@@H](CN1CCCC1=O)C(=O)NCCCCCCCNc1c2c(nc3cc(Cl)ccc13)C[C@H]1C=C(C)C[C@@H]2C1,active,565.2020000000001,7.011400000000007,2,4,8.3767507096021
CHEMBL4514959,O=C(Cc1cc(=O)oc2cc(O)ccc12)NCCCNCCNCCCNc1c2c(nc3ccccc13)CCCC2,active,557.695,3.655800000000001,5,8,7.42021640338319
CHEMBL521,CC(C)Cc1ccc(C(C)C(=O)O)cc1,inactive,206.28499999999997,3.073200000000001,1,1,3.6287288985124153
CHEMBL21,Nc1ccc(S(N)(=O)=O)cc1,inactive,172.20900000000003,-0.08380000000000004,2,3,3.8379137597591453
CHEMBL4439928,CC(C)Cc1ccc(C(C)C(=O)NS(=O)(=O)c2ccc(N)cc2)cc1,inactive,360.47900000000004,3.0759000000000007,2,4,3.221848749616356
CHEMBL95,Nc1c2c(nc3ccccc13)CCCC2,active,198.26899999999992,2.695800000000001,1,2,6.372634143407267
CHEMBL4537026,O=C(Nc1cccc(-c2cn(CCNc3c4c(nc5ccccc35)CCCC4)nn2)n1)Nc1cccc2c1C1CCCCN1C2=O,active,613.726,6.204000000000004,3,8,6.876148359032914
CHEMBL4583650,O=C(Nc1ccc(-c2cn(CCNc3c4c(nc5ccccc35)CCCC4)nn2)cn1)Nc1cccc2c1C1CCCCN1C2=O,active,613.7259999999999,6.204000000000005,3,8,9.096910013008056
CHEMBL4443468,O=C(Nc1cc(-c2cn(CCNc3c4c(nc5ccccc35)CCCC4)nn2)ccn1)Nc1cccc2c1[C@@H]1CCCCN1C2=O,active,613.726,6.204000000000004,3,8,7.863279432843593
CHEMBL4443989,O=C(Nc1cc(-c2cn(CCNc3c4c(nc5ccccc35)CCCC4)nn2)ccn1)Nc1cccc2c1[C@H]1CCCCN1C2=O,active,613.726,6.204000000000004,3,8,8.022276394711152
CHEMBL4559936,O=C(Nc1cc(-c2cn(CCNc3c4c(nc5ccccc35)CCCC4)nn2)ccn1)Nc1cccc2c1C1CCCCN1C2=O,active,613.726,6.204000000000004,3,8,7.943095148663527
CHEMBL4593316,O=C(Nc1cc(CCc2cn(CCNc3c4c(nc5ccccc35)CCCC4)nn2)ccn1)Nc1cccc2c1C1CCCCN1C2=O,active,641.7799999999999,6.322200000000006,3,8,7.627087997029894
CHEMBL4446287,CN(Cc1ccnc(NC(=O)Nc2cccc3c2C2CCCCN2C3=O)c1)Cc1cn(CCNc2c3c(nc4ccccc24)CCCC3)nn1,active,670.822,6.169000000000007,3,9,7.23210238398191
CHEMBL4516356,O=C(Nc1cc(COCc2cn(CCNc3c4c(nc5ccccc35)CCCC4)nn2)ccn1)Nc1cccc2c1C1CCCCN1C2=O,active,657.7789999999999,6.253800000000005,3,9,7.681936665037238
CHEMBL3356536,O=C1C(NCCNc2c3c(nc4cc(Cl)ccc24)CCCC3)=CC(=O)c2c(O)cccc21,active,447.92200000000037,4.437200000000004,3,6,9.142667503568731
CHEMBL4589980,O=C(CCCCCCNc1c2c(nc3cccc(Cl)c13)CCCC2)NCCc1c[nH]c2ccccc12,active,503.0900000000004,6.969600000000006,3,3,11.096910013008056
CHEMBL4448188,O=C(CCCCCNc1c2c(nc3cc(Cl)ccc13)CCCC2)NCCc1cc2ccccc2[nH]1,active,489.0630000000004,6.579500000000006,3,3,9.136677139879543
CHEMBL292314,Nc1c2c(nc3cc(Cl)ccc13)CCCC2,active,232.71399999999994,3.3492000000000015,1,2,7.698970004336019
CHEMBL1256415,COc1ccc2nc3c(c(N)c2c1)CCCC3,inactive,228.29499999999993,2.7044000000000006,1,3,5.0
CHEMBL4559593,Cl.Cl.NC(Cc1c[nH]c2ccccc12)C(=O)NCCCCCCNc1c2c(nc3cc(Cl)ccc13)CCCC2,active,591.0270000000002,6.750400000000005,4,4,8.130768280269024
CHEMBL4449083,Cl.Cl.N[C@H](Cc1c[nH]c2ccccc12)C(=O)NCCCCCCNc1c2c(nc3cc(Cl)ccc13)CCCC2,active,591.0270000000002,6.750400000000005,4,4,8.161150909262744
CHEMBL4475391,COc1ccc2nc3c(c(NCCCCNC(=O)[C@@H](N)Cc4c[nH]c5ccccc45)c2c1)CCCC3.Cl.Cl,inactive,558.5540000000003,5.3254000000000055,4,5,4.920818753952375
CHEMBL4472570,COc1ccc2nc3c(c(NCCCCCNC(=O)[C@@H](N)Cc4c[nH]c5ccccc45)c2c1)CCCC3.Cl.Cl,active,572.5810000000004,5.715500000000006,4,5,6.2076083105017466
CHEMBL4467355,COc1ccc2nc3c(c(NCCCCCCNC(=O)[C@@H](N)Cc4c[nH]c5ccccc45)c2c1)CCCC3.Cl.Cl,active,586.6080000000003,6.105600000000006,4,5,6.026872146400302
CHEMBL4586157,COc1ccc2nc3c(c(NCCCCCCCNC(=O)[C@@H](N)Cc4c[nH]c5ccccc45)c2c1)CCCC3.Cl.Cl,active,600.6350000000002,6.495700000000007,4,5,6.008773924307505
CHEMBL4444822,Cl.Cl.N[C@@H](Cc1c[nH]c2ccccc12)C(=O)NCCNc1c2c(nc3cc(Cl)ccc13)CCCC2,active,534.9190000000003,5.190000000000003,4,4,6.795880017344075
CHEMBL4541558,Cl.Cl.N[C@@H](Cc1c[nH]c2ccccc12)C(=O)NCCCNc1c2c(nc3cc(Cl)ccc13)CCCC2,active,548.9460000000003,5.580100000000003,4,4,7.154901959985743
CHEMBL4552440,Cl.Cl.N[C@@H](Cc1c[nH]c2ccccc12)C(=O)NCCCCNc1c2c(nc3cc(Cl)ccc13)CCCC2,active,562.9730000000002,5.970200000000005,4,4,7.2076083105017466
CHEMBL4563209,Cl.Cl.N[C@@H](Cc1c[nH]c2ccccc12)C(=O)NCCCCCNc1c2c(nc3cc(Cl)ccc13)CCCC2,active,577.0000000000001,6.360300000000005,4,4,7.119186407719209
CHEMBL4556281,Cl.Cl.N[C@@H](Cc1c[nH]c2ccccc12)C(=O)NCCCCCCNc1c2c(nc3cc(Cl)ccc13)CCCC2,active,591.0270000000002,6.750400000000005,4,4,8.200659450546418
CHEMBL4555818,Cl.Cl.N[C@@H](Cc1c[nH]c2ccccc12)C(=O)NCCCCCCCNc1c2c(nc3cc(Cl)ccc13)CCCC2,active,605.0540000000002,7.1405000000000065,4,4,7.721246399047171
CHEMBL4466307,Cl.Cl.N[C@@H](Cc1c[nH]c2ccccc12)C(=O)NCCCCCCCCNc1c2c(nc3cc(Cl)ccc13)CCCC2,active,619.0810000000002,7.530600000000007,4,4,7.301029995663981
CHEMBL4459500,Cl.Cl.N[C@@H](Cc1c[nH]c2ccccc12)C(=O)NCCNc1c2c(nc3ccccc13)CCCC2,active,500.47400000000044,4.5366000000000035,4,4,6.136677139879544
CHEMBL4438120,Cl.Cl.N[C@@H](Cc1c[nH]c2ccccc12)C(=O)NCCCNc1c2c(nc3ccccc13)CCCC2,active,514.5010000000004,4.926700000000004,4,4,6.236572006437063
CHEMBL4556575,Cl.Cl.N[C@@H](Cc1c[nH]c2ccccc12)C(=O)NCCCCCNc1c2c(nc3ccccc13)CCCC2,active,542.5550000000003,5.7069000000000045,4,4,6.494850021680094
CHEMBL4540429,Cl.Cl.N[C@@H](Cc1c[nH]c2ccccc12)C(=O)NCCCCCCNc1c2c(nc3ccccc13)CCCC2,active,556.5820000000002,6.097000000000005,4,4,6.920818753952375
CHEMBL4559477,Cl.Cl.N[C@@H](Cc1c[nH]c2ccccc12)C(=O)NCCCCCCCNc1c2c(nc3ccccc13)CCCC2,active,570.6090000000002,6.487100000000006,4,4,6.920818753952375
CHEMBL4456435,Cl.Cl.N[C@@H](Cc1c[nH]c2ccccc12)C(=O)NCCCCCCCCNc1c2c(nc3ccccc13)CCCC2,active,584.6360000000002,6.877200000000006,4,4,7.119186407719209
CHEMBL95,Nc1c2c(nc3ccccc13)CCCC2,active,198.26899999999992,2.695800000000001,1,2,6.494850021680094
CHEMBL4519496,Brc1ccc(-c2nnn3c2C2c4ccccc4CCN2Cc2ccccc2-3)cc1,active,443.34800000000024,5.157900000000004,0,4,6.6020599913279625
CHEMBL502,COc1cc2c(cc1OC)C(=O)C(CC1CCN(Cc3ccccc3)CC1)C2,active,379.50000000000017,4.361100000000004,0,4,7.795880017344075
CHEMBL4538834,Cl.c1ccc(CCCCN2CCCc3[nH]c4ccccc4c3C2)cc1,inactive,354.92500000000007,5.360800000000005,1,1,4.698970004336019
CHEMBL3116280,COc1ccc(COc2nn(CCN(C(C)C)C(C)C)c3ccccc23)cc1,inactive,381.5200000000001,4.742700000000005,0,5,5.0
CHEMBL4563523,O=C(c1cccc(F)c1F)n1nc(OCCN2CCCC2)c2ccccc21,inactive,371.3870000000001,3.4776000000000025,0,5,4.958607314841775
CHEMBL4544025,O=C(c1cccc(Cl)c1F)n1nc(OCCCN2CCCCC2)c2ccccc21,inactive,415.89600000000024,4.7721000000000044,0,5,5.0
CHEMBL4525824,O=C(c1cccc(Cl)c1Cl)n1nc(OCCN2CCCC2)c2ccccc21,inactive,404.29700000000025,4.506200000000003,0,5,5.0
CHEMBL4445553,O=C(c1cccc(Cl)c1Cl)n1nc(OCCN2CCCCC2)c2ccccc21,inactive,418.3240000000003,4.896300000000004,0,5,4.978810700930062
CHEMBL4588777,O=C(c1cccc(Cl)c1Cl)n1nc(OCCCN2CCCCC2)c2ccccc21,inactive,432.35100000000034,5.286400000000005,0,5,4.769551078621726
CHEMBL4473145,Cc1cc(C)c(C(=O)n2nc(OCCN3CCCCC3)c3ccccc32)c(C)c1,inactive,391.5150000000001,4.514760000000004,0,5,4.935542010773082
CHEMBL4531896,O=C(c1ccccc1OCc1ccccc1)n1nc(OCCN2CCCC2)c2ccccc21,inactive,441.53100000000035,4.778400000000005,0,6,5.0
CHEMBL4584023,O=C(c1ccccc1OCc1ccccc1)n1nc(OCCCN2CCCCC2)c2ccccc21,inactive,469.58500000000043,5.5586000000000055,0,6,5.0
CHEMBL4441005,COc1cc(C(=O)n2nc(OCCN3CCCC3)c3ccccc32)cc(OC)c1OC,inactive,425.4850000000001,3.225200000000002,0,8,4.935542010773082
CHEMBL4476861,O=C(c1cccc2ccccc12)n1nc(OCCCN2CCCC2)c2ccccc21,inactive,399.4940000000002,4.742700000000005,0,5,5.0
CHEMBL4461027,O=C(c1cccc2ccccc12)n1nc(OCCN2CCCCC2)c2ccccc21,inactive,399.49400000000026,4.742700000000005,0,5,5.0
CHEMBL4444855,O=C(c1cccc2ccccc12)n1nc(OCCCN2CCCCC2)c2ccccc21,inactive,413.52100000000024,5.132800000000005,0,5,5.0
CHEMBL4435236,O=C(c1ccc2ccccc2c1)n1nc(OCCN2CCCCC2)c2ccccc21,inactive,399.49400000000026,4.742700000000005,0,5,5.0
CHEMBL4468385,O=C(c1ccc2ccccc2c1)n1nc(OCCCN2CCCCC2)c2ccccc21,inactive,413.52100000000024,5.132800000000005,0,5,5.0
CHEMBL4565602,O=C(Cc1ccc(Cl)cc1)n1nc(OCCCN2CCCCC2)c2ccccc21,inactive,411.9330000000002,4.827400000000004,0,5,5.0
CHEMBL4470556,COc1ccc(CC(=O)n2nc(OCCN3CCCC3)c3ccccc32)cc1,inactive,379.4600000000001,3.402400000000002,0,6,5.0
CHEMBL4460528,COc1ccc(CC(=O)n2nc(OCCCN3CCCCC3)c3ccccc32)cc1,inactive,407.5140000000002,4.182600000000003,0,6,5.0
CHEMBL502,COc1cc2c(cc1OC)C(=O)C(CC1CCN(Cc3ccccc3)CC1)C2,active,379.50000000000017,4.361100000000004,0,4,8.0
CHEMBL4451686,O=C1N/C(=N\c2ccc3oc(=O)ccc3c2)S/C1=C/c1ccccc1,active,348.38300000000004,3.6846000000000023,1,5,7.026410376572743
CHEMBL4473727,O=C(CNc1ccc2oc(=O)ccc2c1)N1CCOCC1,active,288.30300000000005,1.0636999999999999,1,5,7.431798275933005
CHEMBL4467130,O=C(CNc1ccc2oc(=O)ccc2c1)N1CCN(c2ccccc2)CC1,active,363.4170000000001,2.553700000000001,1,5,7.096910013008056
CHEMBL4436169,COc1ccc(C(=O)CNc2ccc3oc(=O)ccc3c2)cc1,active,309.321,3.096400000000001,1,5,7.259637310505756
CHEMBL4445907,O=C(CNc1ccc2oc(=O)ccc2c1)c1ccccc1,active,279.295,3.0878000000000014,1,4,6.8297382846050425
CHEMBL4519239,CSc1ccc(C2SCC(=O)N2c2ccc3oc(=O)ccc3c2)cc1,active,369.46700000000004,4.293500000000003,0,5,6.507239610973162
CHEMBL4444516,O=C1CSC(c2ccc(F)cc2)N1c1ccc2oc(=O)ccc2c1,active,341.36300000000006,3.710700000000002,0,4,6.991399828238082
CHEMBL4564320,COc1ccc(C2SCC(=O)N2c2ccc3oc(=O)ccc3c2)cc1,active,353.39900000000006,3.5802000000000023,0,5,7.148130399270234
CHEMBL4516296,O=c1ccc2cc(/N=C/c3ccc(Br)cc3)ccc2o1,active,328.1650000000001,4.3061000000000025,0,3,7.244887733604929
CHEMBL4441237,CN(C)c1ccc(/C=N/c2ccc3oc(=O)ccc3c2)cc1,active,292.33799999999997,3.609600000000002,0,4,7.3872161432802645
CHEMBL4449161,O=c1ccc2cc(/N=C/c3ccc(Cl)cc3)ccc2o1,active,283.71400000000006,4.197000000000003,0,3,7.102922996790579
CHEMBL4437163,CSc1ccc(/C=N/c2ccc3oc(=O)ccc3c2)cc1,active,295.363,4.265500000000003,0,4,6.76421912967244
CHEMBL4571434,O=c1ccc2cc(/N=C/c3ccc(F)cc3)ccc2o1,active,267.259,3.6827000000000023,0,3,6.645891560852599
CHEMBL4520782,COc1ccc(/C=N/c2ccc3oc(=O)ccc3c2)cc1,active,279.295,3.552200000000002,0,4,6.869344650977969
CHEMBL4537886,O=c1ccc2cc(/N=C/c3ccccc3)ccc2o1,active,249.26900000000003,3.5436000000000023,0,3,6.941573975542995
CHEMBL4465796,COc1ccc(/C=C2/S/C(=N/c3ccc4oc(=O)ccc4c3)NC2=O)cc1,active,378.40900000000005,3.6932000000000027,1,6,7.302770657240282
CHEMBL4542575,O=C1N/C(=N\c2ccc3oc(=O)ccc3c2)S/C1=C/c1ccc(F)cc1,active,366.37300000000005,3.8237000000000023,1,5,6.665546248849069
CHEMBL4449791,CSc1ccc(/C=C2/S/C(=N/c3ccc4oc(=O)ccc4c3)NC2=O)cc1,active,394.4770000000001,4.406500000000003,1,6,6.821886747685368
CHEMBL4465315,O=C1N/C(=N\c2ccc3oc(=O)ccc3c2)S/C1=C/c1ccc(Cl)cc1,active,382.8280000000001,4.338000000000003,1,5,6.760700520873107
CHEMBL4540497,CN(C)c1ccc(/C=C2/S/C(=N/c3ccc4oc(=O)ccc4c3)NC2=O)cc1,active,391.45200000000006,3.750600000000002,1,6,7.075720713938118
CHEMBL4519129,O=C1N/C(=N\c2ccc3oc(=O)ccc3c2)S/C1=C/c1ccc(Br)cc1,active,427.27900000000005,4.4471000000000025,1,5,6.558461961297839
CHEMBL4446234,COc1ccc(NCC(=O)Nc2ccc3oc(=O)ccc3c2)cc1,active,324.336,2.8522000000000007,2,5,7.2580609222708015
CHEMBL4515881,O=C(CNc1ccc(F)cc1)Nc1ccc2oc(=O)ccc2c1,active,312.30000000000007,2.9827000000000012,2,4,7.2076083105017466
CHEMBL95,Nc1c2c(nc3ccccc13)CCCC2,active,198.26899999999992,2.695800000000001,1,2,7.259637310505756
CHEMBL502,COc1cc2c(cc1OC)C(=O)C(CC1CCN(Cc3ccccc3)CC1)C2,active,379.50000000000017,4.361100000000004,0,4,7.229147988357855
CHEMBL95,Nc1c2c(nc3ccccc13)CCCC2,active,198.26899999999992,2.695800000000001,1,2,7.102372908709558
CHEMBL4591417,Cc1cc(Nc2nccc(-c3sc(C4CCNCC4)nc3-c3ccc(F)cc3)n2)ccn1,active,446.5550000000001,5.320220000000004,2,7,6.3979400086720375
CHEMBL4445099,CC(=O)N[C@@H](CCCCn1cc(-c2ccccc2)nn1)C(=O)NCC1CCN(Cc2ccccc2)CC1,inactive,502.66300000000035,3.648500000000003,2,6,5.0
CHEMBL4464964,CC(=O)N[C@@H](Cn1cc(-c2ccccc2)nn1)C(=O)NCC1CCN(Cc2ccccc2)CC1,inactive,460.58200000000033,2.4782,2,6,5.0
CHEMBL4467345,N[C@@H](CCCCn1cc(-c2ccccc2)nn1)C(=O)NCC1CCN(Cc2ccccc2)CC1,inactive,460.6260000000004,3.4711000000000016,2,6,5.0
CHEMBL4520568,N[C@@H](Cn1cc(-c2ccccc2)nn1)C(=O)NCC1CCN(Cc2ccccc2)CC1,inactive,418.54500000000024,2.3007999999999997,2,6,5.0
CHEMBL4437391,c1ccc(CN2CCC(Cn3cc(Cc4cccc5ccccc45)nn3)CC2)cc1,inactive,396.5380000000001,4.934300000000004,0,4,5.0
CHEMBL4448634,O=C(Cc1c[nH]c2ccccc12)NCc1cn(CC2CCN(Cc3ccccc3)CC2)nn1,inactive,442.56700000000023,3.5305000000000026,2,5,5.0
CHEMBL502,COc1cc2c(cc1OC)C(=O)C(CC1CCN(Cc3ccccc3)CC1)C2,active,379.50000000000017,4.361100000000004,0,4,8.244125144327509
CHEMBL244416,CCN(Cc1ccccc1)Cc1ccc(-c2cc3cc(OC)c(OC)cc3oc2=O)cc1,active,429.5160000000002,5.499300000000006,0,5,7.73754891026957
CHEMBL75121,COc1cc2cc(-c3ccc(CN(C)Cc4ccccc4)cc3)c(=O)oc2cc1OC,active,415.48900000000015,5.109200000000005,0,5,7.351639989019068
CHEMBL502,COc1cc2c(cc1OC)C(=O)C(CC1CCN(Cc3ccccc3)CC1)C2,active,379.50000000000017,4.361100000000004,0,4,7.481486060122112
CHEMBL4443695,Fc1ccc(CNC2CCN(Cc3ccccc3)CC2)c(F)c1,active,316.3950000000001,3.719000000000003,1,2,6.1487416512809245
CHEMBL4091169,Clc1ccc(CNC2CCN(Cc3ccccc3)CC2)c(Cl)c1,active,349.30500000000006,4.747600000000004,1,2,6.2076083105017466
CHEMBL1348834,Clc1ccc(CNC2CCN(Cc3ccccc3)CC2)cc1,active,314.86000000000007,4.094200000000003,1,2,6.070581074285707
CHEMBL4587156,FC(F)(F)Oc1ccc(CNC2CCN(Cc3ccccc3)CC2)cc1,active,364.41100000000006,4.339400000000003,1,3,6.229147988357855
CHEMBL4583534,FC(F)(F)c1ccc(CNC2CCN(Cc3ccccc3)CC2)cc1,active,348.4120000000001,4.459600000000004,1,2,6.958607314841775
CHEMBL4442580,O=[N+]([O-])c1ccc(CNC2CCN(Cc3ccccc3)CC2)cc1,active,325.4120000000001,3.349000000000002,1,4,6.142667503568731
CHEMBL4449445,FC(F)(F)Oc1ccc(/C=N/C2CCN(Cc3ccccc3)CC2)cc1,active,362.3950000000001,4.668700000000004,0,3,6.0
CHEMBL4575167,FC(F)(F)c1ccc(/C=N/C2CCN(Cc3ccccc3)CC2)cc1,active,346.3960000000001,4.788900000000004,0,2,6.356547323513812
CHEMBL4452092,O=[N+]([O-])c1ccc(/C=N/C2CCN(Cc3ccccc3)CC2)cc1,active,323.3960000000001,3.678300000000003,0,4,6.045757490560675
CHEMBL4566242,Cc1cccc(/C=N/C2CCN(Cc3ccccc3)CC2)c1,inactive,292.42600000000004,4.078520000000004,0,2,4.823908740944319
CHEMBL4440283,COc1cc(/C=N/C2CCN(Cc3ccccc3)CC2)cc(OC)c1OC,inactive,368.47700000000015,3.795900000000003,0,5,4.823908740944319
CHEMBL4444849,COc1cccc(/C=N/C2CCN(Cc3ccccc3)CC2)c1OC,inactive,338.45100000000014,3.7873000000000028,0,4,4.823908740944319
CHEMBL502,COc1cc2c(cc1OC)C(=O)C(CC1CCN(Cc3ccccc3)CC1)C2,active,379.50000000000017,4.361100000000004,0,4,8.0
CHEMBL95,Nc1c2c(nc3ccccc13)CCCC2,active,198.26899999999992,2.695800000000001,1,2,7.301029995663981
CHEMBL4544950,COc1ccc(-c2nc(NC3CCN(Cc4ccc(C(F)(F)F)cc4)CC3)sc2-c2ccc(OC)cc2)cc1,active,553.6500000000002,7.589600000000007,1,6,6.1249387366083
CHEMBL4562938,COc1ccc(CN2CCC(Nc3nc(-c4ccc(OC)cc4)c(-c4ccc(OC)cc4)s3)CC2)cc1,active,515.6790000000003,6.579400000000007,1,7,6.113509274827518
CHEMBL4555730,COc1ccc(-c2nc(NC3CCN(Cc4ccc(C)cc4)CC3)sc2-c2ccc(OC)cc2)cc1,active,499.68000000000023,6.879220000000008,1,6,6.080921907623926
CHEMBL4516508,Fc1ccc(CN2CCC(Nc3nc(-c4ccc(Cl)cc4)c(-c4ccc(Cl)cc4)s3)CC2)c(Cl)c1,active,546.9260000000003,8.6529,1,4,6.431798275933005
CHEMBL4559797,COc1ccc(-c2nc(NCC3CCN(Cc4c(F)cccc4Cl)CC3)sc2-c2ccc(OC)cc2)cc1,active,552.1150000000002,7.610900000000007,1,6,6.443697499232712
CHEMBL4527770,COc1ccc(-c2nc(NCC3CCN(Cc4ccccc4C(F)(F)F)CC3)sc2-c2ccc(OC)cc2)cc1,active,567.6770000000002,7.837200000000007,1,6,6.161150909262744
CHEMBL4566786,COc1ccc(-c2nc(NCC3CCN(Cc4ccccc4C)CC3)sc2-c2ccc(OC)cc2)cc1,active,513.7070000000003,7.126820000000008,1,6,6.229147988357855
CHEMBL4554666,Fc1ccc(CN2CCC(CNc3nc(-c4ccc(Cl)cc4)c(-c4ccc(Cl)cc4)s3)CC2)c(Cl)c1,active,560.9530000000002,8.9005,1,4,6.2839966563652006
CHEMBL4529936,Fc1cc(F)cc(CN2CCC(CNc3nc(-c4ccc(Cl)cc4)c(-c4ccc(Cl)cc4)s3)CC2)c1,active,544.498,8.386200000000004,1,4,6.200659450546418
CHEMBL4530559,Cc1ccccc1CN1CCC(CNc2nc(-c3ccc(Cl)cc3)c(-c3ccc(Cl)cc3)s2)CC1,active,522.5450000000001,8.416420000000004,1,4,6.060480747381382
CHEMBL4549453,Cc1ccc(-c2nc(NCC3CCN(Cc4ccc(F)cc4)CC3)sc2-c2ccc(C)cc2)cc1,active,485.6720000000002,7.5571400000000075,1,4,6.431798275933005
CHEMBL4532806,Cc1ccc(-c2nc(NCC3CCN(Cc4cc(F)cc(F)c4)CC3)sc2-c2ccc(C)cc2)cc1,active,503.6620000000002,7.6962400000000075,1,4,6.522878745280337
CHEMBL4532372,Cc1ccc(-c2nc(NCC3CCN(Cc4ccccc4C(F)(F)F)CC3)sc2-c2ccc(C)cc2)cc1,active,535.6790000000002,8.436840000000004,1,4,6.3979400086720375
CHEMBL4560673,Cc1ccc(-c2nc(NCC3CCN(Cc4ccccc4C)CC3)sc2-c2ccc(C)cc2)cc1,active,481.70900000000023,7.726460000000008,1,4,6.301029995663981
CHEMBL4570156,COc1ccc(-c2nc(NC(=O)C3CCN(Cc4c(F)cccc4Cl)CC3)sc2-c2ccc(OC)cc2)cc1,active,566.0980000000003,7.137500000000007,1,6,6.3872161432802645
CHEMBL4571742,COc1ccc(-c2nc(NC(=O)C3CCN(Cc4cccc(F)c4)CC3)sc2-c2ccc(OC)cc2)cc1,active,531.6530000000002,6.484100000000007,1,6,6.2441251443275085
CHEMBL4527101,COc1ccc(-c2nc(NC(=O)C3CCN(Cc4ccccc4C(F)(F)F)CC3)sc2-c2ccc(OC)cc2)cc1,active,581.6600000000002,7.363800000000007,1,6,6.167491087293763
CHEMBL4532149,O=C(Nc1nc(-c2ccc(Cl)cc2)c(-c2ccc(Cl)cc2)s1)C1CCN(Cc2cc(F)cc(F)c2)CC1,active,558.4810000000001,7.912800000000006,1,4,6.1938200260161125
CHEMBL4591964,O=C(Nc1nc(-c2ccc(Cl)cc2)c(-c2ccc(Cl)cc2)s1)C1CCN(Cc2cccc(F)c2)CC1,active,540.4910000000001,7.773700000000006,1,4,6.187086643357144
CHEMBL4548883,Cc1ccc(-c2nc(NC(=O)C3CCN(Cc4ccc(C(F)(F)F)cc4)CC3)sc2-c2ccc(C)cc2)cc1,inactive,549.6620000000003,7.9634400000000065,1,4,5.0
CHEMBL4578266,Cc1ccc(-c2nc(NC(=O)C3CCN(Cc4ccc(F)cc4Cl)CC3)sc2-c2ccc(C)cc2)cc1,inactive,534.1000000000003,7.737140000000007,1,4,5.0
CHEMBL4554172,Cc1ccc(-c2nc(NC(=O)C3CCN(Cc4cccc(F)c4)CC3)sc2-c2ccc(C)cc2)cc1,inactive,499.6550000000002,7.083740000000007,1,4,5.0
CHEMBL4570655,Cc1ccc(-c2nc(NC(=O)C3CCN(Cc4ccccc4C)CC3)sc2-c2ccc(C)cc2)cc1,inactive,495.69200000000023,7.253060000000008,1,4,5.0
CHEMBL4571704,COc1cc(O)c2c(c1)C1=C(c3c(O)c(O)cc(C)c3-c3cc(OC)cc(O)c3C(=O)O)C(=O)C(O)=CC1(C)OC2=O,inactive,576.5100000000002,4.064320000000003,6,11,4.809668301829708
CHEMBL4556664,COc1cc(O)c(C(C)=O)c(-c2c(C)cc(O)c3oc4c(O)cc(C)c(-c5cc(OC)cc(O)c5C(=O)O)c4c23)c1,inactive,558.5390000000003,6.277240000000007,5,9,4.165579296318468
CHEMBL4632770,O=[N+]([O-])C1C(Cc2c[nH]cn2)NC2(c3ccccc3-c3nc4ccccc4nc32)C1c1ccccc1,inactive,474.5240000000002,4.220500000000003,2,6,4.928117992693875
CHEMBL4648224,O=[N+]([O-])C1C(Cc2c[nH]cn2)NC2(c3ccccc3-c3nc4ccccc4nc32)C1c1ccc(Br)cc1,inactive,553.4200000000003,4.983000000000004,2,6,4.789146634685107
CHEMBL4646153,O=[N+]([O-])C1C(Cc2c[nH]cn2)NC2(c3ccccc3-c3nc4ccccc4nc32)C1c1ccc(Cl)cc1,inactive,508.9690000000003,4.8739000000000035,2,6,4.738975166007602
CHEMBL4644961,Cc1ccccc1C1C([N+](=O)[O-])C(Cc2c[nH]cn2)NC12c1ccccc1-c1nc3ccccc3nc12,inactive,488.55100000000016,4.528920000000003,2,6,4.999132278468773
CHEMBL4632994,O=[N+]([O-])C1C(Cc2c[nH]cn2)NC2(c3ccccc3-c3nc4ccccc4nc32)C1c1ccco1,inactive,464.48500000000024,3.813500000000002,2,7,4.846490010699163
CHEMBL4636399,O=[N+]([O-])C1C(Cc2c[nH]cn2)NC2(c3ccccc3-c3nc4ccccc4nc32)C1c1ccccn1,inactive,475.5120000000002,3.6155000000000026,2,7,4.768530409569319
CHEMBL4640750,O=C1CN(/N=C/c2ccc(-c3ccc([N+](=O)[O-])cc3)o2)C(=O)N1CCN1CCN(Cc2ccccc2)CC1,active,516.5580000000003,3.2707000000000015,0,8,6.696803942579511
CHEMBL4636043,O=C1CN(/N=C/c2ccc(-c3ccc([N+](=O)[O-])cc3)o2)C(=O)N1CCC1CCN(Cc2ccccc2)CC1,active,515.5700000000003,4.755200000000005,0,7,7.333482019445119
CHEMBL4632477,O=C1CN(/N=C/c2ccc(-c3cccc([N+](=O)[O-])c3)o2)C(=O)N1CCC1CCN(Cc2ccccc2)CC1,active,515.5700000000003,4.755200000000005,0,7,6.5376020021010435
CHEMBL4643381,O=C1CN(/N=C/c2ccc(-c3ccccc3[N+](=O)[O-])o2)C(=O)N1CCC1CCN(Cc2ccccc2)CC1,active,515.5700000000003,4.755200000000005,0,7,7.465973893943865
CHEMBL4639168,COc1ccc(-c2ccc(/C=N/N3CC(=O)N(CCC4CCN(Cc5ccccc5)CC4)C3=O)o2)cc1,active,500.59900000000033,4.855600000000005,0,6,6.966576244513051
CHEMBL4633378,COc1cccc(-c2ccc(/C=N/N3CC(=O)N(CCC4CCN(Cc5ccccc5)CC4)C3=O)o2)c1,active,500.59900000000033,4.855600000000004,0,6,7.327902142064283
CHEMBL4641865,COc1ccccc1-c1ccc(/C=N/N2CC(=O)N(CCC3CCN(Cc4ccccc4)CC3)C2=O)o1,active,500.5990000000004,4.855600000000004,0,6,7.043831569524636
CHEMBL1762833,COc1ccc(C2c3c(nc4c(c3N)CCCC4)Oc3ccc4ccccc4c32)cc1OC,active,438.5270000000001,5.998900000000005,1,5,7.080921907623926
CHEMBL502,COc1cc2c(cc1OC)C(=O)C(CC1CCN(Cc3ccccc3)CC1)C2,active,379.50000000000017,4.361100000000004,0,4,7.79317412396815
CHEMBL4646080,COc1cc2cc(NC(=O)C3CCN(Cc4ccccc4)CC3)c(=O)oc2cc1OC,active,422.4810000000002,3.6609000000000025,1,6,6.651695136951839
CHEMBL4639105,COc1cc2cc(NC(=O)CCCNCc3ccccc3)c(=O)oc2cc1OC,active,396.44300000000015,3.3187000000000015,2,6,6.126098402135539
CHEMBL4648322,COc1cc2cc(NC(=O)[C@@H]3CCC[C@H](NCc4ccccc4)C3)c(=O)oc2cc1OC,active,436.5080000000002,4.097300000000003,2,6,7.716698771296451
CHEMBL2314726,COc1cc2cc(NC(=O)[C@H]3CCC[C@@H](NCc4ccccc4)C3)c(=O)oc2cc1OC,active,436.5080000000002,4.097300000000003,2,6,6.42021640338319
CHEMBL2314726,COc1cc2cc(NC(=O)[C@H]3CCC[C@@H](NCc4ccccc4)C3)c(=O)oc2cc1OC,active,436.5080000000002,4.097300000000003,2,6,7.437707135543525
CHEMBL4633540,C#CCNc1c2c(nc3ccccc13)CCCC2,active,236.31799999999996,3.1587000000000014,1,2,7.294992040666664
CHEMBL4632951,C#CCNc1c2c(nc3cc(Cl)ccc13)CCCC2,active,270.76300000000003,3.812100000000002,1,2,8.0268721464003
CHEMBL1929421,C#CCN(C)Cc1cc2cc(OCCCC3CCN(Cc4ccccc4)CC3)ccc2n1C,active,443.63500000000016,5.314500000000006,0,4,6.0915149811213505
CHEMBL45069,C#CCNCc1cc2cc(OCc3ccccc3)ccc2[nH]1,inactive,290.366,3.4697000000000022,2,2,4.0
CHEMBL255231,C#CCN[C@@H]1CCc2ccc(OC(=O)N(C)CC)cc21,inactive,272.34799999999996,2.347200000000001,1,3,4.497572880015567
CHEMBL4647106,COc1ccc([C@H](O)[C@H](N)C(=O)O)cc1OC,active,241.24299999999994,0.14909999999999973,3,5,9.0
CHEMBL4634863,COc1ccc([C@H]2O[C@@H](O)[C@H]3[C@@H]2C(=O)O[C@@H]3c2cc(OC)c3c(c2)OCO3)cc1OC,active,430.4090000000003,2.3613,1,9,8.522878745280337
CHEMBL4633410,COc1ccc([C@H]2O[C@@H](O)[C@H]3[C@@H]2C(=O)O[C@@H]3c2ccc(OC)c(OC)c2)cc1OC,active,416.4260000000002,2.6412000000000004,1,8,7.552841968657781
CHEMBL4633613,COc1ccc([C@H]2OC(=O)[C@H]3[C@@H]2C(=O)O[C@@H]3c2ccc3c(c2)OCO3)cc1OC,active,398.3670000000002,2.5609,0,8,6.801342913045577
CHEMBL1980572,COc1cc([C@H]2OC[C@H]3[C@@H]2CO[C@@H]3c2cc(OC)c3c(c2)OCO3)cc(OC)c1OC,active,430.45300000000026,3.5249000000000024,0,8,6.337242168318426
CHEMBL94,CNC(=O)Oc1ccc2c(c1)[C@]1(C)CCN(C)[C@@H]1N2C,active,275.352,1.7739,1,4,6.269217724333611
CHEMBL454592,COc1cc([C@H]2OC[C@H]3[C@@H]2CO[C@@H]3c2cc(OC)c(OC)c(OC)c2)cc(OC)c1OC,active,446.49600000000027,3.8134000000000023,0,8,6.210419287835575
CHEMBL519926,COc1ccc([C@H]2OC[C@H]3[C@@H]2CO[C@@H]3c2cc(OC)c(OC)c(OC)c2)cc1OC,active,416.4700000000002,3.804800000000003,0,7,6.044312249686494
CHEMBL94,CNC(=O)Oc1ccc2c(c1)[C@]1(C)CCN(C)[C@@H]1N2C,active,275.352,1.7739,1,4,7.200659450546418
CHEMBL4647870,CCOc1cc(OCC)cc(C(=O)O[C@@H]2C[N@@]3Cc4c(cc5c(c4OC)OCO5)[C@@]24C=C[C@H](OC)C[C@H]34)c1,inactive,523.5820000000003,3.857400000000003,0,9,4.0
CHEMBL4641580,COc1ccc(C(=O)O[C@@H]2C[N@@]3Cc4c(cc5c(c4OC)OCO5)[C@@]24C=C[C@H](OC)C[C@H]34)cc1OC,inactive,495.5280000000003,3.0772000000000013,0,9,4.0
CHEMBL4644284,COc1c2c(cc3c1OCO3)[C@]13C=C[C@H](OC)C[C@@H]1[N@](C2)C[C@H]3OC(=O)c1ccoc1,inactive,425.4370000000002,2.6530000000000014,0,8,4.0
CHEMBL4634371,COc1c2c(cc3c1OCO3)[C@]13C=C[C@H](OC)C[C@@H]1[N@](C2)C[C@H]3OC(=O)c1ccco1,inactive,425.4370000000002,2.6530000000000014,0,8,4.0
CHEMBL4648132,COc1c2c(cc3c1OCO3)[C@]13C=C[C@H](OC)C[C@@H]1[N@](C2)C[C@H]3OC(=O)c1cccc2ccccc12,inactive,485.53600000000023,4.213200000000004,0,7,4.0
CHEMBL4636736,COc1c2c(cc3c1OCO3)[C@]13C=C[C@H](OC)C[C@@H]1[N@](C2)C[C@H]3OC(=O)c1ccc2ccccc2c1,inactive,485.53600000000023,4.213200000000004,0,7,4.0
CHEMBL4649545,COc1c2c(cc3c1OCO3)[C@]13C=C[C@H](OC)C[C@@H]1[N@](C2)C[C@H]3OC(=O)c1ccc([N+](=O)[O-])cc1,inactive,480.47300000000024,2.9682000000000013,0,9,4.0
CHEMBL4646747,COc1c2c(cc3c1OCO3)[C@]13C=C[C@H](OC)C[C@@H]1[N@](C2)C[C@H]3OC(=O)c1cccc([N+](=O)[O-])c1,inactive,480.47300000000024,2.9682000000000013,0,9,4.318758762624412
CHEMBL4634465,COc1c2c(cc3c1OCO3)[C@]13C=C[C@H](OC)C[C@@H]1[N@](C2)C[C@H]3OC(=O)c1ccccc1[N+](=O)[O-],inactive,480.47300000000024,2.9682000000000013,0,9,4.267606240177032
CHEMBL4637652,COc1ccc(C(=O)O[C@@H]2C[N@@]3Cc4c(cc5c(c4OC)OCO5)[C@@]24C=C[C@H](OC)C[C@H]34)cc1,inactive,465.50200000000024,3.0686000000000018,0,8,4.0
CHEMBL4635404,COc1cccc(C(=O)O[C@@H]2C[N@@]3Cc4c(cc5c(c4OC)OCO5)[C@@]24C=C[C@H](OC)C[C@H]34)c1,inactive,465.50200000000024,3.0686000000000018,0,8,4.0
CHEMBL4644410,COc1ccccc1C(=O)O[C@@H]1C[N@@]2Cc3c(cc4c(c3OC)OCO4)[C@@]13C=C[C@H](OC)C[C@H]23,inactive,465.50200000000024,3.0686000000000018,0,8,4.0
CHEMBL4638682,COc1c2c(cc3c1OCO3)[C@]13C=C[C@H](OC)C[C@@H]1[N@](C2)C[C@H]3OC(=O)c1ccc(C)cc1,inactive,449.5030000000002,3.368420000000002,0,7,4.0
CHEMBL4640168,COc1c2c(cc3c1OCO3)[C@]13C=C[C@H](OC)C[C@@H]1[N@](C2)C[C@H]3OC(=O)c1cccc(C)c1,inactive,449.5030000000002,3.368420000000002,0,7,4.0
CHEMBL4640945,COc1c2c(cc3c1OCO3)[C@]13C=C[C@H](OC)C[C@@H]1[N@](C2)C[C@H]3OC(=O)c1ccccc1C,inactive,449.5030000000002,3.368420000000002,0,7,4.259637310505756
CHEMBL4633343,COc1c2c(cc3c1OCO3)[C@]13C=C[C@H](OC)C[C@@H]1[N@](C2)C[C@H]3OC(=O)c1ccccc1,inactive,435.47600000000017,3.0600000000000014,0,7,4.0
CHEMBL4636698,COc1c2c(cc3c1OCO3)[C@]13C=C[C@H](OC)C[C@@H]1[N@](C2)C[C@H]3OC(=O)C(C)C,inactive,401.4590000000002,2.4022000000000006,0,7,4.0
CHEMBL4645345,CCCCC(=O)O[C@@H]1C[N@@]2Cc3c(cc4c(c3OC)OCO4)[C@@]13C=C[C@H](OC)C[C@H]23,inactive,415.48600000000016,2.9364000000000017,0,7,4.0
CHEMBL4644286,CCC(=O)O[C@@H]1C[N@@]2Cc3c(cc4c(c3OC)OCO4)[C@@]13C=C[C@H](OC)C[C@H]23,inactive,387.43200000000013,2.1562,0,7,4.0
CHEMBL4634473,COc1c2c(cc3c1OCO3)[C@]13C=C[C@H](OC)C[C@@H]1[N@](C2)C[C@H]3OC(C)=O,inactive,373.40500000000014,1.7661,0,7,4.0
CHEMBL401114,CO[C@@H]1C=C[C@@]23c4cc5c(cc4CN(C[C@@H]2O)[C@H]3C1)OCO5,inactive,301.34200000000004,1.1866999999999996,1,5,4.0
CHEMBL4649430,COc1c2c(cc3c1OCO3)[C@]13C=C[C@H](OC)C[C@@H]1[N@](C2)C[C@H]3O,inactive,331.36800000000005,1.1952999999999998,1,6,4.0
CHEMBL4638958,CC(C)=CC[C@H]1C[C@]2(CC=C(C)C)C(=O)[C@]3(CC=C(C)C)O[C@@]1(C(=O)C(C)C)[C@@]2(O)C(C)(C)C3=O,inactive,484.67700000000036,5.703600000000006,1,5,4.684029654543083
CHEMBL4635686,CN(C)C(=O)Oc1cccc(C(O)CNC2CCCCC2)c1.Cl,inactive,342.867,3.1245000000000025,2,4,3.1012748184105066
CHEMBL4645476,CN(C)C(=O)Oc1ccc(C(O)CNC2CCCCC2)cc1.Cl,inactive,342.867,3.1245000000000025,2,4,3.575118363368933
CHEMBL4645659,COc1ccc(CCC(=O)Nc2nc(-c3cc4ccccc4oc3=O)cs2)cc1OC,active,436.4890000000002,4.505000000000004,1,7,6.130768280269024
CHEMBL513063,COc1ccc(-c2csc(NC(=O)CCN3CCCC3)n2)cc1,active,331.4410000000001,3.243100000000002,1,5,6.292429823902063
CHEMBL4640608,COc1cc(C2C3=C(CCCC3=O)NC3=C2C(=O)CCC3)ccc1OCc1ccc(F)cc1,inactive,447.5060000000002,5.1143000000000045,1,5,3.9030899869919438
CHEMBL4173961,O=C1CCCC2=C1C(c1ccc(OCc3cccc(F)c3)c(Br)c1)C1=C(CCCC1=O)N2,inactive,496.37600000000026,5.868200000000004,1,4,4.0
CHEMBL95,Nc1c2c(nc3ccccc13)CCCC2,active,198.26899999999992,2.695800000000001,1,2,7.0
CHEMBL4794098,COc1cccc(/C=N/NC(=O)N2CCN(c3ccccn3)CC2)c1OC,inactive,369.4250000000001,1.9645,1,6,5.0
CHEMBL4758274,O=C(N/N=C/c1ccccc1O)N1CCN(c2ccccn2)CC1,inactive,325.37200000000007,1.6529,2,5,5.0
CHEMBL4763376,Cc1cccc(/C=N/NC(=O)N2CCN(c3ccccn3)CC2)c1,inactive,323.4000000000001,2.25572,1,4,5.0
CHEMBL4746898,O=C(N/N=C/c1ccc(Br)cc1)N1CCN(c2ccccn2)CC1,active,388.2690000000001,2.7098000000000004,1,4,6.310691140876379
CHEMBL4763434,O=C(N/N=C/c1ccc(F)cc1F)N1CCN(c2ccccn2)CC1,active,345.353,2.2255000000000003,1,4,6.166215625343521
CHEMBL4746559,c1ccc(-c2nnc(N3CCN(c4ccccn4)CC3)o2)cc1,active,307.3570000000001,2.4582000000000006,0,6,6.467245621007502
CHEMBL4745534,COc1cc(-c2nnc(N3CCN(c4ccccn4)CC3)o2)cc(OC)c1OC,active,397.43500000000023,2.484000000000001,0,9,6.653647025549361
CHEMBL4754304,O=[N+]([O-])c1ccc(-c2nnc(N3CCN(c4ccccn4)CC3)o2)cc1,active,352.3540000000001,2.3663999999999996,0,8,6.6595558851598815
CHEMBL4764740,FC(F)(F)c1ccc(-c2nnc(N3CCN(c4ccccn4)CC3)o2)cc1,active,375.3540000000001,3.477000000000002,0,6,6.739928612014925
CHEMBL4793365,FC(F)(F)Oc1ccc(-c2nnc(N3CCN(c4ccccn4)CC3)o2)cc1,active,391.3530000000001,3.3568000000000016,0,7,7.050609993355087
CHEMBL4756730,Clc1ccc(-c2nnc(N3CCN(c4ccccn4)CC3)o2)cc1,active,341.80200000000013,3.111600000000001,0,6,6.991399828238082
CHEMBL4761911,Fc1ccc(-c2nnc(N3CCN(c4ccccn4)CC3)o2)cc1,active,325.3470000000001,2.5973000000000006,0,6,6.866461091629782
CHEMBL4779999,Brc1ccc(-c2nnc(N3CCN(c4ccccn4)CC3)o2)cc1,active,386.2530000000001,3.220700000000001,0,6,7.130768280269024
CHEMBL4759108,Fc1ccc(-c2nnc(N3CCN(c4ccccn4)CC3)o2)c(F)c1,active,343.3370000000001,2.7364000000000006,0,6,7.267606240177032
CHEMBL502,COc1cc2c(cc1OC)C(=O)C(CC1CCN(Cc3ccccc3)CC1)C2,active,379.50000000000017,4.361100000000004,0,4,7.376750709602099
CHEMBL4765163,CCn1cc(CNCc2c[nH]nc2-c2ccc(-c3ccccc3)cc2)cn1,active,357.46100000000007,4.249900000000002,2,4,6.455931955649724
CHEMBL502,COc1cc2c(cc1OC)C(=O)C(CC1CCN(Cc3ccccc3)CC1)C2,active,379.50000000000017,4.361100000000004,0,4,8.221848749616356
CHEMBL659,COc1ccc2c3c1O[C@H]1C[C@@H](O)C=C[C@@]31CCN(C)C2,inactive,287.35900000000004,1.8503,1,4,4.767003889607846
CHEMBL281202,Cc1ccc(C(C)C)cc1O,inactive,150.221,2.8240200000000013,1,1,3.547293773488971
CHEMBL4751237,C[C@@H]1CC[C@H]2[C@H](C(=O)c3c(O)c([C@@]4(O)CC[C@@H](O)[C@H]5O[C@H]54)cn(O)c3=O)[C@H](C)C=C[C@@H]2C1,inactive,445.5120000000001,1.9581,4,8,4.4089353929735005
CHEMBL95,Nc1c2c(nc3ccccc13)CCCC2,active,198.26899999999992,2.695800000000001,1,2,6.318758762624412
CHEMBL4765084,C[C@@H]1CC[C@H]2[C@H](C(=O)c3c4c(cn(O)c3=O)[C@@]3(O)CC[C@H](O)[C@H](O4)[C@@H]3O)[C@H](C)C=C[C@@H]2C1,inactive,445.51200000000017,1.6069999999999998,4,8,4.327902142064283
CHEMBL4752675,CO[C@]1(c2cn(O)c(=O)c(C(=O)[C@H]3[C@@H]4CC[C@@H](C)C[C@H]4C=C[C@H]3C)c2O)CC[C@@H](O)[C@H]2O[C@H]21,active,459.5390000000002,2.6122000000000005,3,8,6.0915149811213505
CHEMBL4794629,CCCCCCCCCCCCCCCCc1c(C(=O)[O-])ccc[n+]1C,inactive,361.57,4.898400000000003,0,2,2.6777807052660805
CHEMBL4756653,CCCCCCCCCCCCCCCCc1cc[n+](C)cc1C(=O)[O-],inactive,361.57000000000005,4.898400000000004,0,2,2.585026652029182
CHEMBL4786519,CCCCCCCCCCCCCCCCc1ccc(C(=O)[O-])c[n+]1C,inactive,361.57000000000005,4.898400000000004,0,2,2.5528419686577806
CHEMBL95,Nc1c2c(nc3ccccc13)CCCC2,active,198.26899999999992,2.695800000000001,1,2,6.376750709602099
CHEMBL4755679,COc1ccc2nc3c(c(NCCCCCCCCN(CC(=O)NCCc4c[nH]c5ccc(OC)cc45)C(=O)CCCC[C@@H]4CCSS4)c2c1)CCCC3,inactive,774.1099999999996,9.266200000000001,3,8,5.0
CHEMBL4761802,COc1ccc2nc3c(c(NCCCCCCCN(CC(=O)NCCc4c[nH]c5ccc(OC)cc45)C(=O)CCCC[C@@H]4CCSS4)c2c1)CCCC3,inactive,760.0829999999995,8.876100000000003,3,8,5.0
CHEMBL4752488,COc1ccc2nc3c(c(NCCCCCCN(CC(=O)NCCc4c[nH]c5ccc(OC)cc45)C(=O)CCCC[C@@H]4CCSS4)c2c1)CCCC3,inactive,746.0559999999996,8.486000000000006,3,8,5.0
CHEMBL4762083,COc1ccc2[nH]cc(CCNC(=O)CN(CCCCCCCCNc3c4c(nc5ccccc35)CCCC4)C(=O)CCCC[C@@H]3CCSS3)c2c1,active,744.0839999999998,9.257600000000002,3,7,6.7447274948966935
CHEMBL4762095,COc1ccc2nc3c(c(NCCCCCCCCN(CC(=O)NCCc4c[nH]c5ccc(OC)cc45)C(=O)/C=C/c4ccc(O)c(OC)c4)c2c1)CCCC3,inactive,761.9639999999999,7.979700000000009,4,8,5.0
CHEMBL4790426,COc1ccc2nc3c(c(NCCCCCCN(CC(=O)NCCc4c[nH]c5ccc(OC)cc45)C(=O)/C=C/c4ccc(O)c(OC)c4)c2c1)CCCC3,inactive,733.91,7.1995000000000084,4,8,5.0
CHEMBL4759893,COc1ccc2[nH]cc(CCNC(=O)CN(CCCCCCCCNc3c4c(nc5ccccc35)CCCC4)C(=O)/C=C/c3ccc(O)c(OC)c3)c2c1,active,731.9380000000002,7.97110000000001,4,7,7.359518563029578
CHEMBL4762873,O=C(NO)c1ccc(Nc2c3ccccc3nc3ccccc23)cc1,active,329.35900000000004,4.250600000000002,3,4,6.142667503568731
CHEMBL4757035,O=C(NO)c1ccc(Nc2c3ccccc3nc3ccc(F)cc23)cc1,active,347.34900000000005,4.389700000000002,3,4,6.221848749616356
CHEMBL4796066,O=C(NO)c1ccc(Nc2c3ccccc3nc3ccc(Br)cc23)cc1,active,408.25500000000005,5.013100000000002,3,4,6.055517327849832
CHEMBL4753795,COc1cc2nc3ccccc3c(Nc3ccc(C(=O)NO)cc3)c2c(OC)c1OC,active,419.4370000000002,4.276400000000002,3,7,6.1938200260161125
CHEMBL4752558,O=C(NO)c1ccc(Nc2ccnc3ccccc23)cc1,active,279.29900000000004,3.0974000000000013,3,4,6.080921907623926
CHEMBL32749,COc1cc(/C=C/C(=O)O)ccc1O,inactive,194.186,1.4986,2,3,4.0
CHEMBL4750360,CCN(C)C(=O)Oc1ccc(/C=C/C(=O)N2CCN(Cc3ccccc3)CC2)cc1,inactive,407.5140000000001,3.4947000000000026,0,4,4.8297382846050425
CHEMBL4776936,CCN(C)C(=O)Oc1ccc(/C=C/C(=O)N2CCC(Cc3ccccc3)CC2)cc1,inactive,406.5260000000001,4.631600000000004,0,3,4.567030709125595
CHEMBL4789995,CCN(CC)C(=O)/C=C/c1ccc(OC(=O)N(C)C)c(OC)c1,inactive,320.38900000000007,2.637200000000001,0,4,4.882728704344236
CHEMBL4762548,CCN(Cc1ccccc1)C(=O)/C=C/c1ccc(OC(=O)N(c2ccccc2)c2ccccc2)c(OC)c1,inactive,506.6020000000002,7.094200000000007,0,4,4.55129368009492
CHEMBL4800310,CCN(C)C(=O)Oc1ccc(/C=C/C(=O)N(CC)Cc2ccccc2)cc1OC,inactive,396.48700000000014,4.207600000000004,0,4,4.684029654543083
CHEMBL4756054,COc1cc(/C=C/C(=O)N2CCCCC2)ccc1OC(=O)N(c1ccccc1)c1ccccc1,inactive,456.5420000000001,6.058000000000006,0,4,4.565431095965801
CHEMBL4747710,CCN(C)C(=O)Oc1ccc(/C=C/C(=O)N2CCCCC2)cc1OC,inactive,346.42700000000013,3.171400000000002,0,4,4.97061622231479
CHEMBL4762653,COc1cc(/C=C/C(=O)N2CCN(Cc3ccccc3)CC2)ccc1OC(=O)N(c1ccccc1)c1ccccc1,inactive,547.6550000000003,6.389900000000007,0,5,4.542118103266008
CHEMBL4756176,COc1cc(/C=C/C(=O)N2CCN(Cc3ccccc3)CC2)ccc1OC(=O)N(C)C,inactive,423.5130000000002,3.1132000000000017,0,5,4.628932137728263
CHEMBL4740081,CCN(CC)C(=O)Oc1ccc(/C=C/C(=O)N2CCN(Cc3ccccc3)CC2)cc1OC,inactive,451.5670000000003,3.8934000000000033,0,5,4.774690718274137
CHEMBL4741070,COc1cc(/C=C/C(=O)N2CCc3ccccc3C2)ccc1OC(=O)N(C)OC,inactive,396.4430000000001,3.285300000000002,0,5,4.910094888560602
CHEMBL4745075,COc1cc(/C=C/C(=O)N2CCc3ccccc3C2)ccc1OC(=O)N(c1ccccc1)c1ccccc1,inactive,504.5860000000001,6.630400000000006,0,4,4.515700160653214
CHEMBL4759959,COc1cc(/C=C/C(=O)N2CCc3ccccc3C2)ccc1OC(=O)N(C)C,inactive,380.4440000000001,3.3537000000000026,0,4,4.747146969020107
CHEMBL4793075,CCN(C)C(=O)Oc1ccc(/C=C/C(=O)N2CCc3ccccc3C2)cc1OC,inactive,394.4710000000001,3.743800000000003,0,4,4.97469413473523
CHEMBL4779514,CCN(CC)C(=O)Oc1ccc(/C=C/C(=O)N2CCc3ccccc3C2)cc1OC,inactive,408.4980000000002,4.133900000000004,0,4,4.804100347590766
CHEMBL4759355,COc1cc(/C=C/C(=O)N2CCC(Cc3ccccc3)CC2)ccc1OC(=O)N(c1ccccc1)c1ccccc1,inactive,546.6670000000003,7.526800000000008,0,4,4.493494967595128
CHEMBL4792013,COc1cc(/C=C/C(=O)N2CCC(Cc3ccccc3)CC2)ccc1OC(=O)N(C)C,inactive,422.5250000000002,4.250100000000004,0,4,4.779891911959945
CHEMBL4787165,CCN(C)C(=O)Oc1ccc(/C=C/C(=O)N2CCC(Cc3ccccc3)CC2)cc1OC,inactive,436.5520000000002,4.6402000000000045,0,4,4.761953896871205
CHEMBL4761179,CCN(CC)C(=O)Oc1ccc(/C=C/C(=O)N2CCC(Cc3ccccc3)CC2)cc1OC,inactive,450.5790000000003,5.030300000000006,0,4,4.705533773838407
CHEMBL4747992,NC(=O)c1sc(-c2ccnc(NC(=O)C3CC3)c2)nc1OCCCC1CCN(Cc2ccc(F)cc2)CC1,active,537.6610000000003,4.8628000000000045,2,7,6.508638306165727
CHEMBL4794823,NC(=O)c1sc(-c2ccnc(NC(=O)C3CC3)c2)nc1OCCCC1CCN(Cc2ccccc2)CC1,active,519.6710000000004,4.7237000000000045,2,7,6.42021640338319
CHEMBL4756451,NC(=O)c1sc(-c2ccnc(NC(=O)C3CC3)c2)nc1OCCC1CCN(Cc2ccc(F)c(F)c2)CC1,inactive,541.6240000000003,4.611800000000004,2,7,4.368556230986828
CHEMBL4755445,NC(=O)c1sc(-c2ccnc(NC(=O)C3CC3)c2)nc1OCCC1CCN(Cc2c(F)cccc2F)CC1,inactive,541.6240000000003,4.611800000000004,2,7,4.709965388637482
CHEMBL4796437,NC(=O)c1sc(-c2ccnc(NC(=O)C3CC3)c2)nc1OCCC1CCN(Cc2ccccc2)CC1,active,505.6440000000004,4.333600000000004,2,7,6.136677139879544
CHEMBL4787873,NC(=O)c1sc(-c2ccnc(NC(=O)C3CC3)c2)nc1O,inactive,304.331,1.3580999999999999,3,6,3.0
CHEMBL502,COc1cc2c(cc1OC)C(=O)C(CC1CCN(Cc3ccccc3)CC1)C2,active,379.50000000000017,4.361100000000004,0,4,8.301029995663981
CHEMBL95,Nc1c2c(nc3ccccc13)CCCC2,active,198.26899999999992,2.695800000000001,1,2,6.721246399047171
CHEMBL4791089,CNC(=O)c1sc(-c2ccnc(NC(=O)C3CC3)c2)nc1OCC1CCN(Cc2ccc(Cl)cc2)CC1,inactive,540.0890000000002,4.857600000000005,2,7,4.086186147616283
CHEMBL4785551,CNC(=O)c1sc(-c2ccnc(NC(=O)C3CC3)c2)nc1OCC1CCN(Cc2cccc(Br)c2)CC1,inactive,584.5400000000002,4.966700000000005,2,7,3.404503778174426
CHEMBL4792741,CNC(=O)c1sc(-c2ccnc(NC(=O)C3CC3)c2)nc1OCC1CCN(Cc2ccc(Br)cc2)CC1,inactive,584.5400000000002,4.966700000000005,2,7,3.0
CHEMBL4746460,CNC(=O)c1sc(-c2ccnc(NC(=O)C3CC3)c2)nc1OCC1CCN(Cc2ccc(Cl)c(Cl)c2)CC1,inactive,574.5340000000002,5.5110000000000054,2,7,4.013228265733755
CHEMBL4741669,CNC(=O)c1sc(-c2ccnc(NC(=O)C3CC3)c2)nc1OCC1CCN(Cc2ccc(F)c(F)c2)CC1,inactive,541.6240000000003,4.482400000000005,2,7,4.096910013008056
CHEMBL4752296,CNC(=O)c1sc(-c2ccnc(NC(=O)C3CC3)c2)nc1OC1CCN(Cc2ccccc2)CC1,inactive,491.61700000000036,3.9566000000000034,2,7,4.136677139879544
CHEMBL4760940,c1cnc(Nc2nnc(-c3cccc4ccccc34)o2)nc1,active,289.29800000000006,3.423400000000001,1,6,6.519993057042849
CHEMBL502,COc1cc2c(cc1OC)C(=O)C(CC1CCN(Cc3ccccc3)CC1)C2,active,379.50000000000017,4.361100000000004,0,4,6.83000246293343
CHEMBL4756650,COc1cccc(/C=N\C2CCN(Cc3ccccc3)C2)c1OC,inactive,324.4240000000001,3.3972000000000024,0,4,5.0
CHEMBL4796199,Oc1ccccc1/C=N\C1CCN(Cc2ccccc2)C1,inactive,280.37100000000004,3.0856000000000012,1,3,5.0
CHEMBL4756674,Cc1cccc(/C=N\C2CCN(Cc3ccccc3)C2)c1,inactive,278.399,3.6884200000000025,0,2,5.0
CHEMBL4795118,Cc1ccc(/C=N\C2CCN(Cc3ccccc3)C2)cc1,inactive,278.399,3.6884200000000025,0,2,5.0
CHEMBL4755226,FC(F)(F)Oc1ccc(/C=N\C2CCN(Cc3ccccc3)C2)cc1,active,348.36800000000005,4.2786000000000035,0,3,6.063486257521107
CHEMBL4744470,Fc1ccc(/C=N\C2CCN(Cc3ccccc3)C2)c(F)c1,active,300.35200000000003,3.6582000000000026,0,2,6.015472686656207
CHEMBL4784203,Cc1cccc(CNC2CCN(Cc3ccccc3)C2)c1,inactive,280.415,3.3591200000000025,1,2,5.0
CHEMBL4796846,O=[N+]([O-])c1ccc(CNC2CCN(Cc3ccccc3)C2)cc1,active,311.38500000000005,2.9589000000000016,1,4,6.130181792020672
CHEMBL4761542,FC(F)(F)c1ccc(CNC2CCN(Cc3ccccc3)C2)cc1,active,334.38500000000005,4.069500000000003,1,2,6.892790030352131
CHEMBL4793341,FC(F)(F)Oc1ccc(CNC2CCN(Cc3ccccc3)C2)cc1,active,350.384,3.9493000000000027,1,3,7.236572006437063
CHEMBL4760651,Clc1ccc(CNC2CCN(Cc3ccccc3)C2)cc1,active,300.833,3.704100000000002,1,2,6.749579997691106
CHEMBL4749704,Fc1ccc(CNC2CCN(Cc3ccccc3)C2)cc1,active,284.37800000000004,3.1898000000000017,1,2,6.826813731587726
CHEMBL4741398,Brc1ccc(CNC2CCN(Cc3ccccc3)C2)cc1,active,345.284,3.813200000000003,1,2,6.876148359032914
CHEMBL4752715,Fc1ccc(CNC2CCN(Cc3ccccc3)C2)c(F)c1,active,302.36800000000005,3.3289000000000026,1,2,7.161150909262744
CHEMBL502,COc1cc2c(cc1OC)C(=O)C(CC1CCN(Cc3ccccc3)CC1)C2,active,379.50000000000017,4.361100000000004,0,4,7.376750709602099
CHEMBL95,Nc1c2c(nc3ccccc13)CCCC2,active,198.26899999999992,2.695800000000001,1,2,7.075720713938118
CHEMBL95,Nc1c2c(nc3ccccc13)CCCC2,active,198.26899999999992,2.695800000000001,1,2,7.140381421227819
CHEMBL4763981,O=C(CCCCCN1CCC2c3ccccc3NC2C1)Nc1ccc(/C=C2\CCn3c2nc2ccccc2c3=O)cc1,active,559.7140000000004,6.123300000000006,2,6,6.8145995168095475
CHEMBL4781157,O=C(CCCCN1CCC2c3ccccc3NC2C1)Nc1ccc(/C=C2\CCn3c2nc2ccccc2c3=O)cc1,active,545.6870000000004,5.733200000000005,2,6,7.007446482167865
CHEMBL4757466,O=C(CCN1CCC2c3ccccc3NC2C1)Nc1ccc(/C=C2\CCn3c2nc2ccccc2c3=O)cc1,active,517.6330000000004,4.953000000000004,2,6,8.010995384301463
CHEMBL4750451,O=C(CCCCCN1CCC2c3ccccc3NC2C1)Oc1ccc(/C=C2\CCn3c2nc2ccccc2c3=O)cc1,active,560.6980000000004,6.0902000000000065,1,7,7.969805214643249
CHEMBL4791642,O=C(CCCCN1CCC2c3ccccc3NC2C1)Oc1ccc(/C=C2\CCn3c2nc2ccccc2c3=O)cc1,active,546.6710000000004,5.700100000000005,1,7,8.96657624451305
CHEMBL4742248,O=C(CCCN1CCC2c3ccccc3NC2C1)Oc1ccc(/C=C2\CCn3c2nc2ccccc2c3=O)cc1,active,532.6440000000005,5.310000000000005,1,7,7.781464494783473
CHEMBL4755968,O=C(CCN1CCC2c3ccccc3NC2C1)Oc1ccc(/C=C2\CCn3c2nc2ccccc2c3=O)cc1,active,518.6170000000004,4.919900000000005,1,7,9.031517051446064
CHEMBL4776843,O=C(CN1CCC2c3ccccc3NC2C1)Oc1ccc(/C=C2\CCn3c2nc2ccccc2c3=O)cc1,active,504.5900000000003,4.529800000000003,1,7,6.664863174628375
CHEMBL502,COc1cc2c(cc1OC)C(=O)C(CC1CCN(Cc3ccccc3)CC1)C2,active,379.50000000000017,4.361100000000004,0,4,7.750557038557417
CHEMBL3323053,O=c1c2cc(OCCCN3CCCCC3)ccc2nc2n1CCC2,active,327.4280000000001,2.597500000000001,0,5,7.301029995663981
CHEMBL4776397,CS[C@@H](Cn1nnc2cc(C#Cc3ccc(-n4ccnc4CO)cc3)ccc21)N(O)C=O,inactive,448.5080000000002,2.0458,2,9,4.823908740944319
CHEMBL4758871,CS[C@@H](Cn1nnc2cc(C#Cc3ccc(N4CC5(COC5)C4)cc3)ccc21)N(O)C=O,inactive,449.5360000000003,2.2043999999999997,1,8,4.494850021680094
CHEMBL4786712,CS[C@@H](Cn1nnc2cc(C#Cc3ccc(N4CC5(C4)C[S+]([O-])C5)cc3)ccc21)N(O)C=O,inactive,481.6030000000003,1.9364999999999999,1,8,4.0
CHEMBL4780225,CS[C@@H](Cn1nnc2cc(C#Cc3ccc(N4C[C@H](O)[C@@H](O)C4)cc3)ccc21)N(O)C=O,inactive,453.52400000000017,0.9096000000000002,3,9,4.657577319177793
CHEMBL4789142,CON(C)C(=O)Oc1ccc(-c2cc(=O)c3c(O)cc(OC(=O)N(C)OC)cc3o2)cc1,inactive,444.3960000000002,3.149600000000002,1,9,4.991399828238082
CHEMBL4795422,CON(C)C(=O)Oc1ccc(-c2cc(=O)c3c(OC(=O)N(C)OC)cc(OC(=O)N(C)OC)cc3o2)cc1,inactive,531.4740000000004,3.4360000000000026,0,11,4.896196279044043
CHEMBL502,COc1cc2c(cc1OC)C(=O)C(CC1CCN(Cc3ccccc3)CC1)C2,active,379.50000000000017,4.361100000000004,0,4,7.958607314841775
CHEMBL12089,COc1ccc2cc3[n+](cc2c1OC)CCc1cc2c(cc1-3)OCO2.[Cl-],inactive,371.82000000000005,0.10029999999999983,0,4,4.7594507517174005
CHEMBL4756491,COc1ccc2cc3[n+](cc2c1OCc1ccccc1C)CCc1cc2c(cc1-3)OCO2.[Br-],inactive,506.3960000000003,1.9791199999999995,0,4,4.982966660701219
CHEMBL4745802,COc1ccc2cc3[n+](cc2c1OCc1ccc(C)cc1)CCc1cc2c(cc1-3)OCO2.[Br-],inactive,506.39600000000024,1.9791199999999995,0,4,4.120330794367947
CHEMBL4745328,COc1ccc2cc3[n+](cc2c1OCc1ccc([N+](=O)[O-])cc1)CCc1cc2c(cc1-3)OCO2.[Br-],active,537.3660000000003,1.5788999999999995,0,6,6.00436480540245
CHEMBL4752813,COc1ccc2cc3[n+](cc2c1OC(C)c1ccccc1)CCc1cc2c(cc1-3)OCO2.[Br-],active,506.3960000000003,2.2317,0,4,6.102372908709558
CHEMBL3323035,c1cc2c(cc1OCCCN1CCCCC1)CN1CCCC1=N2,active,313.44500000000005,3.5808000000000026,0,4,7.468521082957745
CHEMBL4797355,O=c1c2ccccc2oc2ccc(OCCCCCN3CCCCCC3)cc12,active,379.5000000000002,5.371300000000005,0,4,6.406713932979542
CHEMBL4783624,O=c1c2cc(Cl)ccc2oc2ccc(OCCCCCN3CCCCCC3)cc12,active,413.9450000000004,6.024700000000005,0,4,6.920818753952375
CHEMBL95,Nc1c2c(nc3ccccc13)CCCC2,active,198.26899999999992,2.695800000000001,1,2,6.882728704344236
CHEMBL502,COc1cc2c(cc1OC)C(=O)C(CC1CCN(Cc3ccccc3)CC1)C2,active,379.50000000000017,4.361100000000004,0,4,8.221848749616356
CHEMBL4787418,CCCCN[C@@H](Cc1c[nH]c2ccccc12)C(=O)NCCC1CCN(Cc2ccccc2)CC1,inactive,460.66600000000034,4.887200000000004,3,3,4.5951662833800615
CHEMBL4750731,CCCCN[C@@H](Cc1c[nH]c2ccccc12)C(=O)NCCC1CCCN(Cc2ccccc2)CC1,inactive,474.6930000000004,5.277300000000006,3,3,4.795880017344075
CHEMBL4745688,CCCCN[C@@H](Cc1c[nH]c2ccccc12)C(=O)NCCC1CCN(CC2CCN(C)CC2)CC1,inactive,481.7290000000005,4.028800000000003,3,4,4.527243550682788
CHEMBL4790545,COc1ccc2cc(C(=O)NCCC3CCN(Cc4ccccc4)CC3)ccc2c1,active,402.5380000000001,4.880500000000005,1,3,6.769551078621726
CHEMBL4777926,CNC(=O)c1sc(-c2ccnc(NC(=O)C3CC3)c2)nc1OCCOCc1cn(-c2c3c(nc4ccccc24)CCCC3)nn1,active,624.727,4.516500000000004,2,11,6.0
CHEMBL4791286,CNC(=O)c1sc(-c2ccnc(NC(=O)C3CC3)c2)nc1OCCc1cn(-c2c3c(nc4ccccc24)CCCC3)nn1,active,594.701,4.542400000000003,2,10,6.0
CHEMBL4747410,NC(=O)c1sc(-c2ccnc(NC(=O)C3CC3)c2)nc1OCCc1cn(-c2c3c(nc4ccccc24)CCCC3)nn1,active,580.6740000000001,4.281700000000003,2,10,6.0
CHEMBL4741219,CNC(=O)c1sc(-c2ccnc(NC(=O)C3CC3)c2)nc1OCCc1cn(CCNc2c3c(nc4cc(Cl)ccc24)CCCC3)nn1,active,672.2149999999999,5.318700000000004,3,11,7.412289034981089
CHEMBL4796602,CNC(=O)c1sc(-c2ccnc(NC(=O)C3CC3)c2)nc1OCCc1cn(CCNc2c3c(nc4ccccc24)CCCC3)nn1,active,637.77,4.665300000000004,3,11,6.570247719997592
CHEMBL4760288,CNC(=O)c1sc(-c2ccnc(NC(=O)C3CC3)c2)nc1OCCCc1cn(CCNc2c3c(nc4ccccc24)CCCC3)nn1,active,651.797,5.055400000000004,3,11,6.774690718274137
CHEMBL4787590,CNC(=O)c1sc(-c2ccnc(NC(=O)C3CC3)c2)nc1OCCc1cn(CCNc2c3c(nc4ccc(OC)cc24)CCCC3)nn1,active,667.7959999999999,4.673900000000003,3,12,6.0
CHEMBL4744911,CNC(=O)c1sc(-c2ccnc(NC(=O)C3CC3)c2)nc1OCCCc1cn(CCNc2c3c(nc4ccc(OC)cc24)CCCC3)nn1,active,681.823,5.0640000000000045,3,12,6.0
CHEMBL4756424,CNC(=O)c1sc(-c2ccnc(NC(=O)C3CC3)c2)nc1OCCOCc1cn(CCNc2c3c(nc4cc(Cl)ccc24)CCCC3)nn1,active,702.241,5.292800000000004,3,12,7.91721462968355
CHEMBL4779478,CNC(=O)c1sc(-c2ccnc(NC(=O)C3CC3)c2)nc1OCCOCc1cn(CCNc2c3c(nc4ccccc24)CCCC3)nn1,active,667.796,4.639400000000004,3,12,7.349692476868063
CHEMBL4799661,CNC(=O)c1sc(-c2ccnc(NC(=O)C3CC3)c2)nc1OCCOCc1cn(CCNc2c3c(nc4ccc(OC)cc24)CCCC3)nn1,active,697.822,4.648000000000004,3,13,6.0
CHEMBL95,Nc1c2c(nc3ccccc13)CCCC2,active,198.26899999999992,2.695800000000001,1,2,6.764724123312948
CHEMBL3410089,COc1nc(-c2ccnc(NC(=O)C3CC3)c2)sc1C(N)=O,active,318.35800000000006,1.6610999999999998,2,6,6.0
CHEMBL4781117,O=C(NCCCNc1c2c(nc3ccccc13)CCCC2)c1sc(-c2ccnc(NC(=O)C3CC3)c2)nc1OCC1CC1,active,596.7570000000001,6.001400000000006,3,8,6.506402550999473
CHEMBL4754192,O=C(NCCCNc1c2c(nc3ccccc13)CCCC2)c1sc(-c2ccnc(NC(=O)C3CCC3)c2)nc1OCC1CC1,active,610.7840000000001,6.391500000000007,3,8,6.5298836468489965
CHEMBL4758531,CC(=O)Nc1cc(-c2nc(OCC3CC3)c(C(=O)NCCCNc3c4c(nc5ccccc35)CCCC4)s2)ccn1,active,570.7190000000003,5.611300000000004,3,8,6.404944910240696
CHEMBL4789145,CNC(=O)c1sc(-c2ccnc(NC(=O)CNCCNc3c4c(nc5ccccc35)CCCC4)c2)nc1OCC1CC1,active,585.7340000000003,4.420700000000004,4,9,8.920818753952375
CHEMBL4777788,CNC(=O)c1sc(-c2ccnc(NC(=O)CNCCNc3c4c(nc5cc(Cl)ccc35)CCCC4)c2)nc1OCC1CC1,active,620.1790000000002,5.074100000000004,4,9,7.392544976785332
CHEMBL4785004,CNC(=O)c1sc(-c2ccnc(NC(=O)CNCCNc3c4c(nc5ccc(OC)cc35)CCCC4)c2)nc1OCC1CC1,active,615.7600000000002,4.429300000000004,4,10,7.512861624522813
CHEMBL4761239,CCNC(=O)c1sc(-c2ccnc(NC(=O)CNCCNc3c4c(nc5ccccc35)CCCC4)c2)nc1OCC1CC1,active,599.7610000000001,4.810800000000005,4,9,7.3448615651886175
CHEMBL4746403,CCCNC(=O)c1sc(-c2ccnc(NC(=O)CNCCNc3c4c(nc5ccccc35)CCCC4)c2)nc1OCC1CC1,active,613.7880000000001,5.200900000000005,4,9,8.309803919971486
CHEMBL4753347,NC(=O)c1sc(-c2ccnc(NC(=O)CNCCNc3c4c(nc5ccccc35)CCCC4)c2)nc1OCC1CC1,active,571.7070000000001,4.160000000000004,4,9,9.096910013008056
CHEMBL4756997,CNC(=O)c1sc(-c2ccnc(NC(=O)CNCCCCNc3c4c(nc5ccccc35)CCCC4)c2)nc1OCC1CC1,active,613.7880000000002,5.200900000000005,4,9,7.636388020107856
CHEMBL4800403,CNC(=O)c1sc(-c2ccnc(NC(=O)CNCCCCCCNc3c4c(nc5ccccc35)CCCC4)c2)nc1OCC1CC1,active,641.8420000000001,5.981100000000006,4,9,7.6595558851598815
CHEMBL4798419,CNC(=O)c1sc(-c2ccnc(NC(=O)CNCCCCCCCCNc3c4c(nc5ccccc35)CCCC4)c2)nc1OCC1CC1,active,669.896,6.761300000000007,4,9,7.818156412055227
CHEMBL4749327,CNC(=O)c1sc(-c2ccnc(NC(=O)CNCCNc3c4c(nc5ccccc35)CCCC4)c2)nc1OC,active,545.6690000000004,3.640500000000002,4,9,7.011441043121384
CHEMBL4749678,CNC(=O)c1sc(-c2ccnc(NC(=O)CNCCNc3c4c(nc5ccccc35)CCCC4)c2)nc1OCC1CCC1,active,599.7610000000002,4.810800000000004,4,9,6.808828544271441
CHEMBL4759230,CNC(=O)c1sc(-c2ccnc(NC(=O)CNCCNc3c4c(nc5ccccc35)CCCC4)c2)nc1OCC(C)(C)C,active,601.7770000000003,5.056800000000004,4,9,6.987584625237567
CHEMBL4787169,CNC(=O)c1sc(-c2ccnc(NC(=O)CNCCNc3c4c(nc5ccccc35)CCCC4)c2)nc1OC(C)C,active,573.7230000000004,4.419100000000004,4,9,6.624519285381427
CHEMBL4750284,CNC(=O)c1sc(-c2ccnc(NC(=O)CNCCNc3c4c(nc5ccccc35)CCCC4)c2)nc1OCC(C)C,active,587.7500000000003,4.666700000000004,4,9,7.308034897232639
CHEMBL4743210,COc1cc(CNC(=O)CCCCNc2c3c(nc4cc(Cl)ccc24)CC2C=C(C)CC3C2)ccc1O,active,520.0730000000003,6.497000000000007,3,5,8.26121944151563
CHEMBL4788434,COc1cc(CNC(=O)CCCCCNc2c3c(nc4cc(Cl)ccc24)CC2C=C(C)CC3C2)ccc1O,active,534.1000000000004,6.887100000000007,3,5,8.361510743045363
CHEMBL4754487,COc1cc(CNC(=O)CCCCCCNc2c3c(nc4cc(Cl)ccc24)CC2C=C(C)CC3C2)ccc1O,active,548.1270000000003,7.277200000000008,3,5,9.113509274827518
CHEMBL4748114,COc1cc(CNC(=O)CCCCCCCNc2c3c(nc4cc(Cl)ccc24)CC2C=C(C)CC3C2)ccc1O,active,562.1540000000003,7.667300000000008,3,5,8.712198270069774
CHEMBL4782921,COc1cc(CNC(=O)CCCCCCCCNc2c3c(nc4cc(Cl)ccc24)CC2C=C(C)CC3C2)ccc1O,active,576.1810000000003,8.057400000000007,3,5,8.531652669587842
CHEMBL4782267,COc1cc(CNC(=O)c2ccc(CNc3c4c(nc5cc(Cl)ccc35)CC3C=C(C)CC4C3)cc2)ccc1O,active,554.0900000000004,7.1405000000000065,3,5,7.603800652904264
CHEMBL4741162,COc1cc(CNC(=O)CCCC/C=C/CNc2c3c(nc4cc(Cl)ccc24)CC2C=C(C)CC3C2)ccc1O,active,560.1380000000004,7.443300000000007,3,5,8.355561410532161
CHEMBL4794769,COc1cc(CNC(=O)CCCC/C=C/CCCNc2c3c(nc4cc(Cl)ccc24)CC2C=C(C)CC3C2)ccc1O,active,588.1920000000002,8.223500000000005,3,5,8.248720896016657
CHEMBL4744528,COc1cc(CNC(=O)Cc2cn(CCCCC3=CC4Cc5nc6cc(Cl)ccc6c(N)c5C(C3)C4)nn2)ccc1O,active,587.1240000000003,5.481600000000006,3,8,8.97469413473523
CHEMBL294199,COc1cc(CNC(=O)CCCC/C=C/C(C)C)ccc1O,inactive,305.418,3.789600000000003,2,3,3.6989700043360187
CHEMBL140476,CC1=CC2Cc3nc4cc(Cl)ccc4c(N)c3C(C1)C2,active,284.7900000000001,4.466400000000003,1,2,8.97061622231479
CHEMBL4795992,Cn1c(=O)sc2cc(C(=O)CCN3CCN(Cc4ccccc4)CC3)ccc21,active,395.5280000000001,2.9906000000000015,0,6,6.337242168318426
CHEMBL502,COc1cc2c(cc1OC)C(=O)C(CC1CCN(Cc3ccccc3)CC1)C2,active,379.50000000000017,4.361100000000004,0,4,7.318758762624412
CHEMBL4780148,COc1cc2c(cc1OC)/C(=C/c1ccc(N3CCCCC3)c(O)c1)OC2=O,active,381.42800000000017,4.068200000000003,1,6,7.301029995663981
CHEMBL4778409,COc1cc2c(cc1OC)/C(=C\c1ccc(N3CCCCC3)c(O)c1)OC2=O,active,381.42800000000017,4.068200000000003,1,6,7.920818753952375
CHEMBL4761887,CCN(CC)c1cc(/C=C2\OC(=O)c3cc(OC)c(OC)cc32)ccc1O,active,369.4170000000001,3.9241000000000033,1,6,8.809668301829708
CHEMBL4778167,CCN(CC)c1cc(/C=C2/OC(=O)c3cc(OC)c(OC)cc32)ccc1O,active,369.4170000000001,3.9241000000000033,1,6,8.892790030352131
CHEMBL4792421,COc1cc2c(cc1OC)/C(=C/c1ccc(O)c(N3CCCCC3)c1)OC2=O,active,381.4280000000003,4.068200000000003,1,6,8.210419287835574
CHEMBL4757683,COc1cc2c(cc1OC)/C(=C\c1ccc(O)c(N3CCCCC3)c1)OC2=O,active,381.4280000000003,4.068200000000003,1,6,8.471083299722345
CHEMBL502,COc1cc2c(cc1OC)C(=O)C(CC1CCN(Cc3ccccc3)CC1)C2,active,379.50000000000017,4.361100000000004,0,4,7.494850021680094
CHEMBL636,CCN(C)C(=O)Oc1cccc([C@H](C)N(C)C)c1,inactive,250.34199999999998,2.7597000000000014,0,3,4.962573502059376
CHEMBL4789991,O=C1c2ccccc2C(=O)C12N1CSC[C@@H]1[C@@H](c1cccs1)[C@@]21CSc2ccccc2C1=O,inactive,489.6430000000002,5.013200000000005,0,7,4.718512112059919
CHEMBL4757955,O=C1c2ccccc2C(=O)C12N1CSC[C@@H]1[C@@H](c1cccc3ccccc13)[C@@]21CSc2ccccc2C1=O,inactive,533.6740000000002,6.104900000000005,0,6,4.783042792638903
CHEMBL4797884,O=C1c2ccccc2C(=O)C12N1CSC[C@@H]1[C@@H](c1ccc(Cl)cc1Cl)[C@@]21CSc2ccccc2C1=O,inactive,552.5040000000001,6.258500000000004,0,6,4.710411047457403
CHEMBL4748587,O=C1c2ccccc2C(=O)C12N1CSC[C@@H]1[C@@H](c1ccccc1Cl)[C@@]21CSc2ccccc2C1=O,inactive,518.0590000000002,5.605100000000005,0,6,4.479385478121764
CHEMBL4797575,O=C1c2ccccc2C(=O)C12N1CSC[C@@H]1[C@@H](c1cccc(Br)c1)[C@@]21CSc2ccccc2C1=O,inactive,562.5100000000001,5.714200000000005,0,6,4.416347891457956
CHEMBL4761620,O=C1c2ccccc2C(=O)C12N1CSC[C@@H]1[C@@H](c1cccc(F)c1)[C@@]21CSc2ccccc2C1=O,inactive,501.6040000000002,5.090800000000004,0,6,4.912218582190458
CHEMBL4756742,CC(C)c1ccc([C@@H]2[C@H]3CSCN3C3(C(=O)c4ccccc4C3=O)[C@]23CSc2ccccc2C3=O)cc1,inactive,525.6950000000003,6.075100000000006,0,6,4.547600154088558
CHEMBL4754171,O=C1c2ccccc2C(=O)C12N1CSC[C@@H]1[C@@H](c1ccccc1)[C@@]21CSc2ccccc2C1=O,inactive,483.6140000000002,4.951700000000005,0,6,4.890759031411797
CHEMBL4762214,O=C1c2ccccc2C(=O)C12N1CSC[C@@H]1[C@@H](c1ccc(Br)cc1)[C@@]21CSc2ccccc2C1=O,inactive,562.5100000000001,5.714200000000004,0,6,4.461426266193144
CHEMBL4743869,O=C1c2ccccc2C(=O)C12N1CSC[C@@H]1[C@@H](c1ccc(Cl)cc1)[C@@]21CSc2ccccc2C1=O,inactive,518.0590000000002,5.605100000000005,0,6,4.672028376376989
CHEMBL4788300,O=C1c2ccccc2C(=O)C12N1CSC[C@@H]1[C@@H](c1ccc(F)cc1)[C@@]21CSc2ccccc2C1=O,inactive,501.6040000000002,5.090800000000004,0,6,4.703334809738469
CHEMBL4763528,CN1C[C@@H](c2cccs2)[C@@]2(CSc3ccccc3C2=O)C12C(=O)c1ccccc1C2=O,inactive,445.5650000000002,4.570100000000004,0,6,4.674484336636851
CHEMBL4780172,CN1C[C@@H](c2ccc(Cl)cc2Cl)[C@@]2(CSc3ccccc3C2=O)C12C(=O)c1ccccc1C2=O,inactive,508.4260000000003,5.815400000000006,0,5,4.617622696531886
CHEMBL4755928,CN1C[C@@H](c2ccccc2Br)[C@@]2(CSc3ccccc3C2=O)C12C(=O)c1ccccc1C2=O,inactive,518.4320000000002,5.271100000000006,0,5,4.567030709125595
CHEMBL4754607,CN1C[C@@H](c2ccccc2Cl)[C@@]2(CSc3ccccc3C2=O)C12C(=O)c1ccccc1C2=O,inactive,473.9810000000002,5.162000000000005,0,5,4.995248844408999
CHEMBL4739877,CN1C[C@@H](c2cccc(Br)c2)[C@@]2(CSc3ccccc3C2=O)C12C(=O)c1ccccc1C2=O,inactive,518.4320000000002,5.271100000000005,0,5,4.703334809738469
CHEMBL4799570,CN1C[C@@H](c2cccc(F)c2)[C@@]2(CSc3ccccc3C2=O)C12C(=O)c1ccccc1C2=O,inactive,457.52600000000024,4.647700000000004,0,5,4.60977163753087
CHEMBL4791084,CC(C)c1ccc([C@@H]2CN(C)C3(C(=O)c4ccccc4C3=O)[C@]23CSc2ccccc2C3=O)cc1,inactive,481.61700000000025,5.632000000000006,0,5,4.703334809738469
CHEMBL4800067,CN1C[C@@H](c2ccccc2)[C@@]2(CSc3ccccc3C2=O)C12C(=O)c1ccccc1C2=O,inactive,439.53600000000023,4.508600000000004,0,5,4.953895212753961
CHEMBL4740786,CN1C[C@@H](c2ccc(Br)cc2)[C@@]2(CSc3ccccc3C2=O)C12C(=O)c1ccccc1C2=O,inactive,518.4320000000002,5.271100000000005,0,5,4.547600154088558
CHEMBL4744408,CN1C[C@@H](c2ccc(Cl)cc2)[C@@]2(CSc3ccccc3C2=O)C12C(=O)c1ccccc1C2=O,inactive,473.9810000000003,5.162000000000005,0,5,4.65286521708998
CHEMBL4791351,CN1C[C@@H](c2ccc(F)cc2)[C@@]2(CSc3ccccc3C2=O)C12C(=O)c1ccccc1C2=O,inactive,457.52600000000024,4.647700000000004,0,5,4.632271453913024
CHEMBL502,COc1cc2c(cc1OC)C(=O)C(CC1CCN(Cc3ccccc3)CC1)C2,active,379.50000000000017,4.361100000000004,0,4,8.045757490560675
CHEMBL292314,Nc1c2c(nc3cc(Cl)ccc13)CCCC2,active,232.71399999999994,3.3492000000000015,1,2,7.838631997765025
CHEMBL95,Nc1c2c(nc3ccccc13)CCCC2,active,198.26899999999992,2.695800000000001,1,2,6.494850021680094
CHEMBL4796696,COc1cc2c(cc1O)CCC(C)(CCN)O2,inactive,237.29899999999992,1.8332999999999995,2,4,3.9956786262173574
CHEMBL4749077,COc1cc2c(cc1O)CCC(C)(CC(=O)NCCCCCCNc1c3c(nc4ccccc14)CCCC3)O2,active,531.6970000000003,6.0903000000000045,3,6,6.560667306169737
CHEMBL4757922,COc1cc2c(cc1O)CCC(C)(CC(=O)NCCCCCCCCCNc1c3c(nc4ccccc14)CCCC3)O2,active,573.7780000000001,7.260600000000007,3,6,7.2380721615794705
CHEMBL4792460,COc1cc2c(cc1O)CCC(C)(CC(=O)NCCCCCCCCNc1c3c(nc4ccccc14)CCCC3)O2,active,559.7510000000002,6.870500000000007,3,6,7.156144577376839
CHEMBL4794549,COc1cc2c(cc1O)CCC(C)(CC(=O)NCCCCCCCNc1c3c(nc4ccccc14)CCCC3)O2,active,545.7240000000003,6.480400000000006,3,6,6.954677021213342
CHEMBL4789172,COc1cc2c(cc1OCc1ccccc1)CCC(C)(CC(=O)NCCCCCCNc1c3c(nc4cc(Cl)ccc14)CCCC3)O2,active,656.2670000000002,8.617100000000004,2,6,7.958607314841775
CHEMBL4789620,COc1cc2c(cc1OCc1ccccc1)CCC(C)(CC(=O)NCCCCCCCCCNc1c3c(nc4cc(Cl)ccc14)CCCC3)O2,active,698.3480000000001,9.787399999999998,2,6,8.10292299679058
CHEMBL4747836,COc1cc2c(cc1OCc1ccccc1)CCC(C)(CC(=O)NCCCCCCCCNc1c3c(nc4cc(Cl)ccc14)CCCC3)O2,active,684.3210000000001,9.3973,2,6,7.982966660701219
CHEMBL4798535,COc1cc2c(cc1O)CCC(C)(CC(=O)NCCCCCCCNc1c3c(nc4cc(Cl)ccc14)CCCC3)O2,active,580.1690000000001,7.133800000000007,3,6,8.265200170411154
CHEMBL4787579,COc1cc2c(cc1O)CCC(C)(CC(=O)NCCCCCCCCNc1c3c(nc4cc(Cl)ccc14)CCCC3)O2,active,594.196,7.523900000000007,3,6,8.43297363384094
CHEMBL4797814,COc1cc2c(cc1O)CCC(C)(CC(=O)NCCCCCCCCCNc1c3c(nc4cc(Cl)ccc14)CCCC3)O2,active,608.2230000000001,7.914000000000009,3,6,8.688246138944246
CHEMBL4758624,COc1cc2c(cc1O)CCC(C)(CC(=O)NCCOCCOCCNc1c3c(nc4cc(Cl)ccc14)CCCC3)O2,active,598.14,5.216500000000004,3,8,7.319664486585436
CHEMBL4762419,COc1cc2c(cc1O)CCC(C)(CCC(=O)NCCCCCCNc1c3c(nc4cc(Cl)ccc14)CCCC3)O2,active,580.1690000000001,7.133800000000007,3,6,8.42021640338319
CHEMBL4797177,COc1cc2c(cc1O)CCC(C)(CCC(=O)NCCCCCCCNc1c3c(nc4cc(Cl)ccc14)CCCC3)O2,active,594.196,7.523900000000007,3,6,8.100179497572904
CHEMBL4794645,COc1cc2c(cc1O)CCC(C)(CCC(=O)NCCCCCCCCNc1c3c(nc4cc(Cl)ccc14)CCCC3)O2,active,608.2230000000001,7.914000000000009,3,6,8.20551195334083
CHEMBL4796461,COc1cc2c(cc1O)CCC(C)(CCNCCCCCCCNc1c3c(nc4cc(Cl)ccc14)CCCC3)O2,active,566.1860000000001,7.607200000000008,3,6,9.356547323513812
CHEMBL4751100,COc1cc2c(cc1O)CCC(C)(CCNCCCCCCCCNc1c3c(nc4cc(Cl)ccc14)CCCC3)O2,active,580.2130000000001,7.997300000000008,3,6,9.920818753952375
CHEMBL4785201,COc1cc2c(cc1O)CCC(C)(CCNCCCCCCCCCNc1c3c(nc4cc(Cl)ccc14)CCCC3)O2,active,594.24,8.387400000000007,3,6,9.568636235841012
CHEMBL4787251,COc1cc2c(cc1O)CCC(C)(CCNCCOCCOCCNc1c3c(nc4cc(Cl)ccc14)CCCC3)O2,active,584.1569999999999,5.689900000000005,3,8,8.078313524516398
CHEMBL4747041,COc1cc2c(cc1OCc1ccccc1)CCC(C)(CC(=O)NCCCCCCCNc1c3c(nc4cc(Cl)ccc14)CCCC3)O2,active,670.2940000000001,9.007200000000001,2,6,8.15552282425432
CHEMBL4750190,COCCn1cnc2cc(NC(=O)c3ccccc3)cc(C(=O)NCc3cc(F)cc(F)c3)c21,active,464.4720000000002,4.143200000000003,2,5,6.920818753952375
CHEMBL4781384,O=c1ccoc2ccc(OCCCCCN3CCOCC3)cc12,inactive,317.38500000000005,2.6743000000000006,0,5,4.016824927962187
CHEMBL4754186,O=c1ccoc2ccc(OCCCN3CCCCCC3)cc12,inactive,301.386,3.4379000000000026,0,4,4.97469413473523
CHEMBL4778747,O=c1ccoc2ccc(OCCCN3CCCCC3)cc12,inactive,287.359,3.0478000000000014,0,4,4.798602875679548
CHEMBL502,COc1cc2c(cc1OC)C(=O)C(CC1CCN(Cc3ccccc3)CC1)C2,active,379.50000000000017,4.361100000000004,0,4,8.154901959985743
CHEMBL4744490,CCN(C)C(=O)Oc1cccc(CNCCc2c[nH]c3cc(F)ccc23)c1,inactive,369.44,4.089800000000002,2,3,4.782516055786093
CHEMBL4761198,CCN(C)C(=O)Oc1cccc(CNCCc2c[nH]c3cc(F)ccc23)c1.O=C(O)/C=C/C(=O)O,inactive,485.5120000000001,3.8016000000000014,4,5,4.75559916619863
CHEMBL4742830,CCOC(=O)c1c(C)nc(N2CCN(S(=O)(=O)c3ccc(NC(C)=O)cc3)CC2)nc1-c1ccc(OC)cc1,active,553.6410000000003,3.1066200000000013,1,9,6.879261594457057
CHEMBL4782471,CCOC(=O)c1c(C)nc(N2CCN(S(=O)(=O)c3ccc(NC(C)=O)c(Cl)c3)CC2)nc1-c1ccc(OC)cc1,active,588.0860000000004,3.7600200000000026,1,9,7.057396751157843
CHEMBL4797974,CCOC(=O)c1c(C)nc(N2CCN(S(=O)(=O)c3ccc(NC(C)=O)c(F)c3)CC2)nc1-c1ccc(OC)cc1,active,571.6310000000003,3.245720000000002,1,9,7.036684488613889
CHEMBL4756262,CCOC(=O)c1c(C)nc(N2CCN(S(=O)(=O)c3ccc(NC(C)=O)c(OC)c3)CC2)nc1-c1ccc(OC)cc1,active,583.6670000000004,3.1152200000000017,1,10,7.101000729110211
CHEMBL4759625,CCOC(=O)c1c(C)nc(N2CCN(S(=O)(=O)c3ccc(NC(C)=O)cc3)CC2)nc1-c1ccccc1,active,523.6150000000004,3.0980200000000018,1,8,6.928854709548917
CHEMBL4749805,CCOC(=O)c1c(C)nc(N2CCN(S(=O)(=O)c3ccc(NC(C)=O)c(Cl)c3)CC2)nc1-c1ccccc1,active,558.0600000000004,3.751420000000003,1,8,6.843117835560624
CHEMBL4752521,CCOC(=O)c1c(C)nc(N2CCN(S(=O)(=O)c3ccc(NC(C)=O)c(F)c3)CC2)nc1-c1ccccc1,active,541.6050000000004,3.2371200000000018,1,8,7.011307297450183
CHEMBL4777023,CCOC(=O)c1c(C)nc(N2CCN(S(=O)(=O)c3ccc(NC(C)=O)c(OC)c3)CC2)nc1-c1ccccc1,active,553.6410000000004,3.1066200000000013,1,9,7.10242788617427
CHEMBL4764274,CCOC(=O)c1c(C)nc(N2CCN(S(=O)(=O)c3ccc(NC(C)=O)cc3)CC2)nc1-c1ccc(OC)c(OC)c1,active,583.6670000000003,3.1152200000000017,1,10,7.051635944011631
CHEMBL4790766,CCOC(=O)c1c(C)nc(N2CCN(S(=O)(=O)c3ccc(NC(C)=O)c(Cl)c3)CC2)nc1-c1ccc(OC)c(OC)c1,active,618.1120000000003,3.768620000000003,1,10,7.324863495532006
CHEMBL4752188,CCOC(=O)c1c(C)nc(N2CCN(S(=O)(=O)c3ccc(NC(C)=O)c(F)c3)CC2)nc1-c1ccc(OC)c(OC)c1,active,601.6570000000003,3.2543200000000025,1,10,7.116225038644742
CHEMBL4785119,CCOC(=O)c1c(C)nc(N2CCN(S(=O)(=O)c3ccc(NC(C)=O)c(OC)c3)CC2)nc1-c1ccc(OC)c(OC)c1,active,613.6930000000003,3.123820000000002,1,11,7.101494214465641
CHEMBL4762860,CCOC(=O)c1c(C)nc(N2CCN(S(=O)(=O)c3ccc(N)cc3)CC2)nc1-c1ccc(OC)cc1,active,511.6040000000003,2.7304200000000005,1,9,7.143331516388465
CHEMBL4743674,CCOC(=O)c1c(C)nc(N2CCN(S(=O)(=O)c3ccc(N)c(Cl)c3)CC2)nc1-c1ccc(OC)cc1,active,546.0490000000003,3.383820000000002,1,9,7.108406795651035
CHEMBL4779365,CCOC(=O)c1c(C)nc(N2CCN(S(=O)(=O)c3ccc(N)c(F)c3)CC2)nc1-c1ccc(OC)cc1,active,529.5940000000004,2.8695200000000005,1,9,6.997402019280091
CHEMBL4797335,CCOC(=O)c1c(C)nc(N2CCN(S(=O)(=O)c3ccc(N)c(OC)c3)CC2)nc1-c1ccc(OC)cc1,active,541.6300000000003,2.739020000000001,1,10,7.164309428507575
CHEMBL4755324,CCOC(=O)c1c(C)nc(N2CCN(S(=O)(=O)c3ccc(N)cc3)CC2)nc1-c1ccccc1,active,481.57800000000026,2.72182,1,8,6.698970004336019
CHEMBL4800558,CCOC(=O)c1c(C)nc(N2CCN(S(=O)(=O)c3ccc(N)c(Cl)c3)CC2)nc1-c1ccccc1,active,516.0230000000004,3.3752200000000023,1,8,7.101713721410877
CHEMBL4759595,CCOC(=O)c1c(C)nc(N2CCN(S(=O)(=O)c3ccc(N)c(F)c3)CC2)nc1-c1ccccc1,active,499.56800000000027,2.860920000000001,1,8,6.698970004336019
CHEMBL4764003,CCOC(=O)c1c(C)nc(N2CCN(S(=O)(=O)c3ccc(N)c(OC)c3)CC2)nc1-c1ccccc1,active,511.6040000000003,2.7304200000000005,1,9,7.072373037555046
CHEMBL4750278,CCOC(=O)c1c(C)nc(N2CCN(S(=O)(=O)c3ccc(N)cc3)CC2)nc1-c1ccc(OC)c(OC)c1,active,541.6300000000003,2.739020000000001,1,10,7.167363372403297
CHEMBL4800002,CCOC(=O)c1c(C)nc(N2CCN(S(=O)(=O)c3ccc(N)c(Cl)c3)CC2)nc1-c1ccc(OC)c(OC)c1,active,576.0750000000003,3.392420000000002,1,10,7.289374984939203
CHEMBL4792354,CCOC(=O)c1c(C)nc(N2CCN(S(=O)(=O)c3ccc(N)c(F)c3)CC2)nc1-c1ccc(OC)c(OC)c1,active,559.6200000000003,2.878120000000001,1,10,7.179995693191682
CHEMBL4746943,CCOC(=O)c1c(C)nc(N2CCN(S(=O)(=O)c3ccc(N)c(OC)c3)CC2)nc1-c1ccc(OC)c(OC)c1,active,571.6560000000003,2.7476200000000004,1,11,7.067627717852086
CHEMBL502,COc1cc2c(cc1OC)C(=O)C(CC1CCN(Cc3ccccc3)CC1)C2,active,379.50000000000017,4.361100000000004,0,4,7.575935474582512
CHEMBL748,C[n+]1ccccc1/C=N/O.[Cl-],inactive,172.615,-2.6767999999999983,1,2,3.001740661576301
CHEMBL4793290,CS(=O)(=O)[O-].CS(=O)(=O)[O-].NC(=O)c1cc[n+](COC[n+]2ccccc2/C=N/O)cc1,inactive,478.50500000000017,-1.8767999999999927,2,10,3.196542884351586
CHEMBL590824,CS(=O)(=O)[O-].CS(=O)(=O)[O-].O/N=C/c1cc[n+](COC[n+]2ccc(/C=N/O)cc2)cc1,inactive,478.50500000000017,-1.1675999999999944,2,11,2.663740447985807
CHEMBL4749209,Cc1cc(/C=N/O)c(O)c(CN2CCN(c3ccncc3)CC2)c1,inactive,326.40000000000003,2.2259200000000003,2,6,3.3151546383555877
CHEMBL4758307,O/N=C/c1cc(Cl)cc(CN2CCN(c3ccncc3)CC2)c1O,inactive,346.8180000000001,2.5709000000000013,2,6,3.5816987086802543
CHEMBL4753561,Cc1cc(/C=N/O)c(O)c(CNc2ccc(S(=O)(=O)Nc3nccs3)cc2)c1,inactive,418.50000000000006,3.378120000000001,4,8,2.2882771081727653
CHEMBL4796213,O=S(=O)(Nc1nccs1)c1ccc(NCc2cc(Cl)cc(/C=N/O)c2O)cc1,inactive,438.91800000000006,3.7231000000000014,4,8,2.3690638809358084
CHEMBL4783438,Cc1cc(/C=N/O)c(O)c(CN2CCC(n3c(=O)[nH]c4cc(Cl)ccc43)CC2)c1,inactive,414.8930000000001,3.642220000000002,3,6,2.720105019988362
CHEMBL4778694,O=c1[nH]c2cc(Cl)ccc2n1C1CCN(Cc2cc(Cl)cc(/C=N/O)c2O)CC1,inactive,435.3110000000001,3.9872000000000023,3,6,2.3821612522829967
CHEMBL4796014,Cc1cc(/C=N/O)c(O)c(CNc2ccc(-n3cccn3)cc2)c1,inactive,322.368,3.306520000000001,3,6,2.497163361378997
CHEMBL4751296,O/N=C/c1cc(Cl)cc(CNc2ccc(-n3cccn3)cc2)c1O,inactive,342.78600000000006,3.6515000000000017,3,6,2.5178413045887234
CHEMBL4779687,Cc1cc(/C=N/O)c(O)c(CNc2ncccc2OCc2ccccc2)c1,inactive,363.4170000000001,4.094820000000002,3,6,4.014573525916998
CHEMBL4752528,O/N=C/c1cc(Cl)cc(CNc2ncccc2OCc2ccccc2)c1O,inactive,383.83500000000015,4.439800000000003,3,6,3.0830199526796176
CHEMBL4764015,Cc1cc(/C=N/O)c(O)c(CNc2ccc(N3CCOCC3=O)cc2)c1,inactive,355.3940000000001,2.48402,3,6,2.2753146117626404
CHEMBL4754173,O=C1COCCN1c1ccc(NCc2cc(Cl)cc(/C=N/O)c2O)cc1,inactive,375.81200000000007,2.8290000000000006,3,6,2.379135524734879
CHEMBL4785155,Cc1cc(/C=N/O)c(O)c(CNc2ccc(N3CCOCC3)c(F)c2)c1,inactive,359.4010000000001,3.0965200000000017,3,6,2.485585079419631
CHEMBL4763394,O/N=C/c1cc(Cl)cc(CNc2ccc(N3CCOCC3)c(F)c2)c1O,inactive,379.8190000000002,3.441500000000002,3,6,2.227898430722988
CHEMBL4752879,Cc1cc(/C=N/O)c(O)c(CNc2ccc(Cn3cncn3)cc2)c1,inactive,337.383,2.760620000000001,3,7,2.487449007095789
CHEMBL4753820,COc1ccc(C(CN(C)c2ccc(NCc3cc(C)cc(/C=N/O)c3O)cc2)C2(O)CCCCC2)cc1,inactive,517.6700000000004,6.044620000000007,4,7,2.9010103605988227
CHEMBL4783532,COc1ccc(C(CN(C)c2ccc(NCc3cc(Cl)cc(/C=N/O)c3O)cc2)C2(O)CCCCC2)cc1,inactive,538.0880000000003,6.389600000000007,4,7,2.6011922697967353
CHEMBL4786658,COc1cc2c(cc1OC)C(=O)/C(=C/c1ccc(N3CCN(C)CC3)cc1)C2,active,378.4720000000002,3.2780000000000022,0,5,6.494850021680094
CHEMBL4800260,COc1cc2c(cc1OC)C(=O)/C(=C/c1ccc(N3CC[N+](C)(Cc4ccccc4)CC3)cc1)C2.[Cl-],active,505.05800000000033,1.997,0,4,6.431798275933005
CHEMBL4794208,COc1cc2c(cc1OC)C(=O)/C(=C/c1ccc(N3CC[N+](C)(Cc4ccccc4Br)CC3)cc1)C2.[Br-],active,628.4050000000002,2.759500000000001,0,4,6.267606240177032
CHEMBL4791075,COc1cc2c(cc1OC)C(=O)/C(=C/c1ccc(N3CC[N+](C)(Cc4cccc(Cl)c4)CC3)cc1)C2.[Br-],active,583.9540000000003,2.6504000000000003,0,4,6.494850021680094
CHEMBL4787855,COc1cc2c(cc1OC)C(=O)/C(=C/c1ccc(N3CC[N+](C)(Cc4ccccc4Cl)CC3)cc1)C2.[Cl-],active,539.5030000000003,2.6504000000000003,0,4,6.318758762624412
CHEMBL4784191,COc1cc2c(cc1OC)C(=O)/C(=C/c1ccc(N3CC[N+](C)(Cc4ccccn4)CC3)cc1)C2.[Cl-],active,506.0460000000003,1.3920000000000003,0,5,6.42021640338319
CHEMBL4776999,CCCC[N+]1(C)CCN(c2ccc(/C=C3\Cc4cc(OC)c(OC)cc4C3=O)cc2)CC1.[Br-],active,515.4920000000002,1.596900000000001,0,4,6.267606240177032
CHEMBL4797677,CCCCC[N+]1(C)CCN(c2ccc(/C=C3\Cc4cc(OC)c(OC)cc4C3=O)cc2)CC1.[Br-],active,529.5190000000002,1.9870000000000008,0,4,6.267606240177032
CHEMBL4798336,C=CC[N+]1(C)CCN(c2ccc(/C=C3\Cc4cc(OC)c(OC)cc4C3=O)cc2)CC1.[Cl-],active,454.9980000000003,0.9828000000000008,0,4,6.366531544420414
CHEMBL4794250,COc1cc2c(cc1OC)C(=O)/C(=C/c1ccc(OCCN[N+]3(C)CCN(c4ccc(/C=C5\Cc6cc(OC)c(OC)cc6C5=O)cc4)CC3)cc1)C2.[Br-],inactive,796.7590000000001,3.2200000000000024,1,9,4.619788758288394
CHEMBL4780352,COc1cc2c(cc1OC)C(=O)/C(=C/c1ccc(OCCCCN[N+]3(C)CCN(c4ccc(/C=C5\Cc6cc(OC)c(OC)cc6C5=O)cc4)CC3)cc1)C2.[Br-],active,824.8130000000001,4.000200000000003,1,9,19.0
CHEMBL502,COc1cc2c(cc1OC)C(=O)C(CC1CCN(Cc3ccccc3)CC1)C2,active,379.50000000000017,4.361100000000004,0,4,7.853871964321762
CHEMBL4779180,O=c1cc(-c2ccc(OCCCCN3CCC(Cc4ccccc4)CC3)cc2)oc2cc(OCCCCN3CCC(Cc4ccccc4)CC3)cc(O)c12,active,728.9739999999999,9.393,1,7,6.173925197299173
CHEMBL4777818,O=c1cc(-c2ccc(OCCCCN3CCN(Cc4ccccc4)CC3)cc2)oc2cc(OCCCCN3CCN(Cc4ccccc4)CC3)cc(O)c12,active,730.9499999999999,7.119200000000009,1,9,6.0
CHEMBL4792240,O=c1cc(-c2ccc(OCCCCN3CCc4ccccc4C3)cc2)oc2cc(OCCCCN3CCc4ccccc4C3)cc(O)c12,active,644.8120000000002,7.600200000000009,1,7,6.229147988357855
CHEMBL4783427,CCN(CCCCOc1ccc(-c2cc(=O)c3c(O)cc(OCCCCN(CC)Cc4ccccc4)cc3o2)cc1)Cc1ccccc1,active,648.8440000000004,8.527800000000006,1,7,6.443697499232712
CHEMBL4795152,O=C1CC(c2ccc(OCCCCN3CCN(Cc4ccccc4)CC3)cc2)Oc2cc(OCCCCN3CCN(Cc4ccccc4)CC3)cc(O)c21,inactive,732.9659999999999,7.05230000000001,1,9,4.728158393463501
CHEMBL4794189,O=C1CC(c2ccc(OCCCCN3CCc4ccccc4C3)cc2)Oc2cc(OCCCCN3CCc4ccccc4C3)cc(O)c21,inactive,646.8280000000003,7.53330000000001,1,7,4.87942606879415
CHEMBL4796736,O=c1c(-c2ccc(OCCCCN3CCN(Cc4ccccc4)CC3)cc2)coc2cc(OCCCCN3CCN(Cc4ccccc4)CC3)cc(O)c12,inactive,730.9499999999998,7.11920000000001,1,9,4.600326278518962
CHEMBL4787690,O=c1c(-c2ccc(OCCCCN3CCCCC3)cc2)coc2cc(OCCCCN3CCCCC3)cc(O)c12,active,548.7240000000004,6.455400000000009,1,7,6.0915149811213505
CHEMBL4793096,O=C(/C=C/c1ccc(OCCCCN2CCC(Cc3ccccc3)CC2)cc1)c1c(O)cc(OCCCCN2CCC(Cc3ccccc3)CC2)cc1O,inactive,730.9899999999999,9.221300000000001,2,7,4.924453038607469
CHEMBL502,COc1cc2c(cc1OC)C(=O)C(CC1CCN(Cc3ccccc3)CC1)C2,active,379.50000000000017,4.361100000000004,0,4,8.045757490560675
CHEMBL4797136,COc1cc(/C=C/C(=O)NCC(=O)Nc2ccccc2C)ccc1O,inactive,340.3790000000001,2.477320000000001,3,4,4.788612447063141
CHEMBL4797133,COc1cc(/C=C/C(=O)NCC(=O)Nc2cccc(C)c2)ccc1O,inactive,340.3790000000001,2.477320000000001,3,4,4.723308471154961
CHEMBL4784756,COc1cc(/C=C/C(=O)NCC(=O)Nc2ccc(C)cc2)ccc1O,inactive,340.379,2.477320000000001,3,4,4.898940645091884
CHEMBL4789401,COc1ccc(NC(=O)CNC(=O)/C=C/c2ccc(O)c(OC)c2)cc1,inactive,356.3780000000001,2.1775,3,5,4.762205006726077
CHEMBL4787493,COc1cc(/C=C/C(=O)NCC(=O)Nc2ccccc2C(F)(F)F)ccc1O,inactive,394.34900000000005,3.187700000000001,3,4,4.8195873671616765
CHEMBL4777188,COc1cc(/C=C/C(=O)NCC(=O)Nc2cccc(Br)c2)ccc1O,inactive,405.24800000000005,2.9314000000000013,3,4,4.883724412419456
CHEMBL4782581,COc1cc(/C=C/C(=O)NCC(=O)Nc2ccc(Br)cc2)ccc1O,inactive,405.24800000000005,2.9314000000000013,3,4,4.989700043360188
CHEMBL4796414,COc1cc(/C=C/C(=O)NCC(=O)Nc2ccccc2F)ccc1O,inactive,344.34200000000004,2.3080000000000003,3,4,4.763714722551971
CHEMBL4799350,COc1cc(/C=C/C(=O)NCC(=O)Nc2cccc(F)c2)ccc1O,inactive,344.34200000000004,2.3080000000000003,3,4,4.65521487736734
CHEMBL4787804,COc1cc(/C=C/C(=O)NCC(=O)Nc2ccc(F)cc2)ccc1O,inactive,344.34200000000004,2.3080000000000003,3,4,4.888401475119606
CHEMBL4793936,COc1cc(/C=C/C(=O)NCC(=O)Nc2cccc(C#N)c2)ccc1O,inactive,351.3620000000001,2.04058,3,5,4.795608668080701
CHEMBL4784543,COc1cc(/C=C/C(=O)NCC(=O)Nc2ccc(C#N)cc2)ccc1O,inactive,351.362,2.04058,3,5,4.758702612890007
CHEMBL4788557,COc1cc(/C=C/C(=O)NCC(=O)Nc2ccccc2)ccc1O,inactive,326.35200000000003,2.1689000000000003,3,4,4.658763376761308
CHEMBL4786736,COc1cc(/C=C/C(=O)N2CCN(c3ccccc3)CC2)ccc1O,inactive,338.4070000000001,2.7628000000000017,1,4,4.532539890492736
CHEMBL4779302,COc1cc(/C=C/C(=O)N2CCN(c3ccc(F)cc3)CC2)ccc1O,inactive,356.39700000000005,2.9019000000000017,1,4,4.95703092660682
CHEMBL4785572,COc1cc(/C=C/C(=O)N2CCN(c3cccc([N+](=O)[O-])c3)CC2)ccc1O,inactive,383.4040000000001,2.6710000000000016,1,6,4.6302277114030375
CHEMBL4791662,COc1ccc(N2CCN(C(=O)/C=C/c3ccc(O)c(OC)c3)CC2)cc1,inactive,368.43300000000016,2.7714000000000008,1,5,4.919012953089113
CHEMBL4788008,COc1cc(/C=C/C(=O)N2CCN(c3ccc(Cl)cc3)CC2)ccc1O,inactive,372.8520000000001,3.416200000000003,1,4,4.952725132615821
CHEMBL4781376,COc1cc(/C=C/C(=O)N2CCN(c3ccc(C)cc3)CC2)ccc1O,inactive,352.4340000000001,3.0712200000000025,1,4,4.710411047457403
CHEMBL502,COc1cc2c(cc1OC)C(=O)C(CC1CCN(Cc3ccccc3)CC1)C2,active,379.50000000000017,4.361100000000004,0,4,7.522878745280337
CHEMBL1201092,CCN(C)C(=O)Oc1cccc([C@H](C)N(C)C)c1.O=C(O)[C@H](O)[C@@H](O)C(=O)O,inactive,400.4280000000001,0.6371000000000009,4,7,4.703334809738469
CHEMBL4792310,CCN(C)C(=O)OCC1CCCN(C2Cc3ccccc3C2)C1,inactive,316.44500000000005,2.9541000000000013,0,3,4.0
CHEMBL4786091,CCN(C)C(=O)OC1CCCN(C2Cc3ccccc3C2)C1,inactive,302.41800000000006,2.706500000000001,0,3,4.0
CHEMBL4792483,CCN(C)C(=O)OCC1CCCN(Cc2ccccc2)C1,inactive,290.407,2.986900000000002,0,3,4.015022873584507
CHEMBL4782186,CCN(C)C(=O)OC1CCCN(Cc2ccccc2)C1,inactive,276.38,2.739300000000001,0,3,4.0
CHEMBL4786153,C#CCN1CCCC(COC(=O)N(C)CC)C1,inactive,238.33099999999996,1.4199000000000002,0,3,4.0
CHEMBL4789240,C#CCN1CCCC(OC(=O)N(C)CC)C1,inactive,224.30399999999995,1.1723,0,3,4.0
CHEMBL4785480,CC(C)c1ccc(NC(=O)OCC2CCCN(C3Cc4ccccc4C3)C2)cc1,inactive,392.5430000000001,5.237900000000005,1,3,4.728158393463501
CHEMBL4792208,CC(C)c1ccc(NC(=O)OCC2CCCN(Cc3ccccc3)C2)cc1,inactive,366.505,5.270700000000005,1,3,4.82102305270683
CHEMBL4800026,CC(C)c1ccc(NC(=O)OC2CCCN(Cc3ccccc3)C2)cc1,inactive,352.478,5.023100000000004,1,3,4.0
CHEMBL4779749,C#CCN1CCCC(COC(=O)Nc2ccc(C(C)C)cc2)C1,inactive,314.4290000000001,3.703700000000003,1,3,4.0
CHEMBL4798315,C#CCN1CCCC(OC(=O)Nc2ccc(C(C)C)cc2)C1,inactive,300.40200000000004,3.456100000000003,1,3,4.0
CHEMBL4782697,O=C(Nc1ccccc1)OCC1CCCN(C2Cc3ccccc3C2)C1,inactive,350.46200000000005,4.114500000000003,1,3,4.0
CHEMBL4782422,O=C(Nc1ccccc1)OC1CCCN(C2Cc3ccccc3C2)C1,inactive,336.43500000000006,3.866900000000003,1,3,4.0
CHEMBL4788813,O=C(Nc1ccccc1)OCC1CCCN(Cc2ccccc2)C1,inactive,324.424,4.147300000000003,1,3,4.1732774798310075
CHEMBL4792506,O=C(Nc1ccccc1)OC1CCCN(Cc2ccccc2)C1,inactive,310.397,3.899700000000003,1,3,4.0
CHEMBL4783379,C#CCN1CCCC(COC(=O)Nc2ccccc2)C1,inactive,272.34800000000007,2.5803000000000003,1,3,4.0
CHEMBL4780895,C#CCN1CCCC(OC(=O)Nc2ccccc2)C1,inactive,258.321,2.3327,1,3,4.0
CHEMBL4800467,CCN(C)C(=O)OCC1CCN(C2Cc3ccccc3C2)CC1,inactive,316.4450000000001,2.9541000000000013,0,3,4.0
CHEMBL4785240,CCN(C)C(=O)OC1CCN(C2Cc3ccccc3C2)CC1,inactive,302.4180000000001,2.706500000000001,0,3,4.0
CHEMBL4799313,CCN(C)C(=O)OCC1CCN(Cc2ccccc2)CC1,inactive,290.40700000000004,2.986900000000001,0,3,4.142667503568732
CHEMBL4798907,CCN(C)C(=O)OC1CCN(Cc2ccccc2)CC1,inactive,276.38000000000005,2.739300000000001,0,3,4.0
CHEMBL4777039,C#CCN1CCC(COC(=O)N(C)CC)CC1,inactive,238.33099999999993,1.4198999999999997,0,3,4.0
CHEMBL4793319,C#CCN1CCC(OC(=O)N(C)CC)CC1,inactive,224.30399999999995,1.1723,0,3,4.0
CHEMBL4793387,O=C(Nc1ccccc1)OCC1CCN(C2Cc3ccccc3C2)CC1,inactive,350.4620000000001,4.114500000000004,1,3,4.0
CHEMBL4792634,C#CCN1CCC(OC(=O)Nc2ccc(C(C)C)cc2)CC1,inactive,300.4020000000001,3.456100000000003,1,3,4.0
CHEMBL4792289,C#CCN1CCC(COC(=O)Nc2ccc(C(C)C)cc2)CC1,inactive,314.4290000000001,3.703700000000003,1,3,4.0
CHEMBL4783852,CC(C)c1ccc(NC(=O)OC2CCN(Cc3ccccc3)CC2)cc1,inactive,352.47800000000007,5.023100000000005,1,3,4.0
CHEMBL1201142,C#CCN[C@@H]1CCc2ccccc21.CS(=O)(=O)O,inactive,267.34999999999997,1.4007,2,3,4.0
CHEMBL4799709,O=C(Nc1ccccc1)OC1CCN(C2Cc3ccccc3C2)CC1,inactive,336.4350000000001,3.866900000000003,1,3,4.71669877129645
CHEMBL4794030,O=C(Nc1ccccc1)OC1CCN(Cc2ccccc2)CC1,inactive,310.39700000000005,3.899700000000003,1,3,4.0
CHEMBL4779214,C#CCN1CCC(COC(=O)Nc2ccccc2)CC1,inactive,272.34800000000007,2.580300000000001,1,3,4.0
CHEMBL4791143,C#CCN1CCC(OC(=O)Nc2ccccc2)CC1,inactive,258.321,2.332700000000001,1,3,4.0
CHEMBL4792299,C#CCN1CCC(O)CC1,inactive,139.19799999999998,0.07630000000000009,1,2,4.0
CHEMBL4782857,C#CCN1CCCC(O)C1,inactive,139.19799999999998,0.07630000000000009,1,2,4.0
CHEMBL4780248,C#CCN1CCC(CO)CC1,inactive,153.22499999999997,0.32390000000000013,1,2,4.0
CHEMBL4780765,C#CCN1CCCC(CO)C1,inactive,153.225,0.32390000000000013,1,2,4.0
CHEMBL4796237,OC1CCN(Cc2ccccc2)CC1,inactive,191.27399999999997,1.6433000000000002,1,2,4.0
CHEMBL1504199,OC1CCCN(Cc2ccccc2)C1,inactive,191.274,1.6433000000000002,1,2,4.0
CHEMBL4529341,OCC1CCN(Cc2ccccc2)CC1,inactive,205.30100000000002,1.8909,1,2,4.0
CHEMBL4571402,OCC1CCCN(Cc2ccccc2)C1,inactive,205.30100000000004,1.8909,1,2,4.0
CHEMBL4779393,OC1CCN(C2Cc3ccccc3C2)CC1,inactive,217.31199999999995,1.6105,1,2,4.0
CHEMBL4796026,OC1CCCN(C2Cc3ccccc3C2)C1,inactive,217.31199999999998,1.6105,1,2,4.0
CHEMBL4797900,OCC1CCN(C2Cc3ccccc3C2)CC1,inactive,231.339,1.8580999999999999,1,2,4.0
CHEMBL4788729,OCC1CCCN(C2Cc3ccccc3C2)C1,inactive,231.339,1.8581,1,2,4.0
CHEMBL549,CN(C)CCCC1(c2ccc(F)cc2)OCc2cc(C#N)ccc21,inactive,324.39900000000006,3.812980000000003,0,3,4.134896025358872
CHEMBL4793718,O=C(CN1CCN(C(=O)c2ccccc2)CC1)N1CCN(CCCc2c[nH]c3ccccc23)CC1,inactive,473.6210000000004,2.702700000000001,1,4,4.301029995663981
CHEMBL4789608,O=C(CN1CCN(C(=O)c2ccc(Cl)cc2)CC1)N1CCN(CCCc2c[nH]c3ccccc23)CC1,inactive,508.06600000000043,3.3561000000000014,1,4,4.453457336521869
CHEMBL4782574,COc1ccc(C(=O)N2CCN(CC(=O)N3CCN(CCCc4c[nH]c5ccccc45)CC3)CC2)cc1,inactive,503.64700000000033,2.7113000000000014,1,5,4.600326278518962
CHEMBL4800589,O=C(CN1CCN(C(=O)c2ccc(Br)cc2)CC1)N1CCN(CCCc2c[nH]c3ccccc23)CC1,inactive,552.5170000000003,3.465200000000002,1,4,4.447331783887806
CHEMBL4782256,Cc1ccc(C(=O)N2CCN(CC(=O)N3CCN(CCCc4c[nH]c5ccccc45)CC3)CC2)cc1,inactive,487.64800000000037,3.011120000000001,1,4,4.531652669587842
CHEMBL4784248,O=C(CN1CCN(C(=O)c2ccc(F)cc2)CC1)N1CCN(CCCc2c[nH]c3ccccc23)CC1,inactive,491.6110000000004,2.841800000000001,1,4,4.404503778174426
CHEMBL4786386,O=C(CN1CCN(C(=O)c2cccc(Cl)c2)CC1)N1CCN(CCCc2c[nH]c3ccccc23)CC1,inactive,508.06600000000043,3.3561000000000014,1,4,4.489454989793388
CHEMBL4792068,COc1cccc(C(=O)N2CCN(CC(=O)N3CCN(CCCc4c[nH]c5ccccc45)CC3)CC2)c1,inactive,503.64700000000033,2.7113000000000005,1,5,4.301029995663981
CHEMBL4798408,O=C(CN1CCN(C(=O)c2cccc(Br)c2)CC1)N1CCN(CCCc2c[nH]c3ccccc23)CC1,inactive,552.5170000000003,3.465200000000001,1,4,4.638272163982407
CHEMBL4780578,O=C(CN1CCN(C(=O)c2cccc(F)c2)CC1)N1CCN(CCCc2c[nH]c3ccccc23)CC1,inactive,491.6110000000004,2.841800000000001,1,4,4.301029995663981
CHEMBL4790454,O=C(CN1CCN(C(=O)c2ccccc2F)CC1)N1CCN(CCCc2c[nH]c3ccccc23)CC1,inactive,491.6110000000004,2.841800000000001,1,4,4.694648630553377
CHEMBL4797232,O=C(CN1CCN(C(=O)c2ccccc2)CC1)N1CCN(CCCc2c[nH]c3ccc(F)cc23)CC1,inactive,491.6110000000004,2.841800000000002,1,4,4.301029995663981
CHEMBL4796328,O=C(CN1CCN(C(=O)c2ccc(Cl)cc2)CC1)N1CCN(CCCc2c[nH]c3ccc(F)cc23)CC1,inactive,526.0560000000003,3.4952000000000014,1,4,4.651695136951839
CHEMBL4800092,COc1ccc(C(=O)N2CCN(CC(=O)N3CCN(CCCc4c[nH]c5ccc(F)cc45)CC3)CC2)cc1,inactive,521.6370000000004,2.8504000000000014,1,5,4.841637507904751
CHEMBL4795221,O=C(CN1CCN(C(=O)c2ccc(Br)cc2)CC1)N1CCN(CCCc2c[nH]c3ccc(F)cc23)CC1,inactive,570.5070000000003,3.604300000000002,1,4,4.404503778174426
CHEMBL4781245,O=C(CN1CCN(C(=O)c2cccc(Cl)c2)CC1)N1CCN(CCCc2c[nH]c3ccc(F)cc23)CC1,inactive,526.0560000000003,3.4952000000000014,1,4,4.735182176990463
CHEMBL4776389,COc1cccc(C(=O)N2CCN(CC(=O)N3CCN(CCCc4c[nH]c5ccc(F)cc45)CC3)CC2)c1,inactive,521.6370000000004,2.8504000000000014,1,5,4.7121982700697735
CHEMBL4786300,O=C(CN1CCN(C(=O)c2cccc(Br)c2)CC1)N1CCN(CCCc2c[nH]c3ccc(F)cc23)CC1,inactive,570.5070000000003,3.604300000000001,1,4,4.428291168191312
CHEMBL4798858,O=C(CN1CCN(C(=O)c2cccc(F)c2)CC1)N1CCN(CCCc2c[nH]c3ccc(F)cc23)CC1,inactive,509.6010000000004,2.980900000000001,1,4,4.301029995663981
CHEMBL4777782,O=C(CN1CCN(C(=O)c2ccccc2Br)CC1)N1CCN(CCCc2c[nH]c3ccc(F)cc23)CC1,inactive,570.5070000000003,3.604300000000001,1,4,4.47755576649368
CHEMBL4798281,COc1ccc2[nH]cc(CCCN3CCN(C(=O)CN4CCN(C(=O)c5ccccc5)CC4)CC3)c2c1,inactive,503.64700000000033,2.7113000000000014,1,5,4.301029995663981
CHEMBL4796660,COc1ccc2[nH]cc(CCCN3CCN(C(=O)CN4CCN(C(=O)c5ccc(Cl)cc5)CC4)CC3)c2c1,inactive,538.0920000000003,3.3647000000000027,1,5,4.301029995663981
CHEMBL4786778,COc1ccc(C(=O)N2CCN(CC(=O)N3CCN(CCCc4c[nH]c5ccc(OC)cc45)CC3)CC2)cc1,inactive,533.6730000000005,2.7199000000000018,1,6,4.301029995663981
CHEMBL4785035,COc1ccc2[nH]cc(CCCN3CCN(C(=O)CN4CCN(C(=O)c5ccc(Br)cc5)CC4)CC3)c2c1,inactive,582.5429999999999,3.4738000000000024,1,5,4.301029995663981
CHEMBL4788937,COc1ccc2[nH]cc(CCCN3CCN(C(=O)CN4CCN(C(=O)c5ccc(C)cc5)CC4)CC3)c2c1,inactive,517.6740000000004,3.019720000000002,1,5,4.301029995663981
CHEMBL4792702,COc1ccc2[nH]cc(CCCN3CCN(C(=O)CN4CCN(C(=O)c5ccc(F)cc5)CC4)CC3)c2c1,inactive,521.6370000000004,2.8504000000000014,1,5,4.301029995663981
CHEMBL4780560,COc1ccc2[nH]cc(CCCN3CCN(C(=O)CN4CCN(C(=O)c5cccc(Cl)c5)CC4)CC3)c2c1,inactive,538.0920000000003,3.3647000000000027,1,5,4.301029995663981
CHEMBL4799265,COc1cccc(C(=O)N2CCN(CC(=O)N3CCN(CCCc4c[nH]c5ccc(OC)cc45)CC3)CC2)c1,inactive,533.6730000000003,2.7199000000000018,1,6,4.301029995663981
CHEMBL4785452,COc1ccc2[nH]cc(CCCN3CCN(C(=O)CN4CCN(C(=O)c5cccc(Br)c5)CC4)CC3)c2c1,inactive,582.5429999999999,3.4738000000000024,1,5,4.301029995663981
CHEMBL4783315,COc1ccc2[nH]cc(CCCN3CCN(C(=O)CN4CCN(C(=O)c5cccc(F)c5)CC4)CC3)c2c1,inactive,521.6370000000004,2.8504000000000014,1,5,4.428291168191312
CHEMBL4778249,COc1ccc2[nH]cc(CCCN3CCN(C(=O)CN4CCN(C(=O)c5ccccc5Br)CC4)CC3)c2c1,inactive,582.5429999999999,3.4738000000000024,1,5,4.301029995663981
CHEMBL4799601,COc1cccc2cc[n+](-c3ccc(C(F)(F)F)cc3)cc12.[Br-],active,384.19499999999994,1.1479000000000001,0,1,6.161150909262744
CHEMBL4797466,COc1cccc2cc[n+](-c3cccc(C(F)(F)F)c3)cc12.[Br-],inactive,384.195,1.1479000000000001,0,1,5.0
CHEMBL4783762,COc1cccc2cc[n+](-c3ccccc3C(F)(F)F)cc12.[Br-],inactive,384.195,1.1479000000000001,0,1,5.0
CHEMBL4793631,COc1cccc2cc[n+](-c3ccc(I)cc3)cc12.[Br-],active,442.094,0.7336999999999996,0,1,6.142667503568731
CHEMBL4784275,COc1cccc2cc[n+](-c3cccc(I)c3)cc12.[Br-],inactive,442.094,0.7337,0,1,5.0
CHEMBL4789019,COc1cccc2cc[n+](-c3ccc(Br)cc3)cc12.[Br-],active,395.094,0.8915999999999997,0,1,6.721246399047171
CHEMBL4791833,COc1cccc2cc[n+](-c3cccc(Br)c3)cc12.[Br-],inactive,395.094,0.8915999999999997,0,1,5.0
CHEMBL4781509,COc1cccc2cc[n+](-c3ccc(Cl)cc3)cc12.[Br-],active,350.643,0.7824999999999995,0,1,6.769551078621726
CHEMBL4796540,COc1cccc2cc[n+](-c3ccc(F)cc3)cc12.[Br-],active,334.188,0.26819999999999955,0,1,6.173925197299173
CHEMBL4795263,COc1cccc2cc[n+](-c3ccc(C#N)cc3)cc12.[Br-],inactive,341.20799999999997,0.0007800000000000029,0,2,5.0
CHEMBL4785258,COc1ccccc1-[n+]1ccc2cccc(OC)c2c1.[Br-],inactive,346.224,0.1376999999999995,0,2,5.0
CHEMBL4797670,COc1ccc(-[n+]2ccc3cccc(OC)c3c2)cc1.[Br-],active,346.224,0.1376999999999997,0,2,6.853871964321762
CHEMBL4797691,COc1cccc2cc[n+](-c3cc(Cl)cc(Cl)c3)cc12.[Br-],inactive,385.088,1.4359000000000002,0,1,5.0
CHEMBL4789238,COc1cccc2cc[n+](-c3ccc(Br)cc3Br)cc12.[Br-],active,473.99,1.6541000000000001,0,1,6.2441251443275085
CHEMBL4776809,COc1cccc2cc[n+](-c3ccc(Br)cc3F)cc12.[Br-],active,413.084,1.0307000000000004,0,1,6.045757490560675
CHEMBL3893741,COc1cccc2c1C=[N+](c1cccc(F)c1)CC2.[Br-],inactive,336.20399999999995,0.15749999999999975,0,1,5.0
CHEMBL3970993,COc1cccc2c1C=[N+](c1ccccc1Cl)CC2.[Br-],inactive,352.65900000000005,0.6717999999999995,0,1,5.0
CHEMBL3899601,COc1cccc2c1C=[N+](c1cccc(Cl)c1)CC2.[Br-],inactive,352.65900000000005,0.6718,0,1,5.0
CHEMBL3914364,COc1cccc2c1C=[N+](c1ccc(Cl)cc1)CC2.[Br-],active,352.65900000000005,0.6718,0,1,6.494850021680094
CHEMBL3916407,COc1cccc2c1C=[N+](c1cccc(Br)c1)CC2.[Br-],inactive,397.11000000000007,0.7809000000000001,0,1,5.0
CHEMBL3986155,COc1cccc2c1C=[N+](c1ccc(Br)cc1)CC2.[Br-],active,397.11000000000007,0.7809000000000001,0,1,6.552841968657781
CHEMBL3897347,COc1cccc2c1C=[N+](c1cccc(I)c1)CC2.[Br-],inactive,444.11000000000007,0.623,0,1,5.0
CHEMBL3906317,COc1cccc2c1C=[N+](c1ccccc1C(F)(F)F)CC2.[Br-],inactive,386.21100000000007,1.0371999999999997,0,1,5.0
CHEMBL3943261,COc1cccc2c1C=[N+](c1cccc(C(F)(F)F)c1)CC2.[Br-],inactive,386.21100000000007,1.0371999999999997,0,1,5.0
CHEMBL3892569,COc1cccc2c1C=[N+](c1ccccc1C#N)CC2.[Br-],inactive,343.224,-0.10992000000000024,0,2,5.0
CHEMBL3901518,COc1cccc2c1C=[N+](c1ccc(C#N)cc1)CC2.[Br-],inactive,343.224,-0.10992000000000024,0,2,5.0
CHEMBL3957605,COc1cccc2c1C=[N+](c1ccc(C)cc1)CC2.[Br-],active,332.241,0.32681999999999967,0,1,6.275724130399211
CHEMBL3986315,COc1ccccc1[N+]1=Cc2c(cccc2OC)CC1.[Br-],inactive,348.24,0.026999999999999913,0,2,5.0
CHEMBL3953893,COc1cccc2c1C=[N+](c1cc(Cl)cc(Cl)c1)CC2.[Br-],inactive,387.10400000000004,1.3252000000000002,0,1,5.0
CHEMBL4779440,Brc1ccc([N+]2=Cc3ccccc3CC2)cc1.[Br-],inactive,367.084,0.7722999999999998,0,0,4.978810700930062
CHEMBL659,COc1ccc2c3c1O[C@H]1C[C@@H](O)C=C[C@@]31CCN(C)C2,active,287.35900000000004,1.8503,1,4,6.102372908709558
CHEMBL95,Nc1c2c(nc3ccccc13)CCCC2,active,198.26899999999992,2.695800000000001,1,2,6.6020599913279625
CHEMBL502,COc1cc2c(cc1OC)C(=O)C(CC1CCN(Cc3ccccc3)CC1)C2,active,379.50000000000017,4.361100000000004,0,4,7.522878745280337
CHEMBL3085398,C=CC(C)(C)c1cc([C@@H]2CC(=O)c3c(O)cc(O)c(CC=C(C)C)c3O2)c(O)cc1O,inactive,424.4930000000002,5.187800000000007,4,6,4.5379016188648444
CHEMBL253998,CC(C)=CCc1c(O)cc(O)c2c1O[C@H](c1ccccc1)CC2=O,active,324.3760000000001,4.313000000000003,2,4,8.193820026016112
CHEMBL94,CNC(=O)Oc1ccc2c(c1)[C@]1(C)CCN(C)[C@@H]1N2C,active,275.352,1.7739,1,4,7.096910013008056
CHEMBL4848801,COc1cc(/C=C/C(=O)N2CCN(Cc3ccccc3)CC2)ccc1O,inactive,352.4340000000001,2.7584000000000013,1,4,4.87484417041947
CHEMBL4851290,COc1cccc(CN2CCN(C(=O)/C=C/c3ccc(O)c(OC)c3)CC2)c1,inactive,382.46000000000015,2.7670000000000012,1,5,4.818728228440539
CHEMBL4856895,COc1ccc(CN2CCN(C(=O)/C=C/c3ccc(O)c(OC)c3)CC2)cc1,inactive,382.46000000000015,2.7670000000000012,1,5,4.785421046429501
CHEMBL4868234,COc1cc(/C=C/C(=O)N2CCN(Cc3cccc(Cl)c3)CC2)ccc1O,inactive,386.8790000000001,3.4118000000000026,1,4,4.811634073936852
CHEMBL4873165,COc1cc(/C=C/C(=O)N2CCN(Cc3cccc(F)c3)CC2)ccc1O,inactive,370.4240000000001,2.897500000000002,1,4,4.881735273910521
CHEMBL4864801,COc1cc(/C=C/C(=O)N2CCN(Cc3ccc(F)cc3)CC2)ccc1O,inactive,370.4240000000001,2.897500000000002,1,4,4.837435593476981
CHEMBL4860467,COc1cc(/C=C/C(=O)NCCC(=O)Nc2ccccc2)ccc1O,inactive,340.379,2.5590000000000015,3,4,4.831207979685818
CHEMBL4869703,COc1ccc2[nH]cc(CCNC(=O)CNC(=O)/C=C/c3ccc(O)c(OC)c3)c2c1,active,423.4690000000001,2.3789999999999996,4,5,6.017728766960431
CHEMBL4866457,COc1cc(/C=C/C(=O)NCC(=O)NCCc2c[nH]c3ccc(Cl)cc23)ccc1O,active,427.8880000000001,3.023800000000002,4,4,6.075720713938118
CHEMBL502,COc1cc2c(cc1OC)C(=O)C(CC1CCN(Cc3ccccc3)CC1)C2,active,379.50000000000017,4.361100000000004,0,4,7.221848749616356
CHEMBL4788557,COc1cc(/C=C/C(=O)NCC(=O)Nc2ccccc2)ccc1O,inactive,326.35200000000003,2.1689000000000003,3,4,4.658763376761308
CHEMBL4874576,Cc1ccc2nc3c(c(N)c2c1)CCC3.Cl,inactive,234.72999999999996,3.0359200000000013,1,2,5.0
CHEMBL4876362,Cc1ccc2nc3c(c(N)c2c1)CCCC3.Cl,inactive,248.75699999999995,3.4260200000000016,1,2,4.809668301829708
CHEMBL4861913,Cc1ccc2nc3c(c(N)c2c1)CCCCC3.Cl,inactive,262.78399999999993,3.816120000000003,1,2,4.647817481888637
CHEMBL4867284,Cl.Nc1c2c(nc3ccc(Br)cc13)CCCCC2,inactive,327.65300000000025,4.270200000000002,1,2,4.860120913598763
CHEMBL4864954,Cl.Nc1c2c(nc3c(Cl)cc(Cl)cc13)CCC2,inactive,289.59300000000013,4.034300000000002,1,2,4.882728704344236
CHEMBL4868050,Cl.Nc1c2c(nc3c(Br)cc(Br)cc13)CCC2,inactive,378.4950000000002,4.252500000000001,1,2,4.82102305270683
CHEMBL4869162,Cl.Nc1c2c(nc3c(Br)cc(Br)cc13)CCCCC2,inactive,406.54900000000026,5.032700000000002,1,2,4.82102305270683
CHEMBL4854713,Cl.Nc1c2c(nc3ccc(F)cc13)CCC2,active,238.69299999999996,2.866600000000001,1,2,6.1791420105603
CHEMBL4848417,Cl.Nc1c2c(nc3ccc(F)cc13)CCCC2,active,252.71999999999994,3.2567000000000013,1,2,6.009661145212399
CHEMBL4865745,Cl.Nc1c2c(nc3ccc(F)cc13)CCCCC2,active,266.74699999999996,3.6468000000000016,1,2,6.204815410317576
CHEMBL4862288,Cl.Nc1c2c(nc3cccc(Cl)c13)CCCC2,active,269.175,3.7710000000000017,1,2,7.476253533188435
CHEMBL4859173,Cl.Nc1c2c(nc3cccc(Cl)c13)CCCCC2,inactive,283.20200000000006,4.161100000000002,1,2,3.6516951369518393
CHEMBL4857969,Cc1ccc2c(N)c3c(nc2c1)CCC3.Cl,active,234.73,3.0359200000000013,1,2,6.459670525209126
CHEMBL4858901,Cc1ccc2c(N)c3c(nc2c1)CCCC3.Cl,active,248.75699999999998,3.4260200000000016,1,2,7.142667503568731
CHEMBL4845734,Cc1ccc2c(N)c3c(nc2c1)CCCCC3.Cl,active,262.78399999999993,3.816120000000003,1,2,6.982966660701219
CHEMBL4859128,Cc1cccc2nc3c(c(N)c12)CCC3.Cl,active,234.72999999999996,3.0359200000000013,1,2,6.3819519032879075
CHEMBL4873501,Cc1cccc2nc3c(c(N)c12)CCCC3.Cl,active,248.75699999999995,3.4260200000000016,1,2,6.903089986991944
CHEMBL4856125,Cc1cccc2nc3c(c(N)c12)CCCCC3.Cl,active,262.78399999999993,3.816120000000003,1,2,6.5934598195660445
CHEMBL4872783,COc1ccc2nc3c(c(N)c2c1)CCCC3.Cl,inactive,264.7559999999999,3.126200000000002,1,3,5.0
CHEMBL4874599,COc1ccc2nc3c(c(N)c2c1)CCCCC3.Cl,inactive,278.7829999999999,3.5163000000000024,1,3,4.7544873321858505
CHEMBL95,Nc1c2c(nc3ccccc13)CCCC2,active,198.26899999999992,2.695800000000001,1,2,6.494850021680094
CHEMBL4853637,CCOC(=O)/C(=N\Nc1cccc(C)c1)C(=O)C(F)(F)F,inactive,302.252,2.457420000000001,1,5,4.517126416391246
CHEMBL4854298,CCOC(=O)/C(=N\Nc1ccccc1[N+](=O)[O-])C(=O)C(F)(F)F,active,333.22200000000004,2.0572,1,7,6.11975822410452
CHEMBL4847987,CCOC(=O)/C(=N\Nc1ccccc1C(=O)OCC)C(=O)C(F)(F)F,active,360.28800000000007,2.3257000000000003,1,7,6.317854923626168
CHEMBL4849436,COC(=O)/C(=N\Nc1ccccc1)C(=O)C(F)(F)F,inactive,274.198,1.7589000000000001,1,5,4.696803942579511
CHEMBL4868687,COC(=O)/C(=N\Nc1ccc(C)cc1)C(=O)C(F)(F)F,inactive,288.22499999999997,2.06732,1,5,4.548213564475709
CHEMBL4872772,COC(=O)/C(=N\Nc1ccc(OC)cc1)C(=O)C(F)(F)F,inactive,304.224,1.7675,1,6,4.518557371497695
CHEMBL4855838,COC(=O)/C(=N\Nc1ccccc1[N+](=O)[O-])C(=O)C(F)(F)F,inactive,319.195,1.6671,1,7,4.679853713888946
CHEMBL1995010,Cc1ccc(S(=O)(=O)SCc2ccccc2)cc1,active,278.398,3.6171200000000026,0,3,6.286173575619475
CHEMBL4845755,Cc1ccc(S(=O)(=O)SCc2ccc(F)cc2)cc1,active,296.388,3.7562200000000026,0,3,6.505149978319906
CHEMBL4863431,Cc1ccc(S(=O)(=O)SCc2ccc(Cl)cc2)cc1,active,312.843,4.270520000000004,0,3,6.320390428220244
CHEMBL4867081,Cc1ccc(S(=O)(=O)SCc2ccc([N+](=O)[O-])cc2)cc1,active,323.39500000000004,3.5253200000000025,0,5,6.673050005834001
CHEMBL4858117,Cc1ccc(S(=O)(=O)SCc2ccc(C#N)cc2)cc1,active,303.408,3.488800000000002,0,4,6.708409174341999
CHEMBL4868918,Cc1ccc(S(=O)(=O)SCc2ccc(C(F)(F)F)cc2)cc1,active,346.395,4.635920000000003,0,3,7.062482107982653
CHEMBL4860610,Cc1ccc(S(=O)(=O)SCc2ccc(OC(F)(F)F)cc2)cc1,active,362.394,4.515720000000003,0,4,6.888065723667318
CHEMBL4875944,COc1ccc(CSS(=O)(=O)c2ccc(C)cc2)cc1,active,308.424,3.625720000000003,0,4,6.31140222491883
CHEMBL4871975,Cc1ccc(S(=O)(=O)SCc2ccc(C(C)C)cc2)cc1,active,320.47900000000004,4.7405200000000045,0,3,7.924453038607469
CHEMBL4852721,Cc1ccc(S(=O)(=O)SCc2ccc(C(C)(C)C)cc2)cc1,active,334.50600000000003,4.914620000000005,0,3,6.753009300758451
CHEMBL636,CCN(C)C(=O)Oc1cccc([C@H](C)N(C)C)c1,active,250.34199999999998,2.7597000000000014,0,3,7.221848749616356
CHEMBL536047,CC1=CC2Cc3nc4cc(Cl)ccc4c(N)c3C(C1)C2.Cl,active,321.25100000000003,4.888200000000003,1,2,8.785156151952302
CHEMBL4874244,CC1=CC2Cc3nc4cc(Cl)ccc4c(NCCCCCNC(=O)[C@@H](N)Cc4c[nH]c5ccccc45)c3C(C1)C2.Cl.Cl,active,629.0760000000002,7.477500000000006,4,4,7.6439741428068775
CHEMBL4856400,CC1=CC2Cc3nc4cc(Cl)ccc4c(NCCCCCCNC(=O)[C@@H](N)Cc4c[nH]c5ccccc45)c3C(C1)C2.Cl.Cl,active,643.1030000000003,7.867600000000005,4,4,7.931814138253839
CHEMBL4878434,CC1=CC2Cc3nc4cc(Cl)ccc4c(NCCCCCCCNC(=O)[C@@H](N)Cc4c[nH]c5ccccc45)c3C(C1)C2.Cl.Cl,active,657.1300000000003,8.257700000000002,4,4,7.91721462968355
CHEMBL4556281,Cl.Cl.N[C@@H](Cc1c[nH]c2ccccc12)C(=O)NCCCCCCNc1c2c(nc3cc(Cl)ccc13)CCCC2,active,591.0270000000002,6.750400000000005,4,4,8.199970640755867
CHEMBL95,Nc1c2c(nc3ccccc13)CCCC2,active,198.26899999999992,2.695800000000001,1,2,6.494850021680094
CHEMBL292314,Nc1c2c(nc3cc(Cl)ccc13)CCCC2,active,232.71399999999994,3.3492000000000015,1,2,7.698970004336019
CHEMBL1256415,COc1ccc2nc3c(c(N)c2c1)CCCC3,inactive,228.29499999999993,2.7044000000000006,1,3,5.0
CHEMBL3605361,C[n+]1ccc2c(c1)c1ccccc1n2CCCCCCCCCn1c2ccccc2c2c[n+](C)ccc21.[I-].[I-],active,744.5030000000003,0.990300000000002,0,2,9.481486060122112
CHEMBL3605356,c1ccc2c(c1)c1cnccc1n2CCCCCCCCCn1c2ccccc2c2cnccc21,active,460.62500000000017,8.123300000000006,0,4,7.096910013008056
CHEMBL1712867,c1ccc(CN2CCc3[nH]c4ccccc4c3C2)cc1,inactive,262.356,3.726200000000002,1,1,4.690369832574101
CHEMBL4859070,Fc1ccc2[nH]c3c(c2c1)CN(Cc1ccccc1)CC3,inactive,280.34600000000006,3.865300000000002,1,1,4.7544873321858505
CHEMBL4856643,Cc1ccc2[nH]c3c(c2c1)CN(Cc1ccccc1)CC3,inactive,276.3830000000001,4.034620000000002,1,1,4.454692883534176
CHEMBL4849640,COc1ccc2[nH]c3c(c2c1)CN(Cc1ccccc1)CC3,inactive,292.38200000000006,3.7348000000000026,1,2,4.278189384787454
CHEMBL12540,c1ccc2c(c1)[nH]c1ccncc12,inactive,168.19899999999998,2.7161,1,1,4.669586226650809
CHEMBL4863376,Fc1ccc2[nH]c3ccncc3c2c1,inactive,186.189,2.8552,1,1,4.943095148663527
CHEMBL261855,Cc1ccc2[nH]c3ccncc3c2c1,inactive,182.226,3.0245200000000008,1,1,4.450996737974212
CHEMBL4846730,COc1ccc2[nH]c3ccncc3c2c1,inactive,198.225,2.7247000000000003,1,2,4.304518323509803
CHEMBL4855045,Cc1ccc2c(c1)c1cnccc1n2CCC(=O)N1c2ccccc2Sc2ccccc21,active,435.5520000000001,6.717520000000003,0,4,6.292429823902063
CHEMBL4850585,COc1ccc2c(c1)c1cnccc1n2CCC(=O)N1c2ccccc2Sc2ccccc21,active,451.5510000000001,6.4177000000000035,0,5,6.267606240177032
CHEMBL4857977,COc1ccc2[nH]c3cc[n+](C)cc3c2c1.[I-],inactive,340.164,-0.8417999999999992,1,1,4.8326826652518236
CHEMBL807,CC12CC3CC(C)(C1)CC(N)(C3)C2,active,179.307,2.6941000000000006,1,1,8.309803919971486
CHEMBL4863598,c1ccc2oc(C3CCNCC3)cc2c1,inactive,201.26899999999998,2.899800000000001,1,2,4.21339052735134
CHEMBL4873119,Oc1ccc(CN2CCC(c3cc4ccccc4o3)CC2)cc1,inactive,307.39300000000014,4.518000000000003,1,3,4.457299030551889
CHEMBL4863754,COc1ccc(CN2CCC(c3cc4ccccc4o3)CC2)cc1OC,inactive,351.4460000000002,4.8296000000000054,0,4,4.277530614115969
CHEMBL4871752,COc1ccc(CN2CCC(c3cc4ccccc4o3)CC2)cc1,inactive,321.42000000000013,4.821000000000005,0,3,4.03240522732811
CHEMBL4875660,COc1ccc(OC)c(CN2CCC(c3cc4ccccc4o3)CC2)c1,inactive,351.4460000000001,4.829600000000005,0,4,4.621602099051862
CHEMBL4855139,CCc1ccc(CN2CCC(c3cc4ccccc4o3)CC2)cc1,inactive,319.4480000000001,5.374800000000005,0,2,4.192262077985899
CHEMBL4878578,Clc1ccc(CN2CCC(c3cc4ccccc4o3)CC2)cc1,inactive,325.8390000000001,5.465800000000004,0,2,4.0063433713845376
CHEMBL4875517,Fc1ccc(CN2CCC(c3cc4ccccc4o3)CC2)cc1,inactive,309.3840000000001,4.951500000000005,0,2,4.671620396561262
CHEMBL4865381,O=C(c1ccccc1)c1c(C2CCN(Cc3ccccc3)CC2)oc2ccccc12,inactive,395.5020000000001,6.043400000000005,0,3,4.384365531122584
CHEMBL4849087,COc1ccc(C(=O)c2c(C3CCN(Cc4ccccc4)CC3)oc3ccccc23)cc1,inactive,425.52800000000013,6.052000000000006,0,4,4.316052869248487
CHEMBL4848309,COc1ccc(CN2CCC(c3oc4ccccc4c3C(=O)c3ccccc3)CC2)cc1OC,inactive,455.55400000000026,6.060600000000006,0,5,4.3438059378208145
CHEMBL4874487,COc1ccc(CN2CCC(c3oc4ccccc4c3C(=O)c3ccc(OC)c(OC)c3)CC2)cc1OC,inactive,515.6060000000003,6.077800000000007,0,7,4.167746629802992
CHEMBL4858801,COc1ccc(OC)c(CN2CCC(c3oc4ccccc4c3C(=O)c3ccccc3)CC2)c1,inactive,455.5540000000002,6.060600000000006,0,5,4.235151642806589
CHEMBL4848809,COc1ccc(OC)c(CN2CCC(c3oc4ccccc4c3C(=O)c3ccc(OC)c(OC)c3)CC2)c1,inactive,515.6060000000003,6.077800000000006,0,7,4.256411849840096
CHEMBL4857748,COc1ccc(C(=O)c2c(C3CCN(Cc4cc(OC)ccc4OC)CC3)oc3ccccc23)cc1,inactive,485.5800000000002,6.069200000000007,0,6,4.214812579970638
CHEMBL4853093,COc1ccc(CN2CCC(c3oc4ccccc4c3C(=O)c3ccccc3)CC2)cc1,inactive,425.5280000000002,6.052000000000006,0,4,4.0126466112642065
CHEMBL4845972,COc1ccc(CN2CCC(c3oc4ccccc4c3C(=O)c3ccc(OC)cc3)CC2)cc1,inactive,455.55400000000026,6.060600000000006,0,5,4.223807485252928
CHEMBL502,COc1cc2c(cc1OC)C(=O)C(CC1CCN(Cc3ccccc3)CC1)C2,active,379.50000000000017,4.361100000000004,0,4,8.0
CHEMBL4870877,O=C(CC1CCN(Cc2ccccc2)CC1)Nc1n[nH]c2cc(-c3cccnc3)ccc12,active,425.5360000000002,4.865700000000004,2,4,6.293282217663242
CHEMBL4846646,O=C(CC1CCN(Cc2ccccc2F)CC1)Nc1n[nH]c2cc(-c3cccnc3)ccc12,active,443.5260000000002,5.004800000000004,2,4,6.1605219526258015
CHEMBL4859041,O=C(CC1CCN(Cc2ccc(F)cc2)CC1)Nc1n[nH]c2cc(-c3cccnc3)ccc12,active,443.5260000000002,5.004800000000004,2,4,6.285670240254767
CHEMBL502,COc1cc2c(cc1OC)C(=O)C(CC1CCN(Cc3ccccc3)CC1)C2,active,379.50000000000017,4.361100000000004,0,4,7.356547323513812
CHEMBL4851865,Cc1cccc(CN2CCC(CNC(=O)c3cncc(NC(=O)c4ccnc(NC(=O)C5CC5)c4)c3)CC2)c1,inactive,526.6410000000003,4.027820000000003,3,6,2.196269829025456
CHEMBL4857680,COc1cccc(CN2CCC(CNC(=O)c3cncc(NC(=O)c4ccnc(NC(=O)C5CC5)c4)c3)CC2)c1,inactive,542.6400000000001,3.7280000000000015,3,7,5.0
CHEMBL4857955,O=C(Nc1cncc(C(=O)NC2CCN(Cc3ccccc3)CC2)c1)c1ccnc(NC(=O)C2CC2)c1,active,498.5870000000003,3.4718000000000018,3,6,6.206209615309181
CHEMBL4863960,O=C(Nc1cncc(OCC2CCN(Cc3ccccc3)CC2)c1)c1ccnc(NC(=O)C2CC2)c1,active,485.58800000000025,4.368400000000003,2,6,8.585026652029182
CHEMBL4865061,O=C(Nc1cncc(OCC2CCN(Cc3ccccc3F)CC2)c1)c1ccnc(NC(=O)C2CC2)c1,active,503.57800000000026,4.507500000000004,2,6,8.327902142064282
CHEMBL4873612,O=C(Nc1cncc(OCC2CCN(Cc3ccc(F)cc3)CC2)c1)c1ccnc(NC(=O)C2CC2)c1,active,503.57800000000026,4.507500000000004,2,6,9.0
CHEMBL4867249,O=C(Nc1cncc(OCC2CCN(Cc3ccccc3Cl)CC2)c1)c1ccnc(NC(=O)C2CC2)c1,active,520.0330000000002,5.021800000000004,2,6,7.088309841246139
CHEMBL4855714,O=C(Nc1cncc(OC2CCN(Cc3ccccc3)CC2)c1)c1ccnc(NC(=O)C2CC2)c1,inactive,471.56100000000026,4.120800000000003,2,6,5.0
CHEMBL4875903,CC(=O)Nc1cc(C(=O)Nc2cncc(OCC3CCN(Cc4ccc(F)cc4)CC3)c2)ccn1,active,477.54000000000025,4.1174000000000035,2,6,8.045757490560675
CHEMBL4877556,CC(=O)Nc1cc(C(=O)Nc2cccc(OCC3CCN(Cc4ccccc4)CC3)c2)ccn1,inactive,458.56200000000024,4.583300000000004,2,5,5.0
CHEMBL4862811,O=C(NC1CCN(Cc2ccccc2)CC1)c1cncc(NC(=O)c2ccnc3[nH]ccc23)c1,active,454.53400000000016,3.6046000000000014,3,5,6.446116973356125
CHEMBL4849828,O=C(NC1CCN(Cc2ccc(F)cc2)CC1)c1cncc(NC(=O)c2ccnc3[nH]ccc23)c1,active,472.52400000000017,3.7437000000000014,3,5,6.6439741428068775
CHEMBL4877175,O=C(Nc1cncc(OCC2CCN(Cc3ccccc3)CC2)c1)c1ccnc2[nH]ccc12,active,441.53500000000014,4.501200000000003,2,5,8.4089353929735
CHEMBL502,COc1cc2c(cc1OC)C(=O)C(CC1CCN(Cc3ccccc3)CC1)C2,active,379.50000000000017,4.361100000000004,0,4,7.7447274948966935
CHEMBL4849687,COc1ccc2[nH]cc(CCNC(=O)Cn3cc(CN4CCc5cc(OC)c(OC)cc5C4CCCN4C(=O)c5ccccc5C4=O)nn3)c2c1,inactive,691.7890000000002,4.319900000000003,2,10,4.399027104313252
CHEMBL4850061,COc1ccc2[nH]c(CCNC(=O)Cn3cc(CCCCN4CCc5cc(OC)c(OC)cc5C4CCCN4C(=O)c5ccccc5C4=O)nn3)cc2c1,inactive,733.8700000000002,5.142600000000004,2,10,3.7597004179972875
CHEMBL4864004,COc1ccc2[nH]c(CCNC(=O)CCCn3cc(CCCCN4CCc5cc(OC)c(OC)cc5C4CCCN4C(=O)c5ccccc5C4=O)nn3)cc2c1,inactive,761.924,5.922800000000007,2,10,3.799696817018415
CHEMBL4871815,COc1ccc2c3c1O[C@H]1C[C@@H](O)C=C[C@@]31CCN(CCCCc1cn(CC(=O)NCCc3c[nH]c4ccccc34)nn1)C2,active,596.7320000000002,3.6751000000000014,3,8,6.860120913598763
CHEMBL4855760,COc1ccc2c3c1O[C@H]1C[C@@H](O)C=C[C@@]31CCN(CCCCc1cn(CCCC(=O)NCCc3c[nH]c4ccccc34)nn1)C2,active,624.7860000000003,4.455300000000004,3,8,6.920818753952375
CHEMBL4869432,COc1ccc2c3c1O[C@H]1C[C@@H](O)C=C[C@@]31CCN(CCCCc1cn(CCCCC(=O)NCCc3c[nH]c4ccccc34)nn1)C2,active,638.8130000000003,4.845400000000004,3,8,7.508638306165727
CHEMBL4852686,COc1ccc2[nH]cc(CCNC(=O)Cn3cc(CCCCN4CC[C@@]56C=C[C@H](O)C[C@@H]5Oc5c(OC)ccc(c56)C4)nn3)c2c1,active,626.7580000000002,3.6837000000000026,3,9,7.638272163982407
CHEMBL4849427,COc1ccc2[nH]cc(CCNC(=O)CCCCn3cc(CCCCN4CC[C@@]56C=C[C@H](O)C[C@@H]5Oc5c(OC)ccc(c56)C4)nn3)c2c1,active,668.839,4.8540000000000045,3,9,7.7447274948966935
CHEMBL4853244,Cn1cc2cc(-c3ccc(N[C@H]4C[C@@H]5CN(CC6CCOCC6)C[C@@H]5C4)nn3)ccc2n1,inactive,432.57200000000023,3.579200000000003,1,7,5.0
CHEMBL4851711,Fc1ccccc1-c1ccc(N[C@H]2C[C@@H]3CN(CC4CCOCC4)C[C@@H]3C2)nn1,active,396.5100000000003,3.8316000000000026,1,5,8.769551078621726
CHEMBL4866930,CC1=CC2Cc3nc4cc(Cl)ccc4c(NCCCCCCCCCNC(=O)c4ccc[nH]c4=O)c3C(C1)C2,active,547.1430000000004,7.1451000000000064,3,4,8.739928612014925
CHEMBL4862716,CC1=CC2Cc3nc4cc(Cl)ccc4c(NCCCCCCCCCNS(=O)(=O)c4cn[nH]c4)c3C(C1)C2,active,556.1760000000003,6.728400000000005,3,5,8.619788758288394
CHEMBL4859103,CC1=CC2Cc3nc4cc(Cl)ccc4c(NCCCCCCCCCNC(=O)c4cc(O)cc(O)c4)c3C(C1)C2,active,562.1540000000003,7.868000000000007,4,5,8.590066876668706
CHEMBL4863615,CC1=CC2Cc3nc4cc(Cl)ccc4c(NCCCCCCCCC(=O)Nc4cn[nH]c4)c3C(C1)C2,active,506.0940000000005,7.388600000000006,3,4,8.621602099051863
CHEMBL4854913,CC1=CC2Cc3nc4cc(Cl)ccc4c(NCCCCCCCCC(=O)N4CCNC(=O)C4)c3C(C1)C2,active,523.1210000000005,5.985200000000004,2,4,9.387216143280265
CHEMBL4848527,CC1=CC2Cc3nc4cc(Cl)ccc4c(NCCCCCCCCC(=O)NCc4cc[nH]c(=O)c4)c3C(C1)C2,active,547.1430000000004,7.0315000000000065,3,4,9.200659450546418
CHEMBL4872514,COc1cc(CNC(=O)CCCCCCCCNc2c3c(nc4cc(Cl)ccc24)CC2C=C(C)CC3C2)ccn1,active,561.1700000000002,7.7468000000000075,2,5,8.903089986991944
CHEMBL3304306,CC1=CC2Cc3nc4cc(Cl)ccc4c(NCCCCCCCCCNC(=O)c4cc(O)c5c(c4)C(=O)c4cccc(O)c4C5=O)c3C(C1)C2,active,692.2560000000003,8.643400000000002,4,7,8.443697499232712
CHEMBL140476,CC1=CC2Cc3nc4cc(Cl)ccc4c(N)c3C(C1)C2,active,284.7900000000001,4.466400000000003,1,2,8.97061622231479
CHEMBL502,COc1cc2c(cc1OC)C(=O)C(CC1CCN(Cc3ccccc3)CC1)C2,active,379.50000000000017,4.361100000000004,0,4,7.5718652059712115
CHEMBL4210016,CO[C@H]1C[C@H]2C(=C[C@@H]1O)[C@H]1CN2Cc2cc3c(cc21)OCO3,inactive,301.34200000000004,1.4026999999999998,1,5,4.0
CHEMBL5076593,CO[C@H]1C[C@H]2C(=C[C@@H]1OC(=O)c1ccccc1)[C@H]1CN2Cc2cc3c(cc21)OCO3,inactive,405.4500000000003,3.267400000000002,0,6,4.0
CHEMBL5090722,CO[C@H]1C[C@H]2C(=C[C@@H]1OC(=O)c1ccccc1C)[C@H]1CN2Cc2cc3c(cc21)OCO3,inactive,419.47700000000026,3.575820000000002,0,6,4.0
CHEMBL5081301,CO[C@H]1C[C@H]2C(=C[C@@H]1OC(=O)c1cccc(C)c1)[C@H]1CN2Cc2cc3c(cc21)OCO3,inactive,419.47700000000026,3.575820000000002,0,6,4.0
CHEMBL5080499,CO[C@H]1C[C@H]2C(=C[C@@H]1OC(=O)c1ccc(C)cc1)[C@H]1CN2Cc2cc3c(cc21)OCO3,inactive,419.47700000000026,3.575820000000002,0,6,4.0
CHEMBL5072956,COc1ccccc1C(=O)O[C@H]1C=C2[C@H]3CN(Cc4cc5c(cc43)OCO5)[C@H]2C[C@@H]1OC,inactive,435.4760000000002,3.2760000000000016,0,7,4.0
CHEMBL5078674,COc1cccc(C(=O)O[C@H]2C=C3[C@H]4CN(Cc5cc6c(cc54)OCO6)[C@H]3C[C@@H]2OC)c1,inactive,435.4760000000002,3.2760000000000016,0,7,4.0
CHEMBL5077963,COc1ccc(C(=O)O[C@H]2C=C3[C@H]4CN(Cc5cc6c(cc54)OCO6)[C@H]3C[C@@H]2OC)cc1,inactive,435.4760000000002,3.2760000000000016,0,7,4.0
CHEMBL5069654,COc1ccc(C(=O)O[C@H]2C=C3[C@H]4CN(Cc5cc6c(cc54)OCO6)[C@H]3C[C@@H]2OC)cc1OC,inactive,465.5020000000003,3.284600000000002,0,8,4.0
CHEMBL5082296,CO[C@H]1C[C@H]2C(=C[C@@H]1OC(=O)c1ccccc1[N+](=O)[O-])[C@H]1CN2Cc2cc3c(cc21)OCO3,inactive,450.44700000000034,3.175600000000002,0,8,4.0
CHEMBL5076903,CO[C@H]1C[C@H]2C(=C[C@@H]1OC(=O)c1cccc([N+](=O)[O-])c1)[C@H]1CN2Cc2cc3c(cc21)OCO3,inactive,450.4470000000003,3.175600000000002,0,8,4.0
CHEMBL5078705,CO[C@H]1C[C@H]2C(=C[C@@H]1OC(=O)c1ccc([N+](=O)[O-])cc1)[C@H]1CN2Cc2cc3c(cc21)OCO3,inactive,450.4470000000003,3.175600000000002,0,8,4.0
CHEMBL5083797,CO[C@H]1C[C@H]2C(=C[C@@H]1OC(=O)c1cc([N+](=O)[O-])cc([N+](=O)[O-])c1)[C@H]1CN2Cc2cc3c(cc21)OCO3,inactive,495.44400000000036,3.083800000000001,0,10,4.884056823060945
CHEMBL5078153,CO[C@H]1C[C@H]2C(=C[C@@H]1OC(=O)c1ccc([N+](=O)[O-])cc1Cl)[C@H]1CN2Cc2cc3c(cc21)OCO3,inactive,484.89200000000034,3.8290000000000033,0,8,4.0
CHEMBL5084173,CO[C@H]1C[C@H]2C(=C[C@@H]1OC(=O)c1cc(Br)cc([N+](=O)[O-])c1)[C@H]1CN2Cc2cc3c(cc21)OCO3,inactive,529.3430000000003,3.938100000000003,0,8,4.0
CHEMBL5087001,CO[C@H]1C[C@H]2C(=C[C@@H]1OC(=O)c1ccco1)[C@H]1CN2Cc2cc3c(cc21)OCO3,inactive,395.41100000000023,2.860400000000001,0,7,4.0
CHEMBL5077463,CO[C@H]1C[C@H]2C(=C[C@@H]1OC(=O)c1ccoc1)[C@H]1CN2Cc2cc3c(cc21)OCO3,inactive,395.41100000000023,2.860400000000001,0,7,4.0
CHEMBL5077388,CO[C@H]1C[C@H]2C(=C[C@@H]1OC(=O)c1cccs1)[C@H]1CN2Cc2cc3c(cc21)OCO3,inactive,411.47900000000027,3.3289000000000017,0,7,4.0
CHEMBL5079347,CO[C@H]1C[C@H]2C(=C[C@@H]1OC(=O)N1CCCCC1)[C@H]1CN2Cc2cc3c(cc21)OCO3,inactive,412.4860000000002,3.0329000000000015,0,6,4.0
CHEMBL5090057,CO[C@H]1C[C@H]2C(=C[C@@H]1OC(=O)C1CCCCC1)[C@H]1CN2Cc2cc3c(cc21)OCO3,inactive,411.4980000000002,3.5339000000000027,0,6,4.0
CHEMBL5088074,CO[C@H]1C[C@H]2C(=C[C@@H]1OCCN1CCCCC1)[C@H]1CN2Cc2cc3c(cc21)OCO3,inactive,412.5300000000002,2.9129000000000014,0,6,4.0
CHEMBL1221863,CO[C@H]1C=C2[C@H]3CN(Cc4cc5c(cc43)OCO5)[C@H]2C[C@@H]1O,inactive,301.34200000000004,1.4027,1,5,4.0
CHEMBL5079878,CO[C@H]1C=C2[C@H]3CN(Cc4cc5c(cc43)OCO5)[C@H]2C[C@@H]1OC(=O)c1ccc(C)c([N+](=O)[O-])c1,inactive,464.4740000000003,3.484020000000003,0,8,4.0
CHEMBL5077601,CO[C@H]1C=C2[C@H]3CN(Cc4cc5c(cc43)OCO5)[C@H]2C[C@@H]1OC(=O)c1ccc(Cl)c([N+](=O)[O-])c1,inactive,484.8920000000003,3.8290000000000033,0,8,4.0
CHEMBL5090352,CO[C@H]1C=C2[C@H]3CN(Cc4cc5c(cc43)OCO5)[C@H]2C[C@@H]1OC(=O)c1ccc([N+](=O)[O-])cc1Cl,inactive,484.8920000000003,3.8290000000000033,0,8,4.0
CHEMBL5086626,CO[C@H]1C=C2[C@H]3CN(Cc4cc5c(cc43)OCO5)[C@H]2C[C@@H]1OC(=O)c1cc([N+](=O)[O-])ccc1Cl,inactive,484.8920000000003,3.8290000000000033,0,8,4.0
CHEMBL5070022,CO[C@H]1C=C2[C@H]3CN(Cc4cc5c(cc43)OCO5)[C@H]2C[C@@H]1OC(=O)N1CCCCC1,inactive,412.48600000000033,3.0329000000000015,0,6,4.0
CHEMBL94,CNC(=O)Oc1ccc2c(c1)[C@]1(C)CCN(C)[C@@H]1N2C,active,275.352,1.7739,1,4,6.698970004336019
CHEMBL5089535,O=C(O[C@H]1CN2Cc3cc4c(cc3[C@]13C=C[C@@H](O)C[C@H]23)OCO4)c1ccccc1Cl,inactive,425.86800000000017,3.0507000000000017,1,6,4.886056647693163
CHEMBL5090336,COc1ccccc1C(=O)O[C@H]1CN2Cc3cc4c(cc3[C@]13C=C[C@@H](O)C[C@H]23)OCO4,inactive,421.4490000000001,2.4059,1,7,4.045757490560675
CHEMBL5086177,O=C(O[C@@H]1C=C[C@]23CCN(Cc4cc5c(cc42)OCO5)[C@H]3C1)c1ccccc1[N+](=O)[O-],inactive,420.4210000000001,3.3347000000000016,0,7,4.221848749616356
CHEMBL5079168,Cc1ccccc1C(=O)O[C@@H]1C=C[C@]23CCN(Cc4cc5c(cc42)OCO5)[C@H]3C1,inactive,389.4510000000002,3.7349200000000025,0,5,4.0
CHEMBL5088077,COc1c2c(cc3c1OCO3)[C@]13C=C[C@H](OC)C[C@H]1N(C2)C[C@H]3OC(=O)c1cccc2ccccc12,inactive,485.53600000000023,4.213200000000004,0,7,4.0
CHEMBL95,Nc1c2c(nc3ccccc13)CCCC2,active,198.26899999999992,2.695800000000001,1,2,6.954677021213342
CHEMBL95,Nc1c2c(nc3ccccc13)CCCC2,active,198.26899999999992,2.695800000000001,1,2,6.959991363986458
CHEMBL5089821,COc1cc2c(c(CO)c1OC)C[C@H]1c3c(cc4c(c3OC)OCO4)CC[N+]1=C2.O=C([O-])C(F)(F)F,inactive,511.4490000000003,1.516899999999999,1,8,4.176525770829699
CHEMBL5076804,COc1cc2c(c3c1OCOC3)C[C@H]1c3c(cc4c(c3OC)OCO4)CC[N+]1=C2.O=C([O-])C(F)(F)F,inactive,509.4330000000003,1.8824999999999996,0,8,4.723538195826756
CHEMBL5080190,COc1cc2c[n+]3c(cc2c(CO)c1OC)-c1c(cc2c(c1OC)OCO2)CC3,inactive,396.41900000000027,2.597200000000001,1,6,4.698970004336019
CHEMBL5085317,COc1cc2c(c3c1OCOC3)C[C@H]1c3c(cc4c(c3OC)OCO4)CCN1C2,inactive,397.42700000000025,2.9545000000000012,0,7,4.701146923590294
CHEMBL5083432,COc1c(-c2ccc(O)cc2)cc2oc3cc(O)c(O)cc3c2c1O,inactive,338.31500000000005,4.084000000000004,4,6,4.795880017344075
CHEMBL94,CNC(=O)Oc1ccc2c(c1)[C@]1(C)CCN(C)[C@@H]1N2C,active,275.352,1.7739,1,4,7.795880017344075
CHEMBL129837,CC(C)c1ccc(NC(=O)Oc2ccc3c(c2)[C@]2(C)CCN(C)[C@@H]2N3C)cc1,active,379.50400000000013,4.7900000000000045,1,4,7.301029995663981
CHEMBL1081032,CN1c2ccc(OC(=O)NCC3CCCCC3)cc2[C@]2(C)CCN(CCc3ccccc3)[C@H]12,active,447.6230000000002,5.337300000000006,1,4,8.744727494896694
CHEMBL362444,CNC(=O)Oc1ccc2c(c1)[C@]1(C)CCOC1N2C,active,262.30899999999997,1.8587,1,4,8.397940008672037
CHEMBL5090683,CCNC(=O)Oc1ccc2c(c1)[C@]1(C)CCOC1O2,active,263.29299999999995,2.1914,1,4,8.221848749616356
CHEMBL1242981,CC(C)c1ccc(NC(=O)Oc2ccc3c(c2)[C@]2(C)CCOC2O3)cc1,active,353.4180000000001,4.817400000000005,1,4,7.568636235841013
CHEMBL1081031,CN1c2ccc(OC(=O)NC3CCCCC3)cc2[C@]2(C)CCN(CCc3ccccc3)[C@H]12,active,433.5960000000002,5.089700000000005,1,4,7.657577319177793
CHEMBL5082250,N#Cc1ccc2[nH]cc(CCCCN3CCN(c4ccc(C(=O)CCC5CCN(Cc6ccccc6)CC5)cc4)CC3)c2c1,active,587.8120000000002,7.059580000000008,1,5,9.236572006437063
CHEMBL502,COc1cc2c(cc1OC)C(=O)C(CC1CCN(Cc3ccccc3)CC1)C2,active,379.50000000000017,4.361100000000004,0,4,8.131355561605174
CHEMBL5072382,Cc1c(C)c2ccc(OCC3CCCN(CCCC(F)F)C3)cc2oc1=O,active,379.447,4.545940000000004,0,4,6.318758762624412
CHEMBL5090504,Cc1c(C)c2ccc(OCC3CCN(Cc4cccc(F)c4)CC3)cc2oc1=O,active,395.47400000000016,4.839940000000005,0,4,6.337242168318426
CHEMBL5085674,Cc1c(C)c2ccc(OCC3CCN(Cc4cccc(C(F)(F)F)c4)CC3)cc2oc1=O,active,445.48100000000017,5.719640000000005,0,4,6.327902142064283
CHEMBL5094348,Cc1c(C)c2ccc(OCCCN(Cc3cccc(F)c3)C(C)C)cc2oc1=O,active,397.4900000000001,5.228440000000005,0,4,6.040958607678906
CHEMBL5082824,CN(CCCC(F)F)Cc1ccc(COc2ccc3c(CO)cc(=O)oc3c2)cc1,active,417.45200000000017,4.341400000000004,1,5,6.259637310505756
CHEMBL5090153,CN(Cc1ccc(COc2ccc3c(CO)cc(=O)oc3c2)cc1)Cc1cccc(F)c1,active,433.47900000000016,4.635400000000004,1,5,6.481486060122113
CHEMBL3586771,CN(Cc1ccccc1)Cc1ccc(COc2ccc3c(CO)cc(=O)oc3c2)cc1,active,415.48900000000015,4.496300000000005,1,5,6.920818753952375
CHEMBL5083613,CN(Cc1ccccc1)Cc1ccc(COc2ccc3c(C(F)F)cc(=O)oc3c2)cc1,active,435.4700000000001,5.941600000000005,0,4,6.251811972993799
CHEMBL4571763,Cc1c(C)c2ccc(OCC3CCCN(Cc4ccccc4)C3)cc2oc1=O,active,377.4840000000001,4.700840000000005,0,4,6.075720713938118
CHEMBL4464759,Cc1c(C)c2ccc(OCC3CCN(CCCO)CC3)cc2oc1=O,active,345.4390000000001,2.883040000000001,1,5,6.050609993355087
CHEMBL4598256,Cc1c(C)c2ccc(OCC3CCN(Cc4ccccc4)CC3)cc2oc1=O,active,377.48400000000015,4.700840000000005,0,4,6.42021640338319
CHEMBL502,COc1cc2c(cc1OC)C(=O)C(CC1CCN(Cc3ccccc3)CC1)C2,active,379.50000000000017,4.361100000000004,0,4,7.638272163982407
CHEMBL5084128,OC[C@H]1O[C@@H](OCCCc2ccc(O)c(/C=N/O)n2)[C@H](O)[C@@H](O)[C@@H]1O,inactive,358.34700000000004,-1.6555999999999993,6,10,3.853871964321762
CHEMBL5069796,OC[C@H]1O[C@@H](OCCCCc2cn(CCCc3ccc(O)c(/C=N/O)n3)nn2)[C@H](O)[C@@H](O)[C@@H]1O,inactive,481.50600000000003,-1.041199999999998,6,13,2.795880017344075
CHEMBL5088176,OC[C@H]1O[C@@H](OCCCCc2cn(CCCCc3ccc(O)c(/C=N/O)n3)nn2)[C@H](O)[C@@H](O)[C@@H]1O,inactive,495.533,-0.651099999999998,6,13,3.2365720064370627
CHEMBL33051,NC(=O)c1cc[n+](COC[n+]2ccccc2/C=N/O)cc1.[Cl-].[Cl-],inactive,359.21299999999997,-6.191599999999997,2,4,4.259637310505756
CHEMBL1420,C[n+]1ccccc1C=NO,inactive,137.162,0.3191999999999999,1,2,3.2518119729937993
CHEMBL291233,O/N=C/c1cc[n+](COC[n+]2ccc(/C=N/O)cc2)cc1.[Cl-].[Cl-],inactive,359.21299999999997,-5.482399999999997,2,5,3.193820026016113
CHEMBL5080685,COC(=O)c1c(CCCCCCCCNc2c3c(nc4ccccc24)CCCC3)cccc1OC,active,474.64500000000027,6.904000000000007,1,5,7.681936665037238
CHEMBL5078555,COC(=O)c1c(CCCCCCCCNc2c3c(nc4cc(Cl)ccc24)CCCC3)cccc1OC,active,509.0900000000003,7.5574000000000074,1,5,8.595166283380062
CHEMBL5091660,COc1cccc(CCCCCCCCNc2c3c(nc4ccccc24)CCCC3)c1,active,416.6090000000002,7.117400000000007,1,3,7.3979400086720375
CHEMBL5088557,COc1cccc(CCCCCCCCNc2c3c(nc4cc(Cl)ccc24)CCCC3)c1,active,451.05400000000026,7.770800000000007,1,3,8.243363891754152
CHEMBL5088541,COc1cc(CCCCCCCCNc2c3c(nc4ccccc24)CCCC3)cc(OC)c1,active,446.6350000000003,7.126000000000007,1,4,7.3260580013659125
CHEMBL5077234,COc1cc(CCCCCCCCNc2c3c(nc4cc(Cl)ccc24)CCCC3)cc(OC)c1,active,481.0800000000003,7.779400000000008,1,4,8.292429823902063
CHEMBL5092094,COC(=O)c1c(O)cccc1CCCCCCCCNc1c2c(nc3ccccc13)CCCC2,active,460.6180000000002,6.601000000000006,2,5,7.769551078621726
CHEMBL5082773,COC(=O)c1c(O)cccc1CCCCCCCCNc1c2c(nc3cc(Cl)ccc13)CCCC2,active,495.0630000000003,7.254400000000006,2,5,8.55129368009492
CHEMBL5087646,O=C(O)c1c(O)cccc1CCCCCCCCNc1c2c(nc3ccccc13)CCCC2,active,446.5910000000002,6.512600000000006,3,4,6.735182176990463
CHEMBL5078914,O=C(O)c1c(O)cccc1CCCCCCCCNc1c2c(nc3cc(Cl)ccc13)CCCC2,active,481.03600000000023,7.166000000000007,3,4,7.872895201635193
CHEMBL5073819,Oc1cccc(CCCCCCCCNc2c3c(nc4ccccc24)CCCC3)c1,active,402.58200000000016,6.814400000000006,2,3,7.716698771296451
CHEMBL5072428,Oc1cccc(CCCCCCCCNc2c3c(nc4cc(Cl)ccc24)CCCC3)c1,active,437.0270000000002,7.467800000000007,2,3,8.377785977033705
CHEMBL95,Nc1c2c(nc3ccccc13)CCCC2,active,198.26899999999992,2.695800000000001,1,2,6.638272163982407
CHEMBL292314,Nc1c2c(nc3cc(Cl)ccc13)CCCC2,active,232.71399999999994,3.3492000000000015,1,2,7.838631997765025
CHEMBL5092058,Cc1cn([C@H](C)CC#N)c(=O)c2cc(Cn3nc(C(F)F)cc3Cl)nn12,inactive,380.78600000000006,3.1149000000000013,0,7,5.0
CHEMBL95,Nc1c2c(nc3ccccc13)CCCC2,active,198.26899999999992,2.695800000000001,1,2,6.638272163982407
CHEMBL4552675,COc1ccc2nc3c(c(NCCCCCCCCN(CC(=O)Nc4ccc5ccccc5c4)C(=O)/C=C/c4ccc(O)c(OC)c4)c2c1)CCCC3,active,714.9069999999999,8.922800000000002,3,7,7.653647025549361
CHEMBL5199151,COC(=O)/C=C/c1ccc(OCCCCCN2CCN(CC(=O)Nc3c4c(nc5ccccc35)CCCC4)CC2)c(OC)c1,active,600.7600000000001,5.113800000000005,1,8,7.209714835966758
CHEMBL5177936,COc1cc(/C=C/C(=O)OCCCCCN(C)Cc2cccc(OC(=O)N(C)C)c2)ccc1O,active,470.56600000000014,4.319900000000005,1,7,7.705533773838407
CHEMBL5190569,COc1cc(/C=C/c2nnc(-c3ccc(C(F)(F)F)cc3)o2)ccc1O,active,362.307,4.640000000000003,1,5,7.167491087293763
CHEMBL5197518,COc1cc(/C=C/c2nnc(-c3ccc(OC(F)(F)F)cc3)o2)ccc1O,active,378.30600000000004,4.519800000000003,1,6,7.036212172654444
CHEMBL5171929,COc1ccc(/C=C/C(=O)Nc2cc[n+](Cc3cccc(F)c3)cc2)cc1OC.[Br-],active,473.3420000000001,0.8346,1,3,7.716698771296451
CHEMBL5206601,COc1ccc(/C=C/C(=O)Nc2cc[n+](Cc3ccc(F)cc3)cc2)cc1OC.[Br-],active,473.3420000000001,0.8346,1,3,8.065501548756432
CHEMBL5194876,CC(=O)O[C@@H]1C[C@@]2(C)Oc3cc(C)oc(=O)c3C[C@@H]2[C@@]2(C)C=CC(=O)C(C)(C)[C@H]12,inactive,400.4710000000001,3.381020000000002,0,6,4.866461091629782
CHEMBL464427,CCN(CC)Cc1ccc(/C=C2\Cc3cc(OC)c(OC)cc3C2=O)cc1,active,365.47300000000007,4.368000000000004,0,4,7.200659450546418
CHEMBL5206198,CCN(CC)Cc1ccc(C=C2Cc3cc(OC)c(OC)cc3C2=O)cc1,active,365.47300000000007,4.368000000000004,0,4,6.5968794788241825
CHEMBL5181301,CCN(CC)Cc1ccc(/C=C2\Cc3ccccc3C2=O)cc1,active,305.42100000000005,4.350800000000004,0,2,6.213248577854439
CHEMBL5207442,CCN(CC)Cc1ccc(/C=C2\Cc3cc(OC)ccc3C2=O)cc1,active,335.44700000000006,4.3594000000000035,0,3,6.94692155651658
CHEMBL5185134,CCN(CC)Cc1ccc(C=C2Cc3cc(OC)ccc3C2=O)cc1,active,335.44700000000006,4.3594000000000035,0,3,6.296708621881338
CHEMBL5183930,CCN(CC)Cc1ccc(/C=C2\Cc3ccc(OC)cc3C2=O)cc1,active,335.44700000000006,4.3594000000000035,0,3,6.015922966097169
CHEMBL502,COc1cc2c(cc1OC)C(=O)C(CC1CCN(Cc3ccccc3)CC1)C2,active,379.50000000000017,4.361100000000004,0,4,7.769551078621726
CHEMBL95,Nc1c2c(nc3ccccc13)CCCC2,active,198.26899999999992,2.695800000000001,1,2,7.031517051446065
CHEMBL5169783,CC(=O)N1N=C(c2ccc(-c3ccccc3)cc2)CC1c1ccccc1,inactive,340.42600000000004,5.051200000000004,0,2,2.8768019249680012
CHEMBL5179832,CC(=O)N1N=C(c2ccc(-c3ccccc3)cc2)CC1c1ccccc1[N+](=O)[O-],active,385.4230000000001,4.959400000000004,0,4,6.1938200260161125
CHEMBL5175686,CC(=O)N1N=C(c2ccc(-c3ccccc3)cc2)CC1c1cccc([N+](=O)[O-])c1,inactive,385.4230000000001,4.959400000000004,0,4,2.988006885340743
CHEMBL5182185,CC(=O)N1N=C(c2ccc(-c3ccccc3)cc2)CC1c1ccc([N+](=O)[O-])cc1,inactive,385.4230000000001,4.959400000000004,0,4,2.8079904073463298
CHEMBL5171946,CC(=O)N1N=C(c2ccc(-c3ccccc3)cc2)CC1c1ccc(C(=O)O)cc1,inactive,384.4350000000001,4.749400000000004,1,3,2.8121973612815805
CHEMBL5208439,COc1ccc(OC)c(C2CC(c3ccc(-c4ccccc4)cc3)=NN2C(C)=O)c1,inactive,400.47800000000007,5.068400000000005,0,4,2.84740592207253
CHEMBL5169502,COc1ccc(C2CC(c3ccc(-c4ccccc4)cc3)=NN2C(C)=O)cc1OC,inactive,400.4780000000002,5.068400000000006,0,4,2.845880474484153
CHEMBL5188500,CC(=O)N1N=C(c2ccc(-c3ccccc3)cc2)CC1c1ccc2c(c1)OCO2,active,384.4350000000002,4.779900000000004,0,4,6.005243055412372
CHEMBL5197832,CC(=O)N1N=C(c2ccc(-c3ccccc3)cc2)CC1c1ccc2ccccc2c1,active,390.4860000000001,6.204400000000005,0,2,6.097453220686009
CHEMBL5189505,CC(=O)N1N=C(c2ccc(C)cc2)CC1c1ccc(-c2ccccc2)cc1,active,354.45300000000003,5.359620000000005,0,2,6.073143291050307
CHEMBL5191187,CC(=O)N1N=C(c2ccccc2[N+](=O)[O-])CC1c1ccc(-c2ccccc2)cc1,active,385.42300000000006,4.959400000000004,0,4,7.2839966563652006
CHEMBL5177419,CC(=O)N1N=C(c2ccc(Br)cc2)CC1c1ccc(-c2ccccc2)cc1,active,419.32200000000006,5.813700000000005,0,2,6.044312249686494
CHEMBL5184154,COc1cc(C2=NN(C(C)=O)C(c3ccc(-c4ccccc4)cc3)C2)cc(OC)c1OC,inactive,430.50400000000025,5.077000000000005,0,5,2.7106340484799682
CHEMBL5183314,COc1ccc(C2=NN(C(C)=O)C(c3ccc(-c4ccccc4)cc3)C2)c(OC)c1,inactive,400.4780000000001,5.068400000000005,0,4,2.9476909003526766
CHEMBL5191224,COc1ccc(OC)c(C2=NN(C(C)=O)C(c3ccc(-c4ccccc4)cc3)C2)c1,inactive,400.4780000000001,5.068400000000005,0,4,2.7682756166714833
CHEMBL5184984,CC(=O)N1N=C(c2ccc3c(c2)OCO3)CC1c1ccc(-c2ccccc2)cc1,active,384.435,4.779900000000004,0,4,6.039529222465701
CHEMBL5185580,CC(=O)N1N=C(c2cccc3ccccc23)CC1c1ccc(-c2ccccc2)cc1,inactive,390.48600000000005,6.204400000000006,0,2,2.9935339577507682
CHEMBL5187436,CC(=O)N1N=C(c2ccc3ccccc3c2)CC1c1ccc(-c2ccccc2)cc1,active,390.48600000000005,6.204400000000006,0,2,7.167491087293763
CHEMBL502,COc1cc2c(cc1OC)C(=O)C(CC1CCN(Cc3ccccc3)CC1)C2,active,379.50000000000017,4.361100000000004,0,4,7.060480747381382
CHEMBL659,COc1ccc2c3c1O[C@H]1C[C@@H](O)C=C[C@@]31CCN(C)C2,inactive,287.35900000000004,1.8503,1,4,2.763210900590707
CHEMBL94,CNC(=O)Oc1ccc2c(c1)[C@]1(C)CCN(C)[C@@H]1N2C,active,275.352,1.7739,1,4,6.721246399047171
CHEMBL95,Nc1c2c(nc3ccccc13)CCCC2,active,198.26899999999992,2.695800000000001,1,2,6.749579997691106
CHEMBL5180422,C[C@H]1CN2C(=O)[C@]34Cc5c([nH]c6c7c(ccc56)OC(C)(C)CC7=O)C(C)(C)[C@@H]3C[C@@]2(C1)C(=O)N4,inactive,461.56200000000035,3.241100000000001,2,4,4.236572006437063
CHEMBL4754186,O=c1ccoc2ccc(OCCCN3CCCCCC3)cc12,inactive,301.386,3.4379000000000026,0,4,4.97469413473523
CHEMBL95,Nc1c2c(nc3ccccc13)CCCC2,active,198.26899999999992,2.695800000000001,1,2,6.72584215073632
CHEMBL5179658,CCCCCCCNC(=O)Oc1ccc(Cc2nc3cc(C(=O)N(CC)CC)ccc3n2CCC(C)C)cc1,active,534.7450000000005,7.214000000000008,1,5,6.756961951313706
CHEMBL5187045,CCN(CC)C(=O)c1ccc2c(c1)nc(Cc1ccc(OC(=O)N3CCC3)cc1)n2CCC(C)C,active,476.6210000000004,5.359700000000006,0,5,6.148130399270234
CHEMBL5201804,CCCCCCCNC(=O)Oc1ccc(Cc2nc3cc(C(=O)N(CC)CC)ccc3n2CCN2CCCCC2)cc1,inactive,575.7980000000002,6.6538000000000075,1,6,4.99481948749622
CHEMBL5189021,CCCCCCCNC(=O)Oc1ccc(Cc2nc3cc(C(=O)N4CCCCC4)ccc3n2CCC(C)C)cc1,active,546.7560000000004,7.358100000000008,1,5,7.236572006437063
CHEMBL95,Nc1c2c(nc3ccccc13)CCCC2,active,198.26899999999992,2.695800000000001,1,2,6.699991797446187
CHEMBL5179658,CCCCCCCNC(=O)Oc1ccc(Cc2nc3cc(C(=O)N(CC)CC)ccc3n2CCC(C)C)cc1,active,534.7450000000005,7.214000000000008,1,5,6.799998134593398
CHEMBL5170719,CCN(CC)C(=O)c1ccc2c(c1)nc(Cc1ccc(OC(=O)NCCCCCCN3CCc4ccccc4C3)cc1)n2CCC(C)C,inactive,651.8960000000002,7.86230000000001,1,6,5.0
CHEMBL5187045,CCN(CC)C(=O)c1ccc2c(c1)nc(Cc1ccc(OC(=O)N3CCC3)cc1)n2CCC(C)C,active,476.6210000000004,5.359700000000006,0,5,6.199998172182031
CHEMBL5201804,CCCCCCCNC(=O)Oc1ccc(Cc2nc3cc(C(=O)N(CC)CC)ccc3n2CCN2CCCCC2)cc1,inactive,575.7980000000002,6.6538000000000075,1,6,5.0
CHEMBL5189021,CCCCCCCNC(=O)Oc1ccc(Cc2nc3cc(C(=O)N4CCCCC4)ccc3n2CCC(C)C)cc1,active,546.7560000000004,7.358100000000008,1,5,7.199970640755866
CHEMBL5194876,CC(=O)O[C@@H]1C[C@@]2(C)Oc3cc(C)oc(=O)c3C[C@@H]2[C@@]2(C)C=CC(=O)C(C)(C)[C@H]12,inactive,400.4710000000001,3.381020000000002,0,6,4.866461091629782
CHEMBL4461886,COc1ccc(-c2cc3c(c(=O)o2)C[C@]2(O)[C@@]4(C)CC[C@@H](O)C(C)(C)[C@]4(O)CC[C@@]2(C)O3)cc1,active,470.5620000000003,3.452200000000002,3,7,6.1938200260161125
CHEMBL5187881,COc1cc2c(cc1OC)C(=O)/C(=C/c1cc[n+](Cc3ccc(F)cc3)cc1)OC2.[Br-],active,486.3370000000001,0.9366999999999996,0,4,9.823908740944319
CHEMBL5186051,COc1ccc(C(=O)Cc2ncc(C(=O)N(C)CCCOc3cccc(OC)c3)cn2)cc1,inactive,449.50700000000023,3.460300000000002,0,7,4.347753658996677
CHEMBL5193255,COc1ccc(C(=O)Cc2ncc(C(=O)N(C)CCCOc3ccc(OC)c(OC)c3)cn2)cc1,inactive,479.5330000000003,3.4689000000000023,0,8,4.525783735923745
CHEMBL5171192,COc1ccc(C(=O)Cc2ncc(C(=O)N(C)CCCOc3ccc(C(F)(F)F)cc3)cn2)cc1,inactive,487.4780000000002,4.470500000000004,0,6,4.525783735923745
CHEMBL5208032,CN(CCCOc1ccc([N+](=O)[O-])cc1)C(=O)c1cnc(CC(=O)c2ccc3c(c2)OCO3)nc1,active,478.4610000000003,3.080000000000001,0,9,6.00436480540245
CHEMBL5187324,CN(CCCOc1ccc([N+](=O)[O-])cc1)C(=O)c1cnc(CC(=O)c2cccs2)nc1,active,440.48100000000017,3.4128000000000016,0,8,6.055517327849832
CHEMBL5171268,COc1ccc(C(=O)Cc2ncc(C(=O)NCc3ccc(OC)c(OC)c3)cn2)cc1,inactive,421.45300000000015,2.857800000000001,1,7,5.0
CHEMBL5185843,COc1ccc(C(=O)Cc2ncc(C(=O)NC3CCN(Cc4ccccc4)CC3)cn2)cc1,inactive,444.53500000000025,3.3050000000000024,1,6,4.552841968657781
CHEMBL5186796,COc1ccc(C(=O)Cc2ncc(C(=O)N3CCN(Cc4ccccc4)CC3)cn2)cc1,inactive,430.50800000000015,2.8686000000000016,0,6,4.761953896871205
CHEMBL5199425,COc1ccc(C(=O)Cc2ncc(C(=O)Nc3ccncc3)cn2)cc1,inactive,348.362,2.5579,1,6,4.747146969020107
CHEMBL5205468,COc1ccc(C(=O)Cc2ncc(C(=O)NCc3cccs3)cn2)cc1,inactive,367.43,2.902100000000001,1,6,4.512861624522813
CHEMBL3417009,COc1cc(N)c(Cl)cc1C(=O)CCC1CCN(CC2CCCCC2)CC1,active,392.9710000000003,5.186000000000005,1,4,7.795880017344075
CHEMBL5185552,CCN1CCN(CCC(=O)Nc2nc3c(C)cccc3s2)CC1,inactive,332.4730000000001,2.5708200000000003,1,5,4.686554629573585
CHEMBL5171428,Cc1cccc2sc(NC(=O)CCN3CCN(C(C)(C)C)CC3)nc12,active,360.52700000000016,3.349420000000002,1,5,6.0915149811213505
CHEMBL5192987,CCCCN1CCN(CCC(=O)Nc2nc3c(C)cccc3s2)CC1,inactive,360.5270000000001,3.351020000000002,1,5,4.3979400086720375
CHEMBL5207906,Cc1cccc2sc(NC(=O)CCN3CCN(CCN(C)C)CC3)nc12,active,375.5420000000002,2.1125199999999995,1,6,6.318758762624412
CHEMBL5194197,Cc1cccc2sc(NC(=O)CCN3CCN(CCCN(C)C)CC3)nc12,active,389.56900000000024,2.5026200000000003,1,6,6.3872161432802645
CHEMBL5203299,CCOCCN1CCN(CCC(=O)Nc2nc3c(C)cccc3s2)CC1,inactive,376.5260000000001,2.5874200000000007,1,6,4.697236291527018
CHEMBL5192784,CCCCCCN1CCN(CCC(=O)Nc2nc3c(C)cccc3s2)CC1,inactive,388.58100000000013,4.1312200000000034,1,5,4.3979400086720375
CHEMBL5203777,Cc1cccc2sc(NC(=O)CCN3CCN(C4CCCCC4)CC3)nc12,inactive,386.5650000000003,3.883620000000003,1,5,4.962175249411658
CHEMBL5204934,Cc1cccc2sc(NC(=O)CCN3CCN(CC4CCCCC4)CC3)nc12,active,400.5920000000003,4.1312200000000034,1,5,6.468521082957745
CHEMBL5198839,Cc1cccc2sc(NC(=O)CCN3CCN(C4CCN(C)CC4)CC3)nc12,inactive,401.58000000000027,2.6451200000000012,1,6,4.9779842601822795
CHEMBL5205006,Cc1cccc2sc(NC(=O)CCN3CCN(CCN(C(C)C)C(C)C)CC3)nc12,active,431.65000000000026,3.6697200000000025,1,6,6.619788758288394
CHEMBL5178466,Cc1ccccc1N1CCN(CCC(=O)Nc2nc3c(C)cccc3s2)CC1,inactive,394.54400000000015,4.063940000000003,1,5,4.3979400086720375
CHEMBL5177298,Cc1cccc2sc(NC(=O)CCN3CCN(c4ccccn4)CC3)nc12,inactive,381.5050000000001,3.150520000000002,1,6,4.763714722551971
CHEMBL5206534,Cc1cccc2sc(NC(=O)CCN3CCN(c4ccncc4)CC3)nc12,inactive,381.5050000000001,3.150520000000002,1,6,4.73969005420508
CHEMBL5206663,Cc1cccc2sc(NC(=O)CCN3CCN(c4ncccn4)CC3)nc12,inactive,382.4930000000001,2.5455200000000007,1,7,4.522589312092748
CHEMBL5193082,Cc1cccc2sc(NC(=O)CCN3CCN(Cc4cc(F)ccc4F)CC3)nc12,inactive,430.52400000000017,4.029320000000003,1,5,4.898940645091884
CHEMBL5172256,Cc1cccc2sc(NC(=O)CCN3CCN(Cc4ccc(C(C)(C)C)cc4)CC3)nc12,inactive,450.65200000000027,5.048620000000005,1,5,4.3979400086720375
CHEMBL5198012,Cc1cccc2sc(NC(=O)CCN3CCN(Cc4cccc5ccccc45)CC3)nc12,inactive,444.6040000000002,4.904320000000004,1,5,4.713768145971447
CHEMBL636,CCN(C)C(=O)Oc1cccc([C@H](C)N(C)C)c1,inactive,250.34199999999998,2.7597000000000014,0,3,4.459670525209126
CHEMBL502,COc1cc2c(cc1OC)C(=O)C(CC1CCN(Cc3ccccc3)CC1)C2,active,379.50000000000017,4.361100000000004,0,4,7.221848749616356
CHEMBL5176633,C=C1c2[nH]c3ccc(OC)cc3c2C2[C@@H](CC)C1CCN2C,inactive,296.414,4.222300000000003,1,2,3.5543957967264026
CHEMBL5207120,O=C(COc1ccc(Cl)cc1[N+](=O)[O-])NCC1CCN(Cc2ccccc2)CC1,active,417.89300000000026,3.655400000000003,1,5,6.913640169325252
CHEMBL5195980,O=C(COc1cc(F)ccc1[N+](=O)[O-])NCC1CCN(Cc2ccccc2)CC1,active,401.4380000000002,3.1411000000000016,1,5,6.987162775294828
CHEMBL5180014,O=C(COc1ccc([N+](=O)[O-])cc1)NCC1CCN(Cc2ccccc2)CC1,active,383.44800000000015,3.0020000000000016,1,5,6.293282217663242
CHEMBL5202267,O=C(COc1ccccc1C(F)(F)F)NCC1CCN(Cc2ccccc2)CC1,active,406.4480000000002,4.112600000000003,1,3,6.115204636051019
CHEMBL5178350,Cc1cc(Br)cc(C)c1OCC(=O)NCC1CCN(Cc2ccccc2)CC1,active,445.4010000000003,4.4731400000000034,1,3,6.22548303427145
CHEMBL5182803,O=C(COc1ccc(CCc2ccccc2)cc1)NCC1CCN(Cc2ccccc2)CC1,active,442.60300000000035,4.879000000000004,1,3,6.8696662315049934
CHEMBL5177371,COc1ccc(OCC(=O)NCC2CCN(Cc3ccccc3)CC2)cc1,active,368.4770000000001,3.102400000000001,1,4,6.055517327849832
CHEMBL5204532,O=C(COc1ccc(-c2ccccc2)cc1)NCCN1CCN(Cc2ccccc2)CC1,active,429.56400000000025,3.666400000000002,1,4,6.133712660915805
CHEMBL5185868,O=C(COc1ccc(Cl)cc1[N+](=O)[O-])NCCN1CCN(Cc2ccccc2)CC1,active,432.90800000000024,2.561000000000001,1,6,9.096910013008056
CHEMBL5189408,O=C(COc1cc(F)ccc1[N+](=O)[O-])NCCN1CCN(Cc2ccccc2)CC1,active,416.45300000000026,2.0466999999999995,1,6,8.55284196865778
CHEMBL5193520,O=C(COc1ccc([N+](=O)[O-])cc1)NCCN1CCN(Cc2ccccc2)CC1,active,398.4630000000002,1.9075999999999993,1,6,7.376750709602099
CHEMBL5209013,O=C(COc1ccccc1C(F)(F)F)NCCN1CCN(Cc2ccccc2)CC1,active,421.4630000000002,3.018200000000002,1,4,6.866461091629782
CHEMBL5190969,Cc1cc(Br)cc(C)c1OCC(=O)NCCN1CCN(Cc2ccccc2)CC1,active,460.41600000000034,3.3787400000000014,1,4,7.045757490560675
CHEMBL5206245,O=C(COc1ccc(Cc2ccccc2)cc1)NCCN1CCN(Cc2ccccc2)CC1,active,443.59100000000035,3.590200000000003,1,4,6.0030507515046185
CHEMBL5185234,O=C(COc1ccc(CCc2ccccc2)cc1)NCCN1CCN(Cc2ccccc2)CC1,active,457.6180000000004,3.784600000000003,1,4,6.045757490560675
CHEMBL5175715,COc1ccc(OCC(=O)NCCN2CCN(Cc3ccccc3)CC2)cc1,active,383.4920000000001,2.008,1,5,6.522878745280337
CHEMBL5169781,O=C(COc1ccc(Cl)cc1)NCCN1CCN(Cc2ccccc2)CC1,active,387.9110000000001,2.652800000000001,1,4,6.723538195826756
CHEMBL502,COc1cc2c(cc1OC)C(=O)C(CC1CCN(Cc3ccccc3)CC1)C2,active,379.50000000000017,4.361100000000004,0,4,7.769551078621726
CHEMBL95,Nc1c2c(nc3ccccc13)CCCC2,active,198.26899999999992,2.695800000000001,1,2,6.568636235841013
CHEMBL5178216,C=C(C)[C@]1(O)CC[C@@]2(C)C3=Cc4c(cc(-c5cccnc5)oc4=O)O[C@]3(C)[C@@H](O)C[C@@H]2[C@@]12CCC(=O)OC2,inactive,519.5940000000003,4.047800000000002,2,8,4.856985199745905
CHEMBL5208951,COc1cc2c(Nc3ccc(C(=O)/C=C/c4nc(C)c(C)nc4C)cc3)ncnc2c(OC)c1OC,active,485.54400000000027,5.010560000000004,1,9,7.0
CHEMBL1186527,OC1CCN2Cc3ccccc3N=C12,inactive,188.23,1.2968000000000002,1,3,4.863913902615902
CHEMBL456881,O=c1c2ccccc2nc2n1CCC2,inactive,186.21399999999994,1.3426999999999998,0,3,4.453951133598266
CHEMBL5191163,O=c1c2ccccc2nc2n1C(C1CN=Cc3[nH]c4ccccc4c31)CC2O,inactive,370.4120000000001,3.0723000000000016,2,5,4.3929741215652145
CHEMBL5175476,O=c1c2ccccc2nc2n1C(c1cncc3[nH]c4ccccc4c13)CC2O,inactive,368.39600000000013,3.452500000000002,2,5,4.151810883008602
CHEMBL1864065,O=c1c2ccccc2nc2n1CCC2O,inactive,202.21299999999997,0.8335999999999997,1,4,4.115771230367396
CHEMBL4210192,O=c1[nH]c(CCCO)nc2ccccc12,inactive,204.229,0.8479999999999996,2,3,3.809388202186395
CHEMBL5184601,O=C(O)C1=Nc2ccccc2CN1,inactive,176.17499999999998,0.9043999999999999,2,3,3.4624327428473247
CHEMBL5208529,c1ccc2c(c1)CN1Cc3cc(OCCCN4CCCCC4)ccc3N=C21,active,361.4890000000001,4.348900000000004,0,4,6.847711655616943
CHEMBL5181664,c1ccc2c(c1)CCN1Cc3cc(OCCCN4CCCCC4)ccc3N=C21,active,375.51600000000013,4.391400000000004,0,4,6.665546248849069
CHEMBL5186753,c1ccc2c(c1)CCCN1Cc3cc(OCCCN4CCCCC4)ccc3N=C21,active,389.5430000000002,4.781500000000005,0,4,6.2716462179787715
CHEMBL5208725,c1cc2c(cc1OCCCN1CCCCC1)CN1CCCCC1=N2,active,327.4720000000001,3.970900000000003,0,4,6.647817481888637
CHEMBL5201779,c1cc2c(cc1OCCCN1CCCCC1)CN1CCCCCC1=N2,active,341.49900000000014,4.361000000000004,0,4,6.086186147616283
CHEMBL502,COc1cc2c(cc1OC)C(=O)C(CC1CCN(Cc3ccccc3)CC1)C2,active,379.50000000000017,4.361100000000004,0,4,8.397940008672037
CHEMBL5208027,COc1ccccc1/C=C/C=C(\Br)S(=O)(=O)F,active,321.16700000000003,3.2440000000000015,0,3,7.102372908709558
CHEMBL5200462,O=c1cc(/N=N/N=P(CCP(=N/N=N/c2cc(=O)oc3ccccc23)(c2ccccc2)c2ccccc2)(c2ccccc2)c2ccccc2)c2ccccc2o1,active,772.7420000000002,10.301399999999996,0,6,7.456428576037634
CHEMBL4790416,C#CCOc1ccc(-c2cc(-c3ccc(OCCN4CCOCC4)cc3)nc(N)n2)cc1,active,430.5080000000002,3.1158,1,7,7.516270100999976
CHEMBL5199704,C#CCOc1cccc(-c2cc(-c3ccc(OCCN4CCOCC4)cc3)nc(C)n2)c1,active,429.5200000000002,3.8420200000000024,0,6,8.020451625295905
CHEMBL5191152,CO[C@@H]1C=C[C@@]23c4cc5c(cc4CN(C[C@@H]2OC(=O)c2ccc([N+](=O)[O-])cc2)C3C1)OCO5,inactive,450.44700000000023,2.959600000000001,0,8,4.8326826652518236
CHEMBL512475,Clc1ccc2c(NCCCNCC34CC5CC(CC(C5)C3)C4)ccnc2c1,active,383.96700000000016,5.496200000000004,2,3,6.301029995663981
CHEMBL449947,O=C(OC[C@H]1O[C@@H](OC(=O)c2cc(O)c(O)c(O)c2)[C@H](OC(=O)c2cc(O)c(O)c(O)c2)[C@@H](OC(=O)c2cc(O)c(O)c(O)c2)[C@@H]1O)c1cc(O)c(O)c(O)c1,inactive,788.5760000000005,0.7046000000000006,13,22,4.925915310971757
CHEMBL2271411,CC1(C)CCCC2(C)OC(=O)C=C12,active,180.24699999999999,2.4384000000000006,0,2,7.522444667801019
CHEMBL5196199,COc1ccc(CCc2cc(=O)c3c(o2)[C@H]2O[C@H]2[C@@H](O)[C@H]3OC)cc1O,inactive,360.3620000000001,1.6410999999999998,2,7,3.3549709352788573
CHEMBL5172037,COc1ccc(CCc2cc(=O)c3c(o2)[C@H]2O[C@H]2[C@@H](O)[C@H]3OC)cc1,inactive,344.36300000000006,1.9355,1,6,3.8079904073463298
CHEMBL591729,CNC(=O)Oc1ccc2c(c1)[C@]1(C)CCN(C)[C@]1(C)N2C,active,289.37899999999996,2.1640000000000006,1,4,7.552841968657781
CHEMBL362444,CNC(=O)Oc1ccc2c(c1)[C@]1(C)CCOC1N2C,active,262.30899999999997,1.8587,1,4,7.568636235841013
CHEMBL5187561,CN1c2ccccc2C(NCCCCCCC(=O)CCCCNc2c3c(nc4ccccc24)CCCC3)c2ccc(Cl)cc2S1(=O)=O,active,673.3230000000004,8.386500000000005,2,6,6.795880017344075
CHEMBL521589,CN(C)C(=O)Oc1cc(OC(=O)N(C)C)cc(C(O)CNC(C)(C)C)c1,inactive,367.4460000000001,2.2288999999999994,2,6,4.522878745280337
CHEMBL3586608,CN(Cc1ccccc1)Cc1ccc(COc2ccc3c(CO)cc(=O)oc3c2)cc1.Cl,active,451.9500000000001,4.918100000000005,1,5,6.920818753952375
CHEMBL5192958,OCCCCCCCCc1ccc(CN2CCCC2)c(O)c1,inactive,305.46200000000005,3.863400000000003,2,3,4.3223930472795065
CHEMBL5183866,OCCCCCCCCc1ccc(CN2CCCCC2)c(O)c1,inactive,319.4890000000001,4.253500000000004,2,3,4.522878745280337
CHEMBL5190179,OCCCCCCCCc1ccc(CN2CCCCCC2)c(O)c1,inactive,333.51600000000013,4.6436000000000055,2,3,3.1051303432547472
CHEMBL448359,O=C1CCC(O)c2cccc(O)c21,inactive,178.18699999999998,1.4021,2,3,3.9936195414503066
CHEMBL5202625,O=C1CC(O)C(O)c2c(O)cccc21,active,194.186,0.3728999999999999,3,4,6.563233260826545
CHEMBL5190764,O=C1CCC(O)c2c(O)cccc21,active,178.18699999999998,1.4021000000000001,2,3,6.7151182853445475
CHEMBL5203969,COC1CC(=O)c2c(O)ccc(O)c2C1,active,208.213,1.2416999999999998,2,4,6.703993330686328
CHEMBL5181051,CCC1C/C(=C\c2cc(OC)c(OC)c(OC)c2Br)C(=O)c2ccccc21,active,431.3260000000001,5.638500000000006,0,4,7.346787486224656
CHEMBL5202485,COc1cc(/C=C2\CCc3cc([N+](=O)[O-])ccc3C2=O)c(Br)c(OC)c1OC,active,448.2690000000002,4.595600000000004,0,6,6.2441251443275085
CHEMBL502,COc1cc2c(cc1OC)C(=O)C(CC1CCN(Cc3ccccc3)CC1)C2,active,379.50000000000017,4.361100000000004,0,4,7.229147988357855
CHEMBL95,Nc1c2c(nc3ccccc13)CCCC2,active,198.26899999999992,2.695800000000001,1,2,7.494850021680094
CHEMBL5186955,CCN(C)C(=O)Oc1ccc(C2CC(=O)c3c(OC(=O)N(C)CC)cc(OC(=O)N(C)CC)cc3O2)cc1,inactive,527.5740000000004,4.744600000000005,0,8,4.97469413473523
CHEMBL4787451,CCN(C)C(=O)Oc1ccc(-c2cc(=O)c3c(OC(=O)N(C)CC)cc(OC(=O)N(C)CC)cc3o2)cc1,inactive,525.5580000000003,4.811500000000004,0,8,4.910094888560602
CHEMBL95,Nc1c2c(nc3ccccc13)CCCC2,active,198.26899999999992,2.695800000000001,1,2,7.631527161559638
CHEMBL95,Nc1c2c(nc3ccccc13)CCCC2,active,198.26899999999992,2.695800000000001,1,2,6.3851027839668655
CHEMBL5194728,O=C(Cn1nc2ncccc2c1NC(=O)Cn1nc2ncccc2c1NC(=O)CN1CCN(Cc2ccccc2)CC1)Nc1[nH]nc2ncccc12,inactive,698.7520000000001,2.4810000000000008,4,13,4.743763466794077
CHEMBL5174183,O=C(CN1CCN(Cc2ccccc2)CC1)Nc1n[nH]c2ncccc12,active,350.42600000000004,1.714199999999999,2,5,6.521433504406157
CHEMBL5185422,O=C(CCN1CCCCC1)Nc1n[nH]c2ncccc12,active,273.34000000000003,1.7723999999999993,2,4,6.181774106386045
CHEMBL5194732,O=C(CCN1CCOCC1)Nc1n[nH]c2ncccc12,active,275.312,0.6186999999999999,2,5,6.560667306169737
CHEMBL5176917,CN1CCN(CCC(=O)Nc2n[nH]c3ncccc23)CC1,active,288.35500000000013,0.5338999999999996,2,5,6.073657553374345
CHEMBL5199487,O=C(CCN1CCN(Cc2ccccc2)CC1)Nc1n[nH]c2ncccc12,active,364.4530000000001,2.1042999999999994,2,5,7.468521082957745
CHEMBL5183077,O=C(CCN1CCN(c2ccccc2)CC1)Nc1n[nH]c2ncccc12,active,350.42600000000004,2.1087,2,5,6.638272163982407
CHEMBL5197114,Cc1ccc2nc3c(c(N4CCCCC4)c2c1)CCCC3,active,280.41499999999996,4.412320000000004,0,2,6.928117992693875
CHEMBL5203109,Cc1ccc2nc3c(c(N4CCN(C)CC4)c2c1)CCCC3,active,295.43000000000006,3.173820000000002,0,3,6.356547323513812
CHEMBL5172647,COc1cc2nc3c(c(N4CCOCC4)c2cc1OC)CCCC3,active,328.41200000000015,2.9674000000000014,0,5,7.2076083105017466
CHEMBL5199361,CN1CCN(c2c3c(nc4ccc([N+](=O)[O-])cc24)CCCC3)CC1,active,326.4000000000002,2.773600000000001,0,5,6.610833915635467
CHEMBL5182809,Cc1ccc2nc3c(c(Nc4[nH]nc5ncccc45)c2c1)CCCC3,active,329.4070000000002,4.436920000000003,2,4,6.090979145788844
CHEMBL5174252,O=[N+]([O-])c1ccc2nc3c(c(Nc4[nH]nc5ncccc45)c2c1)CCCC3,active,360.37700000000024,4.036700000000002,2,6,6.52432881167557
CHEMBL5205489,Nc1nn(-c2c3c(nc4ccc([N+](=O)[O-])cc24)CCCC3)c2ncccc12,active,360.3770000000001,3.337900000000002,1,7,7.251811972993799
CHEMBL5190530,Cc1ccc2nc3c(c(NCCO)c2c1)CCCC3,active,256.34899999999993,2.826220000000001,2,3,6.7447274948966935
CHEMBL5175815,Cc1ccc2nc3c(c(NCCCl)c2c1)CCCC3,active,274.795,4.072720000000003,1,2,6.117475462045119
CHEMBL5199187,Cc1ccc2nc3c(c(NCCN4CCOCC4)c2c1)CCCC3,active,325.45600000000013,3.166120000000002,1,4,6.882728704344236
CHEMBL5177066,Cc1ccc2nc3c(c(NCCN4CCN(C)CC4)c2c1)CCCC3,active,338.49900000000014,3.0813200000000016,1,4,6.011441043121384
CHEMBL5184869,Cc1ccc2nc3c(c(N4CCN(c5c6c(nc7ccc(C)cc57)CCCC6)CC4)c2c1)CCCC3,active,476.6680000000005,6.4840400000000065,0,4,6.283162276700476
CHEMBL5185354,CC(=O)Nc1ccc2nc3c(c(N4CCCCC4)c2c1)CCCC3,active,323.44000000000005,4.062300000000003,1,3,6.521433504406157
CHEMBL502,COc1cc2c(cc1OC)C(=O)C(CC1CCN(Cc3ccccc3)CC1)C2,active,379.50000000000017,4.361100000000004,0,4,7.267606240177032
CHEMBL95,Nc1c2c(nc3ccccc13)CCCC2,active,198.26899999999992,2.695800000000001,1,2,7.00436480540245
CHEMBL5169560,c1ccc2c(NCCN3CCOCC3)c3c(nc2c1)CCCC3,active,311.4290000000001,2.8577000000000012,1,4,7.031517051446065
CHEMBL5182776,CCCCC1OC(=O)c2cc(OCc3ccc(CN(CC)CC)c(O)c3)ccc21,active,397.51500000000016,5.214700000000006,1,5,6.455931955649724
CHEMBL5178355,CCCCC1OC(=O)c2cc(OCc3ccc(CN4CCCCC4)c(O)c3)ccc21,active,409.52600000000024,5.358800000000006,1,5,7.3872161432802645
CHEMBL5183299,CCCCC1OC(=O)c2cc(OCc3ccc(CN4CCN(C)CC4)c(O)c3)ccc21,inactive,424.5410000000002,4.120300000000003,1,6,4.624153563690844
CHEMBL5204900,O=C(Nc1ccc(OC(F)(F)F)cc1)NC1CCN(C(=O)CCNc2c3c(nc4cc(Cl)ccc24)CCCC3)CC1,active,590.0459999999999,6.280300000000005,3,5,7.838631997765025
CHEMBL5200047,O=C(Nc1ccc(OC(F)(F)F)cc1)NC1CCN(C(=O)CCCNc2c3c(nc4cc(Cl)ccc24)CCCC3)CC1,active,604.0729999999999,6.670400000000005,3,5,8.567030709125595
CHEMBL5178885,O=C(Nc1ccc(OC(F)(F)F)cc1)NC1CCN(C(=O)CCCCNc2c3c(nc4cc(Cl)ccc24)CCCC3)CC1,active,618.0999999999999,7.060500000000006,3,5,7.889410289700751
CHEMBL5207628,CC1=C[C@@H]2Cc3nc4cc(Cl)ccc4c(NCCCCC(=O)N4CCC(NC(=O)Nc5ccc(OC(F)(F)F)cc5)CC4)c3[C@H](C1)C2,active,670.1760000000003,8.177700000000005,3,5,8.712198270069774
CHEMBL1668934,CC(=O)N1CCC(NC(=O)Nc2ccc(OC(F)(F)F)cc2)CC1,inactive,345.3210000000001,2.717600000000001,2,3,3.939302159646388
CHEMBL292314,Nc1c2c(nc3cc(Cl)ccc13)CCCC2,active,232.71399999999994,3.3492000000000015,1,2,7.838631997765025
CHEMBL2007996,CC1=C[C@@H]2Cc3nc4cc(Cl)ccc4c(N)c3[C@H](C1)C2,active,284.7900000000001,4.466400000000003,1,2,9.130768280269024
CHEMBL2021616,CC1=C[C@H]2Cc3nc4cc(Cl)ccc4c(N)c3[C@@H](C1)C2,active,284.7900000000001,4.466400000000003,1,2,6.493494967595128
CHEMBL5180743,CN(CCC1CCCCCC1)Cc1c[nH]c2ccccc12,inactive,284.447,4.960200000000005,1,1,4.598599459218456
CHEMBL5184276,CCCC[N+](C)(CCCc1c[nH]c2ccccc12)CCC1CCCCCC1.[I-],inactive,496.52100000000036,3.711700000000002,1,0,4.63445585997053
CHEMBL5189830,CN(C)C1CCC(CCN(CCCc2c[nH]c3ccccc23)CCC2CCCCCC2)CC1,inactive,451.74300000000045,7.273500000000008,1,2,4.900664722314042
CHEMBL5207319,CN(CCC1CCN(Cc2ccccc2)CC1)Cc1c[nH]c2ccccc12,inactive,361.5330000000001,4.902000000000005,1,2,4.4699284311626215
CHEMBL5169453,CCCCN(CCOc1cccc2c(OC(=O)N(C)C)cccc12)CCC1CCCCCC1,active,454.6550000000004,6.741600000000008,0,4,7.319664486585436
CHEMBL5183251,CCCCN(CCC1CCCCCC1)Cc1cc2ccccc2cc1O,inactive,353.54999999999995,6.508000000000008,1,2,4.729950356732839
CHEMBL5190129,CCCCN(CCC1CCCCCC1)Cc1ccc(OC(=O)N(C)C)c2ccccc12,active,424.62900000000013,6.862800000000009,0,3,6.99481948749622
CHEMBL5189102,CCCCN(CCc1c[nH]c2cc(O)ccc12)CCC1CCCCCC1,inactive,356.55400000000026,5.878600000000006,2,2,4.150955457470634
CHEMBL5192664,CCCCN(CCC1CCCCCC1)Cc1cn(OC(=O)N(C)C)c2ccccc12,active,413.6060000000001,5.714100000000006,0,4,6.818442226137214
CHEMBL4800073,C[C@H]1CCCN1Cc1nc2cc(NC(=O)c3ccc4cnccc4c3)ccc2[nH]1,active,385.47100000000006,4.347700000000002,2,4,6.6020599913279625
CHEMBL5220250,O=c1c(NCCCCc2c3c(nc4cc(Cl)ccc24)CCCC3)c(NCCCCc2c3c(nc4ccc(Cl)cc24)CCCC3)c1=O,active,655.6700000000002,8.313000000000004,2,6,8.698970004336019
CHEMBL5219098,O=c1c(NCCCCCCCc2c3c(nc4ccccc24)CCCC3)c(NCCCCCCCc2c3c(nc4ccccc24)CCCC3)c1=O,active,670.9420000000002,9.346800000000002,2,6,7.886056647693163
CHEMBL5219563,C/C=C1\CN2CCc3c([nH]c4ccccc34)[C@@H]2C[C@@H]1/C(=C\OC)C(=O)OC,active,366.4610000000002,3.736600000000003,1,4,7.6307841425898575
CHEMBL4458033,C=C[C@H]1COC(=O)C2=CN3CCc4c([nH]c5cccc(O[C@@H]6O[C@H](CO)[C@@H](O)[C@H](O)[C@H]6O)c45)[C@@H]3C[C@H]21,active,498.5320000000002,0.5085999999999995,5,9,7.978810700930062
CHEMBL94,CNC(=O)Oc1ccc2c(c1)[C@]1(C)CCN(C)[C@@H]1N2C,active,275.352,1.7739,1,4,7.552841968657781
CHEMBL74926,CN1CC[C@@]2(C)c3cc(OC(=O)Nc4ccccc4)ccc3N(C)[C@@H]12,active,337.42300000000006,3.6666000000000025,1,4,7.619788758288394
CHEMBL129837,CC(C)c1ccc(NC(=O)Oc2ccc3c(c2)[C@]2(C)CCN(C)[C@@H]2N3C)cc1,active,379.50400000000013,4.7900000000000045,1,4,6.120330794367947
CHEMBL4089082,CC(C)c1ccc(NC(=O)Oc2ccc3c(c2)[C@]2(C)CCN[C@@H]2N3)cc1,active,351.45000000000005,4.423500000000002,3,4,6.958607314841775
CHEMBL1080386,CC(C)c1ccc(NC(=O)Oc2ccc3c(c2)[C@]2(C)CCN(CCc4ccccc4)[C@@H]2N3C)cc1,inactive,469.62900000000025,6.402900000000008,1,4,4.522878745280337
CHEMBL204895,CCNC(=O)Oc1ccc2c(c1)[C@]1(C)CCO[C@@H]1O2,active,263.29299999999995,2.1914,1,4,7.443697499232712
CHEMBL426674,Cc1ccccc1NC(=O)Oc1ccc2c(c1)[C@]1(C)CCO[C@@H]1O2,active,325.3640000000001,4.0024200000000025,1,4,7.638272163982407
CHEMBL130458,Cc1ccccc1NC(=O)Oc1ccc2c(c1)[C@]1(C)CCN(C)[C@@H]1N2C,active,351.4500000000001,3.9750200000000033,1,4,7.987162775294828
CHEMBL205231,CNC(=O)Oc1ccc2c(c1)[C@]1(C)CCO[C@@H]1N2C,active,262.30899999999997,1.8587,1,4,8.397940008672037
CHEMBL1243360,CCOC(=O)C1=CN(C)c2cccc(OC(=O)N(C)C)c2C1,inactive,304.3460000000001,2.1863,0,5,3.0
CHEMBL5219352,CCOC(=O)c1cc2c(OC(=O)N(C)C)cccc2[n+](C)c1.O=C([O-])C(F)(F)F,active,416.3520000000001,1.2,0,6,8.154901959985743
CHEMBL5221017,COC(=O)C1=CN([11CH3])c2cccc(OC(=O)N(C)C)c2C1,inactive,289.3194336000001,1.7962,0,5,3.0
CHEMBL5220983,COC(=O)c1cc2c(OC(=O)N(C)C)cccc2[n+]([11CH3])c1,active,288.3114336,1.5112999999999999,0,4,7.698970004336019
CHEMBL5219350,CCN1/C(=C/C(C)=O)Sc2ccc(OC(=O)OCCOCCNC(=O)c3cc4c(OC(=O)N(C)C)cccc4[n+](C)c3)cc21.COS(=O)(=O)[O-],active,734.8060000000004,3.142100000000002,1,14,7.089375595110798
CHEMBL5218491,O=C(Oc1cc(O)c2c(=O)cc(-c3ccc(O)cc3)oc2c1)N1CCCCC1,inactive,381.38400000000024,3.855900000000002,2,6,4.204119982655925
CHEMBL5219452,CNC(=O)Oc1cccc2c1CCC1C2CCN1CCC1CCCCC1,active,356.5100000000002,4.479300000000005,1,3,7.236572006437063
CHEMBL5220560,CCC(C)(C)NCC(O)c1cc(O)cc(OC(=O)N(C)C)c1,inactive,310.394,2.2641999999999998,3,5,4.698970004336019
CHEMBL340427,CNC(=O)Oc1cccc(CN(C)CCCOc2ccc3c(=O)c4ccccc4oc3c2)c1,active,446.5030000000001,4.565300000000004,1,6,9.522878745280337
CHEMBL189957,CNC(=O)Oc1cccc(CN(C)CCCCCCCOc2ccc3c(=O)c4ccccc4oc3c2)c1,active,502.6110000000002,6.125700000000006,1,6,7.287350298372789
CHEMBL127857,CN(CCCOc1ccc2c(=O)c3ccccc3oc2c1)Cc1cccc(OC(=O)NCCCCCCCCCN2CCOCC2)c1,active,643.8249999999999,6.998400000000007,1,8,8.050609993355087
CHEMBL5220283,CNC(=O)Oc1cccc(CN(C)CCCCCCOc2ccc3c(c2)O/C(=C\c2cc(OC)c(OC)c(OC)c2)C3=O)c1,active,604.7000000000003,6.118000000000007,1,9,9.2839966563652
CHEMBL5218900,CNC(=O)Oc1cccc(CN(C)CCCCCCOc2ccc(C(=O)/C=C/c3cc(OC)c(OC)c(OC)c3)c(O)c2)c1,active,606.7160000000002,6.1035000000000075,2,9,8.876148359032914
CHEMBL5218632,CNC(=O)Oc1cccc(CN(C)CCCCCCCOc2ccc(-c3cc(=O)c4ccccc4o3)cc2)c1,active,528.6490000000002,6.639500000000007,1,6,9.136677139879543
CHEMBL5219771,CNC(=O)Oc1cccc(CN(C)CCCCCCCOc2cccc(-c3cc(=O)c4ccccc4o3)c2)c1,active,528.6490000000002,6.639500000000007,1,6,9.2839966563652
CHEMBL2047525,CNC(=O)Oc1cccc(CN(C)CCCCCCCOc2ccc(-c3cc4ccccc4oc3=O)cc2)c1,active,528.6490000000002,6.639500000000007,1,6,8.920818753952375
CHEMBL5218931,CC(=O)N1CC[C@@]2(O)c3cc(OC(=O)Nc4ccccc4)ccc3N[C@@H]12,active,353.37800000000004,2.4889,3,5,6.6020599913279625
CHEMBL5220093,COc1ccc(NC(=O)Oc2ccc3c(c2)[C@]2(O)CCN(C(C)=O)[C@@H]2N3)cc1,inactive,383.40400000000017,2.4974999999999996,3,6,4.0
CHEMBL5219232,C#CCN[C@@H]1CCc2ccc(OC(=O)N(C)CC)cc21.C#CCN[C@@H]1CCc2ccc(OC(=O)N(C)CC)cc21,inactive,544.6960000000003,4.694400000000004,2,6,3.0
CHEMBL1195259,C#CCNC1CCc2c(OC(=O)N(C)C)cccc21,inactive,258.321,1.9571,1,3,4.0655015487564325
CHEMBL1193656,C#CCNC1CCc2c(OC(=O)N(C)CC)cccc21,inactive,272.348,2.347200000000001,1,3,3.8239087409443187
CHEMBL1193856,C#CCN(C)C1CCc2cccc(OC(=O)N(C)C)c21,inactive,272.348,2.2993000000000006,0,3,3.136677139879544
CHEMBL5220742,O=C1CCOc2cc(OCCCCCSC(=S)N3CCCCC3)ccc21,active,393.5740000000002,4.704900000000004,0,5,7.0
CHEMBL5218447,CN(CCCOc1ccc2ccc(=O)oc2c1)Cc1cccc(OC(=O)NC2CCCC2)c1,active,450.53500000000025,4.724900000000004,1,6,6.283162276700476
CHEMBL5220375,CN(CCCOc1ccc2ccc(=O)oc2c1)Cc1cccc(OC(=O)NC2CCCCC2)c1,active,464.5620000000003,5.115000000000005,1,6,6.982966660701219
CHEMBL5219522,Cc1c(Cl)c(=O)oc2cc(OCCCCSC(=S)N3CCCCC3C)ccc12,active,440.0300000000002,5.806320000000006,0,5,8.167491087293763
CHEMBL5219483,Cc1c(Cl)c(=O)oc2cc(OCCCCSC(=S)N3C(C)CCCC3C)ccc12,active,454.0570000000002,6.194820000000005,0,5,6.943095148663527
CHEMBL5219841,COc1cccc2c1CCCC2NS(=O)(=O)NC(=O)OCc1ccccc1,active,390.4610000000001,2.833400000000001,2,5,9.679853713888946
CHEMBL147527,C#CCN(C)C(C)Cc1cccc(OC(=O)N(C)CC)c1,inactive,288.391,2.6331000000000007,0,3,3.630784142589857
CHEMBL5219046,CC[C@@]1(c2cccc(OC(=O)Nc3ccccc3)c2)CCCCN(C)C1,active,352.47800000000024,5.061000000000004,1,3,6.562249437179612
CHEMBL5219594,O=c1[nH]c2ccc(OCc3ccc(F)cc3)cc2c(=O)o1,inactive,287.24600000000004,2.1994,1,4,4.1180450286604
CHEMBL5219958,CC(C)c1ccc(COc2ccc3[nH]c(=O)oc(=O)c3c2)cc1,inactive,311.33700000000005,3.1837000000000018,1,4,4.259637310505756
CHEMBL3416658,COc1cc(/C=C2\Oc3cc(OCCN4CCCCC4)ccc3C2=O)cc(OC)c1OC,active,439.5080000000002,4.193300000000003,0,7,6.374687549038326
CHEMBL3416669,COc1ccc2c(c1)O/C(=C\c1ccc(OCCN3CCCCC3)c(Cl)c1)C2=O,active,413.90100000000024,4.829500000000005,0,5,6.795880017344075
CHEMBL5267000,O=C1/C(=C/c2ccc(OCCN3CCCCC3)cc2)Oc2ccccc21,active,349.43,4.167500000000003,0,4,6.458420756053419
CHEMBL3416654,COc1ccc(/C=C2\Oc3cc(OCCN4CCCCC4)ccc3C2=O)cc1,active,379.45600000000013,4.1761000000000035,0,5,6.073143291050307
CHEMBL5272095,O=C1/C(=C/c2ccc(OCCN3CCCC3)cc2)Oc2ccccc21,active,335.403,3.7774000000000028,0,4,6.2636034977233574
CHEMBL3416657,COc1cc(/C=C2\Oc3cc(OCCN4CCCC4)ccc3C2=O)cc(OC)c1OC,active,425.48100000000017,3.803200000000003,0,7,6.191789027075778
CHEMBL5285953,CCOc1ccc2c(c1)O/C(=C\c1ccc(OCCN3CCCCC3)cc1)C2=O,active,393.48300000000023,4.566200000000003,0,5,7.346787486224656
CHEMBL4287970,COc1cc2oc(C(=O)NCCC3CCN(Cc4ccccc4)CC3)cc(=O)c2cc1OC,active,450.5350000000002,3.8423000000000025,1,6,7.337242168318426
CHEMBL4754186,O=c1ccoc2ccc(OCCCN3CCCCCC3)cc12,inactive,301.386,3.4379000000000026,0,4,4.97469413473523
CHEMBL5278858,O=c1c(O)c(-c2ccccc2)oc2cc(Br)c(I)cc12,inactive,443.034,4.532700000000001,1,3,5.0
CHEMBL5270908,COc1ccc(-c2cc3cc4c(=O)c(C=O)coc4cc3o2)cc1,inactive,320.3,4.027300000000002,0,5,5.0
CHEMBL5272435,COc1ccc2c(=O)cc(C(=O)NCCN3CCCCC3)oc2c1,active,330.3840000000001,2.0172999999999996,1,5,7.045757490560675
CHEMBL5266377,CCOP(=O)(OCC)C(NCCc1ccc(OC)cc1)c1coc2ccccc2c1=O,active,445.4520000000002,4.8986000000000045,1,7,7.0
CHEMBL502,COc1cc2c(cc1OC)C(=O)C(CC1CCN(Cc3ccccc3)CC1)C2,active,379.50000000000017,4.361100000000004,0,4,7.6020599913279625
CHEMBL5278147,COc1cc2c(cc1OC)/C(=N\NC(=O)C(C)c1ccc(CC(C)C)cc1)C(CC1CCN(Cc3ccccc3)CC1)C2,active,581.8010000000002,7.000900000000008,1,5,7.823908740944319
CHEMBL5272491,COc1ccc2c(c1)c(CC(=O)N/N=C1\c3cc(OC)c(OC)cc3CC1CC1CCN(Cc3ccccc3)CC1)c(C)n2C(=O)c1ccc(Cl)cc1,active,733.3090000000001,7.855020000000009,1,8,6.292429823902063
CHEMBL5289604,COc1cc2c(cc1OC)/C(=N\NC(=O)c1ccccc1OC(C)=O)C(CC1CCN(Cc3ccccc3)CC1)C2,active,555.6750000000002,5.237800000000005,1,7,7.337242168318426
CHEMBL5284423,COc1ccc2cc([C@H](C)C(=O)N/N=C3\c4cc(OC)c(OC)cc4CC3CC3CCN(Cc4ccccc4)CC3)ccc2c1,active,605.7790000000002,6.964200000000008,1,6,6.823908740944319
CHEMBL5288918,COc1cc2c(cc1OC)/C(=N\NC(=O)C(NC(=O)C(C)c1ccc(CC(C)C)cc1)C(C)C)C(CC1CCN(Cc3ccccc3)CC1)C2,active,680.9339999999999,7.141700000000008,2,6,6.3979400086720375
CHEMBL5277364,COc1cc2c(cc1OC)/C(=N\NC(=O)C(CC(C)C)NC(=O)C(C)c1ccc(CC(C)C)cc1)C(CC1CCN(Cc3ccccc3)CC1)C2,active,694.9609999999999,7.531800000000009,2,6,6.455931955649724
CHEMBL5272511,COc1cc2c(cc1OC)/C(=N\N)C(CC1CCN(Cc3ccccc3)CC1)C2,active,393.5310000000002,3.8412000000000033,1,5,6.721246399047171
CHEMBL5286517,COc1cc2c(cc1OC)C(=O)[C@]1(C2)[C@H](c2ccc(C)cc2)[C@H](Cc2c[nH]c3ccccc23)NC12C(=O)Nc1ccccc12,inactive,583.6880000000001,6.064620000000004,3,5,4.846490010699163
CHEMBL5269984,CCN(C)C(=O)Oc1ccc(C(CCOc2ccc([N+](=O)[O-])cc2)NC)cc1,active,387.43600000000004,3.7749000000000024,1,6,6.995678626217358
CHEMBL5265846,CCN(C)C(=O)Oc1ccc2c(c1)C=CC(C)N(C)C2CCOc1ccc([N+](=O)[O-])cc1,active,439.5120000000002,4.902600000000005,0,6,7.853871964321762
CHEMBL4790416,C#CCOc1ccc(-c2cc(-c3ccc(OCCN4CCOCC4)cc3)nc(N)n2)cc1,active,430.5080000000002,3.1158,1,7,7.516270100999976
CHEMBL5270248,Cc1c(C)c2c(c(C)c1O)CCC(C)(C(=O)NCCC1CCN(Cc3ccccc3F)CC1)O2,active,468.6130000000003,4.958760000000004,2,4,6.267606240177032
CHEMBL1524,CN1CC[C@@]23C=C[C@H](O)C[C@@H]2Oc2c(O)ccc(c23)C1,active,273.332,1.5473,2,4,7.0
CHEMBL659,COc1ccc2c3c1O[C@H]1C[C@@H](O)C=C[C@@]31CCN(C)C2,active,287.35900000000004,1.8503,1,4,6.0
CHEMBL659,COc1ccc2c3c1O[C@H]1C[C@@H](O)C=C[C@@]31CCN(C)C2,active,287.35900000000004,1.8503,1,4,6.455931955649724
CHEMBL5271815,C/C=C1/CN2CCc3c([nH]c4ccccc34)[C@@H]2CC1/C(=C\C(=O)OC)OC,active,366.4610000000002,3.736600000000003,1,4,8.431798275933005
CHEMBL5275040,COc1cc([C@@H](O)[C@H](CO[C@@H]2O[C@H](CO)[C@@H](O)[C@H](O)[C@H]2O)Oc2ccc(CCCO)cc2OC)ccc1O,active,540.5620000000004,-0.36819999999999914,7,12,6.1249387366083
CHEMBL275224,c1ccc2c(c1)[nH]c1cnccc12,inactive,168.19899999999998,2.7161,1,1,4.3979400086720375
CHEMBL5274086,COc1ccc2c3ccnc(C)c3n(CC3CC(c4ccccc4)=NO3)c2c1,inactive,371.44,4.699720000000005,0,5,4.958607314841775
CHEMBL12014,Cc1nccc2c1[nH]c1ccccc12,inactive,182.226,3.0245200000000008,1,1,5.0
CHEMBL5285181,CCOC(=O)[n+]1ccc2c([nH]c3cc(OC)ccc32)c1C,active,285.32300000000004,2.930220000000001,1,3,6.6020599913279625
CHEMBL5285678,CC(C)n1c2ccccc2c2cc[n+](-c3ccccc3)cc21,active,287.386,4.6521000000000035,0,1,6.267606240177032
CHEMBL5283780,Cc1ccc2c(c1)c1cc[n+](-c3ccccc3)cc1n2C,active,273.35900000000004,3.9166200000000018,0,1,6.376750709602099
CHEMBL5287537,Cc1ccc(-[n+]2ccc3c4ccccc4n(C)c3c2)cc1,active,273.35900000000004,3.9166200000000027,0,1,6.5376020021010435
CHEMBL5282524,Cn1c2ccccc2c2cc[n+](-c3ccc(I)cc3)cc21,active,385.228,4.212800000000002,0,1,6.619788758288394
CHEMBL5281758,Cn1c2ccccc2c2cc[n+](-c3ccc(Cl)cc3)cc21,active,293.77700000000004,4.261600000000002,0,1,6.251811972993799
CHEMBL5287537,Cc1ccc(-[n+]2ccc3c4ccccc4n(C)c3c2)cc1,active,273.35900000000004,3.9166200000000027,0,1,6.522878745280337
CHEMBL5282524,Cn1c2ccccc2c2cc[n+](-c3ccc(I)cc3)cc21,active,385.228,4.212800000000002,0,1,6.522878745280337
CHEMBL5281758,Cn1c2ccccc2c2cc[n+](-c3ccc(Cl)cc3)cc21,active,293.77700000000004,4.261600000000002,0,1,6.522878745280337
CHEMBL5276404,Cn1c2ccccc2c2cc[n+](-c3ccc(Br)cc3)cc21,active,338.228,4.370700000000003,0,1,6.522878745280337
CHEMBL5270788,COc1ccc(-[n+]2ccc3c4ccccc4n(C)c3c2)cc1,active,289.358,3.6168000000000022,0,2,6.522878745280337
CHEMBL3343927,O=C(NCCCCCCNc1c2c(nc3ccccc13)CCCC2)[C@@H]1Cc2c([nH]c3ccccc23)CN1,active,495.6710000000004,5.397900000000004,4,4,7.657577319177793
CHEMBL5272549,CC1c2[nH]c3ccccc3c2CCN1C(=O)/C=C/c1ccc(O)c(O)c1,inactive,348.402,3.7382000000000035,3,3,4.6777807052660805
CHEMBL5266191,O=C1C2Cc3c([nH]c4ccccc34)[C@@H](c3ccc4c(c3)OCO4)N2C(=O)CN1CCC1CCN(Cc2ccccc2)CC1,active,576.6970000000003,4.883800000000005,1,5,7.443697499232712
CHEMBL5271210,O=C1[C@@H]2Cc3c([nH]c4ccccc34)[C@@H](c3ccc4c(c3)OCO4)N2C(=O)CN1CCC1CCN(Cc2ccccc2)CC1,active,576.6970000000003,4.883800000000005,1,5,7.494850021680094
CHEMBL5275356,COc1ccc([C@@H]2c3[nH]c4ccccc4c3C[C@H]3C(=O)N(CCC4CCN(Cc5ccccc5)CC4)CC(=O)N23)cc1,active,562.7140000000004,5.163700000000005,1,4,7.823908740944319
CHEMBL5280639,COc1ccc([C@@H]2c3[nH]c4ccccc4c3C[C@@H]3C(=O)N(CCC4CCN(Cc5ccccc5)CC4)CC(=O)N23)cc1,active,562.7140000000004,5.163700000000005,1,4,7.508638306165727
CHEMBL1198993,c1ccc2c(c1)[nH]c1c[n+](CCCCCCCCCCCC[n+]3ccc4c(c3)[nH]c3ccccc34)ccc12,inactive,504.72200000000015,8.131800000000005,2,0,4.0655015487564325
CHEMBL1198953,C[n+]1ccc2c3ccccc3n(CCCCCCCCCn3c4ccccc4c4cc[n+](C)cc43)c2c1,active,490.69500000000016,6.982300000000008,0,2,9.221848749616356
CHEMBL5280980,C[n+]1ccc2c3ccccc3n(CCc3ccccc3)c2c1,active,287.386,3.8617000000000026,0,1,9.301029995663981
CHEMBL5267519,Cn1c2ccccc2c2cc[n+](-c3ccc(Br)cc3Br)cc21,active,417.124,5.133200000000003,0,1,6.958607314841775
CHEMBL5285181,CCOC(=O)[n+]1ccc2c([nH]c3cc(OC)ccc32)c1C,active,285.32300000000004,2.930220000000001,1,3,6.6020599913279625
CHEMBL5283780,Cc1ccc2c(c1)c1cc[n+](-c3ccccc3)cc1n2C,active,273.35900000000004,3.9166200000000018,0,1,6.376750709602099
CHEMBL5287537,Cc1ccc(-[n+]2ccc3c4ccccc4n(C)c3c2)cc1,active,273.35900000000004,3.9166200000000027,0,1,6.619788758288394
CHEMBL5282524,Cn1c2ccccc2c2cc[n+](-c3ccc(I)cc3)cc21,active,385.228,4.212800000000002,0,1,6.619788758288394
CHEMBL5276404,Cn1c2ccccc2c2cc[n+](-c3ccc(Br)cc3)cc21,active,338.228,4.370700000000003,0,1,6.619788758288394
CHEMBL5267519,Cn1c2ccccc2c2cc[n+](-c3ccc(Br)cc3Br)cc21,active,417.124,5.133200000000003,0,1,6.958607314841775
CHEMBL5269148,Cn1c2c(c3ccccc31)CC[N+](c1ccc(Br)cc1Br)=C2,inactive,419.13999999999993,5.0225000000000035,0,1,5.0
CHEMBL3262489,CCCCCCCNC(=O)Oc1ccc2c(c1)CN1CCc3c([nH]c4ccccc34)C1N2C,inactive,446.5950000000002,5.733400000000005,2,4,5.0
CHEMBL5315772,Cc1cc2cc3n(c(=O)c2cn1)CCc1c-3[nH]c2ccccc12,inactive,301.349,3.409320000000002,1,3,4.657577319177793
CHEMBL3559488,COC(=O)C1=CO[C@@H](C)[C@H]2C[n+]3ccc4c([nH]c5ccccc54)c3C[C@H]12,active,349.4100000000001,2.872700000000001,1,3,6.107905397309519
CHEMBL5278053,O=C(CCN1CCCC1)Nc1ccc2c(c1)CN1CCc3c([nH]c4ccccc34)C1=N2,active,413.5250000000002,4.042300000000003,2,4,7.5376020021010435
CHEMBL1098308,O=C(CN1CCCCC1)Nc1ccc2nc3c4[nH]c5ccccc5c4ccn3c(=O)c2c1,active,425.4920000000002,3.906600000000002,2,5,8.0
CHEMBL5266165,COc1cc2c(cc1OC)C(=O)/C(=C/c1ccc(OCCN3CCCCC3)cc1)C2,active,407.51000000000033,4.390900000000004,0,5,6.522878745280337
CHEMBL5272912,COc1ccc2c(c1)c(C=O)cn2CCCCCCCCCCCCN(C)Cc1cccc(O)c1,inactive,478.67700000000036,7.201000000000008,1,5,4.116225038644742
CHEMBL5278778,COc1ccc2c(c1)c(C=O)cn2CCCCCCCCCCN(C)Cc1ccc(O)cc1,active,450.6230000000003,6.420800000000007,1,5,6.221848749616356
CHEMBL5283238,COc1ccc2c(c1)c(C=O)cn2CCCCCCCCCCCCN(C)Cc1ccc(O)cc1,inactive,478.67700000000036,7.201000000000008,1,5,4.21745571598999
CHEMBL5269046,COc1ccc2c(c1)c(C=O)cn2CCCCCCCCCCCCN(C)Cc1ccc(OC)c(OC)c1,inactive,522.7300000000005,7.512600000000008,0,6,4.347173697438995
CHEMBL5282063,CCN(CCCCCCCCCCCCn1cc(C=O)c2cc(OC)ccc21)Cc1cccc(O)c1,inactive,492.70400000000024,7.59110000000001,1,5,4.371713268910486
CHEMBL5270722,CN(CCCCCCCCCCCCn1cc(C=O)c2cc(O)ccc21)Cc1cccc(O)c1,inactive,464.6500000000002,6.8980000000000095,2,5,3.7508261105928877
CHEMBL502,COc1cc2c(cc1OC)C(=O)C(CC1CCN(Cc3ccccc3)CC1)C2,active,379.50000000000017,4.361100000000004,0,4,7.494850021680094
CHEMBL5280671,COc1cc(O)cc(-c2cc3ccc(O)c(C/C=C(\C)CCC=C(C)C)c3o2)c1CC=C(C)C,inactive,460.6140000000004,8.263500000000006,2,4,3.6989700043360187
CHEMBL517247,CC(C)=CCC/C(C)=C/Cc1c(O)ccc2cc(-c3cc(O)cc(O)c3CC=C(C)C)oc12,inactive,446.5870000000002,7.960500000000008,3,4,4.637329070274333
CHEMBL5277231,CC12CC(c3c(O)cc(-c4cc5ccc(O)cc5o4)cc3O)CC3c4ccc(O)cc4OC31C2,inactive,456.49400000000026,6.124600000000007,4,6,3.6989700043360187
CHEMBL5278221,CC(C)=CCC/C(C)=C/CC/C(C)=C\Cc1c(O)cc(O)c(CC=C(C)C)c1-c1cc2ccc(O)cc2o1,inactive,514.7060000000002,9.68699999999999,3,4,4.856360764725457
CHEMBL4097388,Cc1cc2c(c(C)c1CCO[C@@H]1O[C@H](CO)[C@@H](O)[C@H](O)[C@H]1O)C(=O)C(C)(C)[C@H]2O,inactive,410.46300000000014,-0.08166000000000023,5,8,4.562249437179612
CHEMBL471187,Oc1cc(O)cc(Oc2c(O)cc(O)c3c2Oc2c(O)cc(O)cc2O3)c1,inactive,372.2850000000001,3.610500000000002,6,9,4.998699066979582
CHEMBL226335,C[C@@H]1O[C@@H](OC[C@H]2O[C@@H](Oc3c(-c4ccc(O)c(O)c4)oc4cc(O)cc(O)c4c3=O)[C@H](O)[C@@H](O)[C@@H]2O)[C@H](O)[C@H](O)[C@H]1O,inactive,610.5210000000004,-1.6871000000000003,10,16,3.9457700901366026
CHEMBL5268811,COc1ccc(NCC2CCN(Cc3ccccc3)CC2)cc1,active,310.4410000000001,4.019300000000003,1,3,6.782516055786093
CHEMBL5274016,COc1ccccc1NCC1CCN(Cc2ccccc2)CC1,active,310.44100000000003,4.019300000000003,1,3,6.804100347590766
CHEMBL5287982,COc1ccc(NCC2CCN(Cc3ccccc3)CC2)cc1OC,active,340.46700000000016,4.027900000000003,1,4,6.838631997765025
CHEMBL5268019,COc1ccc(NC(=O)C2CCN(C(=O)c3ccccc3)CC2)cc1,active,338.4070000000001,3.1861000000000015,1,3,8.009661145212398
CHEMBL5266286,COc1ccccc1NC(=O)C1CCN(C(=O)c2ccccc2)CC1,active,338.40700000000004,3.1861000000000015,1,3,8.072629636960976
CHEMBL1613299,COc1ccc(NC(=O)C2CCN(C(=O)c3ccccc3)CC2)cc1OC,active,368.43300000000016,3.194700000000002,1,4,8.386158178123932
CHEMBL5268897,CCC1=CC2Cc3nc4cc(Cl)ccc4c(NCCCN4CCC(CC5Cc6cc(OC)c(OC)cc6C5)CC4)c3C(C1)C2.Cl.Cl,active,687.1960000000001,9.454199999999997,1,5,8.414539270491499
CHEMBL5268897,CCC1=CC2Cc3nc4cc(Cl)ccc4c(NCCCN4CCC(CC5Cc6cc(OC)c(OC)cc6C5)CC4)c3C(C1)C2.Cl.Cl,active,687.1960000000001,9.454199999999997,1,5,8.199282921717614
CHEMBL5276617,CCC1=CC2Cc3nc4cc(Cl)ccc4c(NCCN4CCC(CC5Cc6cc(OC)c(OC)cc6C5)CC4)c3C(C1)C2.Cl.Cl,active,673.1690000000002,9.064099999999998,1,5,7.543633966870957
CHEMBL5276338,COc1cc2c(cc1OC)CC(CC1CCN(CCCNc3c4c(nc5cc(Cl)ccc35)CC3C=C(C)CC4C3)CC1)C2.Cl.Cl,active,673.1689999999999,9.064099999999998,1,5,8.58335949266172
CHEMBL5276338,COc1cc2c(cc1OC)CC(CC1CCN(CCCNc3c4c(nc5cc(Cl)ccc35)CC3C=C(C)CC4C3)CC1)C2.Cl.Cl,active,673.1689999999999,9.064099999999998,1,5,8.270025714300445
CHEMBL5290959,COc1cc2c(cc1OC)CC(CC1CCN(CCNc3c4c(nc5cc(Cl)ccc35)CC3C=C(C)CC4C3)CC1)C2.Cl.Cl,active,659.1419999999999,8.674000000000001,1,5,7.886056647693163
CHEMBL1190127,O=C(NCCCCCCCNc1c2c(nc3cc(Cl)ccc13)CCCC2)c1ccc2nc(-c3ccc(Cl)cc3)c3c(c2c1)OCCC3,active,667.6810000000002,9.752999999999997,2,5,7.73754891026957
CHEMBL1196204,O=C(NCCCCCCCCNc1c2c(nc3cc(Cl)ccc13)CCCC2)c1ccc2nc(-c3ccc(Cl)cc3)c3c(c2c1)OCCC3,active,681.708,10.143099999999993,2,5,8.153044674980176
CHEMBL1195130,O=C(CCc1ccc2nc(-c3ccccc3)c3c(c2c1)OCCC3)NCCCCCCNc1c2c(nc3cc(Cl)ccc13)CCCC2,active,647.2630000000001,9.0285,2,5,7.954677021213342
CHEMBL1194486,O=C(CCc1ccc2nc(-c3ccccc3)c3c(c2c1)OCCC3)NCCCCCCCNc1c2c(nc3cc(Cl)ccc13)CCCC2,active,661.2900000000002,9.418599999999998,2,5,7.943095148663527
CHEMBL1194487,O=C(CCc1ccc2nc(-c3ccccc3)c3c(c2c1)OCCC3)NCCCCCCCCNc1c2c(nc3cc(Cl)ccc13)CCCC2,active,675.3170000000002,9.808699999999998,2,5,7.853871964321762
CHEMBL5279409,O=C1Cc2cc(N3C(=O)c4ccccc4C3=O)ccc2CN1C(=O)c1ccccc1,active,396.40200000000016,3.2123000000000017,0,4,7.1830961606243395
CHEMBL5273978,Cc1cccc(C(=O)N2Cc3ccc(N4C(=O)c5ccccc5C4=O)cc3CC2=O)c1,active,410.4290000000002,3.5207200000000016,0,4,7.593800576336688
CHEMBL5277927,COc1ccccc1C(=O)N1Cc2ccc(N3C(=O)c4ccccc4C3=O)cc2CC1=O,active,426.42800000000017,3.220900000000001,0,5,7.088043810927313
CHEMBL5289994,COc1ccc(C(=O)N2Cc3ccc(N4C(=O)c5ccccc5C4=O)cc3CC2=O)cc1,active,426.42800000000017,3.220900000000002,0,5,7.086981316252039
CHEMBL5267312,C/C(=C\C1=CCN(C(=O)CCc2ccccc2)C(=O)C1)N1C(=O)c2ccccc2C1=O,active,414.4610000000002,3.504500000000003,0,4,7.2575891194195075
CHEMBL5190569,COc1cc(/C=C/c2nnc(-c3ccc(C(F)(F)F)cc3)o2)ccc1O,active,362.307,4.640000000000003,1,5,10.167491087293763
CHEMBL5197518,COc1cc(/C=C/c2nnc(-c3ccc(OC(F)(F)F)cc3)o2)ccc1O,active,378.30600000000004,4.519800000000003,1,6,10.036212172654444
CHEMBL5266033,COc1cc(/C=C/c2nnc(-c3ccc(Cl)cc3)o2)ccc1O,active,328.75500000000005,4.274600000000003,1,5,9.476253533188435
CHEMBL5272625,COc1cc(/C=C/c2nnc(-c3ccc(Cl)cc3Cl)o2)ccc1O,active,363.20000000000005,4.9280000000000035,1,5,9.657577319177793
CHEMBL5269238,COc1cc(/C=C/c2nnc(-c3ccc(F)cc3)o2)ccc1O,active,312.3,3.760300000000002,1,5,9.546681659952963
CHEMBL5286535,COc1cc(/C=C/c2nnc(-c3ccc(F)cc3F)o2)ccc1O,active,330.29,3.899400000000002,1,5,9.721246399047171
CHEMBL5265752,COc1ccc(/C=C/C(=O)c2cc(I)c(Cl)cc2O)cc1,active,414.6260000000001,4.554900000000003,1,3,7.931072388317928
CHEMBL5291052,O=C(/C=C/c1ccc(F)cc1)c1cc(I)c(Br)cc1O,active,447.04100000000005,4.794500000000003,1,2,7.959397659885926
CHEMBL5275941,COc1cc(O)c(C(=O)/C=C/c2ccc(F)cc2)cc1I,active,398.171,4.040600000000001,1,3,8.027797161620935
CHEMBL5272974,COc1ccc(/C=C/C(=O)c2cc(I)c(OC)cc2O)cc1,active,410.2070000000001,3.9101000000000026,1,4,7.96018944585165
CHEMBL5282833,O=c1c(O)c(-c2ccc(F)cc2)oc2cc(F)c(I)cc12,active,400.118,4.048400000000001,1,3,8.490797477668897
CHEMBL5274465,O=c1c(O)c(-c2ccc(Cl)cc2)oc2cc(F)c(I)cc12,active,416.573,4.5627,1,3,8.462180904926726
CHEMBL5272243,COc1ccc(-c2oc3cc(Br)c(I)cc3c(=O)c2O)cc1,active,473.06000000000006,4.541300000000002,1,4,7.537751784645002
CHEMBL5278429,COc1ccc(-c2oc3cc(OC)c(I)cc3c(=O)c2O)cc1,active,424.19000000000005,3.7874000000000025,1,5,8.143271109617118
CHEMBL5268805,O=c1c(/C=N/Nc2ccc(C(F)(F)F)cc2)coc2cc3oc(-c4cccc(Cl)c4)cc3cc12,inactive,482.84500000000025,7.3244000000000025,1,5,4.73754891026957
CHEMBL5273380,O=c1c(/C=N/Nc2ccc(C(F)(F)F)cc2)coc2c1ccc1oc(-c3cccc(F)c3)cc12,inactive,466.3900000000002,6.810100000000004,1,5,4.982966660701219
CHEMBL5278549,Cc1ccc(-c2noc(-c3cccc(OCC4CCN(Cc5ccccc5)CC4)c3)n2)cn1,active,440.5470000000002,5.398020000000005,0,6,6.130768280269024
CHEMBL5266237,Cc1ccc(-c2noc(-c3cccc(OCC4CCN(Cc5ccccc5F)CC4)c3)n2)cn1,active,458.5370000000002,5.537120000000005,0,6,6.5376020021010435
CHEMBL5278087,Cc1ccc(-c2noc(-c3cccc(OCC4CCN(Cc5cccc(F)c5)CC4)c3)n2)cn1,active,458.5370000000002,5.537120000000005,0,6,6.42021640338319
CHEMBL5290940,Cc1ccc(-c2noc(-c3cccc(OCC4CCN(Cc5ccccc5Cl)CC4)c3)n2)cn1,active,474.9920000000002,6.051420000000006,0,6,6.2441251443275085
CHEMBL95,Nc1c2c(nc3ccccc13)CCCC2,active,198.26899999999992,2.695800000000001,1,2,6.8297382846050425
CHEMBL502,COc1cc2c(cc1OC)C(=O)C(CC1CCN(Cc3ccccc3)CC1)C2,active,379.50000000000017,4.361100000000004,0,4,7.356547323513812
CHEMBL5276202,Cl.Oc1cccc2ccc(/C=C/C3=CCN(Cc4ccccc4C(F)(F)F)CC3)nc12,inactive,446.90000000000015,6.226500000000005,1,3,3.7931741239681505
CHEMBL502,COc1cc2c(cc1OC)C(=O)C(CC1CCN(Cc3ccccc3)CC1)C2,inactive,379.50000000000017,4.361100000000004,0,4,3.703334809738469
CHEMBL477770,CN(C)Cc1c(O)c(O)c(O)c2c(=O)cc(-c3ccccc3)oc12,inactive,327.336,2.6384000000000016,3,6,4.086239113587677
CHEMBL5278007,COc1ccc(-c2cc(=O)c3ccc(OCCN4CCC(C)CC4)cc3o2)cc1,active,393.4830000000002,4.579300000000004,0,5,8.198596289982644
CHEMBL5273737,COc1ccc(-c2cc(=O)c3ccc(OCCN4CCN(CCO)CC4)cc3o2)cc1,active,424.49700000000024,2.4573,1,7,8.121478204498793
CHEMBL5276955,COc1ccc(-c2cc(=O)c3ccc(OCCN4CCOCC4)cc3o2)cc1,active,381.42800000000017,3.1796000000000015,0,6,7.958607314841775
CHEMBL5284318,CCN(CC)CCOc1ccc2c(=O)cc(-c3ccc(OC)cc3)oc2c1,active,367.4450000000001,4.189200000000003,0,5,7.567030709125595
CHEMBL5285784,COc1ccc(-c2cc(=O)c3ccc(OCCN4CCCC4)cc3o2)cc1,active,365.42900000000014,3.9432000000000027,0,5,6.979638717352292
CHEMBL5282182,CCC(=O)CNC(=O)Nc1nc2ccc(-c3oc4c(OC)c(O)c(O)c(OC)c4c(=O)c3O)cc2s1,active,515.5000000000003,3.3043000000000013,5,11,7.0
CHEMBL5286597,CCN(CC)CCCCOc1cc(O)c2c(=O)c(-c3ccc(O)cc3)coc2c1,active,397.4710000000001,4.372000000000003,2,6,7.0
CHEMBL5285094,COc1cc2oc3cccc(O)c3c(=O)c2c(O)c1CN(C)C,inactive,315.3250000000001,2.427600000000001,2,6,4.0
CHEMBL5290033,Cc1ccc(NCC[C@@H]2CCCN3CCCC[C@H]23)c2c(=O)c3ccccc3oc12,active,390.5270000000001,5.321120000000005,1,4,6.853871964321762
CHEMBL5219771,CNC(=O)Oc1cccc(CN(C)CCCCCCCOc2cccc(-c3cc(=O)c4ccccc4o3)c2)c1,active,528.6490000000002,6.639500000000007,1,6,9.2839966563652
CHEMBL5281699,CN1CCc2c(c3ccccc3n2Cc2ccccc2C(=O)NCCO[N+](=O)[O-])C1,inactive,408.45800000000025,2.6156000000000006,1,6,4.8297382846050425
CHEMBL269538,COc1ccc2c(c1)[nH]c1c(C)nccc12,inactive,212.25199999999998,3.033120000000001,1,2,4.94692155651658
CHEMBL5282788,O=C1CC2Cc3ccsc3C2=NN1CCCCN1CCN(Cc2ccccc2)CC1,active,422.5980000000002,3.4548000000000023,0,5,6.269217724333611
CHEMBL5283494,O=C1CC2CCc3ccsc3C2=NN1CCN1CCN(Cc2ccccc2)CC1,active,408.57100000000025,3.064700000000002,0,5,6.769551078621726
CHEMBL5270598,O=C1CC2CCc3ccsc3C2=NN1CN1CCN(Cc2ccccc2)CC1,inactive,394.5440000000002,3.0222000000000016,0,5,4.866461091629782
CHEMBL5265814,O=C1CC2CCc3ccsc3C2=NN1CCCCN1CCN(Cc2ccccc2)CC1,active,436.6250000000003,3.8449000000000026,0,5,6.121478204498794
CHEMBL502,COc1cc2c(cc1OC)C(=O)C(CC1CCN(Cc3ccccc3)CC1)C2,active,379.50000000000017,4.361100000000004,0,4,7.795880017344075
CHEMBL5288465,O=C1CC2CCc3sccc3C2=NN1CCCCN1CCN(Cc2ccccc2)CC1,active,436.6250000000003,3.8449000000000026,0,5,6.0655015487564325
CHEMBL659,COc1ccc2c3c1O[C@H]1C[C@@H](O)C=C[C@@]31CCN(C)C2,active,287.35900000000004,1.8503,1,4,6.455931955649724
CHEMBL5286328,CC1(C)O[C@@H]2[C@@H](O)[C@H]3NC(=O)O[C@H]3C[C@@H]2O1,inactive,229.23199999999997,-0.25190000000000046,2,5,4.231361898752385
CHEMBL95,Nc1c2c(nc3ccccc13)CCCC2,active,198.26899999999992,2.695800000000001,1,2,7.3644157336887694
CHEMBL4876038,COc1cccc(C2CC(c3cc(F)ccc3F)=NN2c2ccc(S(N)(=O)=O)cc2)c1OC,active,473.5010000000002,3.985100000000002,1,6,8.196542884351587
CHEMBL4847624,COc1ccc(C2CC(c3cc(F)ccc3F)=NN2c2ccc(S(N)(=O)=O)cc2)c(OC)c1,active,473.5010000000002,3.985100000000002,1,6,8.196542884351587
CHEMBL4869398,COc1ccc(OC)c(C2CC(c3cc(F)ccc3F)=NN2c2ccc(S(N)(=O)=O)cc2)c1,active,473.50100000000015,3.985100000000002,1,6,8.196542884351587
CHEMBL4849196,COc1ccc(C2CC(c3cc(F)ccc3F)=NN2c2ccc(S(N)(=O)=O)cc2)cc1OC,active,473.5010000000002,3.985100000000002,1,6,8.196542884351587
CHEMBL4857592,COc1cccc(C2CC(c3cc(F)cc(F)c3)=NN2c2ccc(S(N)(=O)=O)cc2)c1OC,active,473.5010000000002,3.985100000000002,1,6,8.196542884351587
CHEMBL4847613,COc1ccc(C2CC(c3cc(F)cc(F)c3)=NN2c2ccc(S(N)(=O)=O)cc2)c(OC)c1,active,473.5010000000002,3.985100000000002,1,6,8.196542884351587
CHEMBL4872387,COc1ccc(OC)c(C2CC(c3cc(F)cc(F)c3)=NN2c2ccc(S(N)(=O)=O)cc2)c1,active,473.50100000000015,3.985100000000002,1,6,8.196542884351587
CHEMBL4864555,COc1ccc(C2CC(c3cc(F)cc(F)c3)=NN2c2ccc(S(N)(=O)=O)cc2)cc1OC,active,473.5010000000002,3.985100000000002,1,6,8.196542884351587
CHEMBL2236140,Cc1ccc2cc(C3CC(c4sccc4Cl)=NN3)c(Cl)nc2c1,active,362.2850000000001,5.350220000000003,1,4,6.698970004336019
CHEMBL278020,CN(C)C(=O)Oc1cccc([N+](C)(C)C)c1,inactive,223.29599999999996,1.9437,0,2,4.653647025549361
CHEMBL2236142,Cc1ccc2cc(C3CC(c4cc(Cl)sc4Cl)=NN3)c(Cl)nc2c1,active,396.73,6.003620000000002,1,4,6.823908740944319
CHEMBL2238280,Cc1ccc(C(=O)/C=C/c2ccc(N3CCCCC3)cc2)s1,active,311.44999999999993,4.9429200000000035,0,3,6.886056647693163
CHEMBL2238282,O=C(/C=C/c1ccc(N2CCCCC2)cc1)c1sccc1Cl,active,331.86799999999994,5.287900000000004,0,3,6.795880017344075
CHEMBL4635134,CNC(=O)c1cc(C(=O)NC2CC2)cn(Cc2ccccc2)c1=O,inactive,325.368,1.1483999999999992,2,4,4.0
CHEMBL4639128,COCc1nc2cnc3cc(-c4c(C)noc4C)c(OC[C@H]4CCNC4)cc3c2n1[C@H](C)c1ccccc1,inactive,511.6260000000003,5.600340000000005,1,8,4.200000030616179
CHEMBL5078078,CC(C)(O)c1ccc(N2Cc3c(ccnc3-c3ccc(F)cc3OCC(F)(F)F)C2=O)cc1,inactive,460.42700000000013,5.216600000000003,1,4,5.0
CHEMBL5433956,Cc1cc(=O)[nH]c2c1C(=O)C(NCCNc1c3c(nc4ccccc14)CCCC3)=CC2=O,active,428.49200000000025,3.0749200000000014,3,6,6.175874166083451
CHEMBL5400395,Cc1cc(=O)[nH]c2c1C(=O)C(NCCCCNc1c3c(nc4ccccc14)CCCC3)=CC2=O,active,456.5460000000003,3.855120000000003,3,6,7.2343314452409855
CHEMBL5417392,Cc1cc(=O)[nH]c2c1C(=O)C(NCCNc1c3c(nc4cc(Cl)ccc14)CCCC3)=CC2=O,active,462.93700000000024,3.7283200000000027,3,6,6.91721462968355
CHEMBL5408925,Cc1cc(=O)[nH]c2c1C(=O)C(NCCCNc1c3c(nc4cc(Cl)ccc14)CCCC3)=CC2=O,active,476.9640000000003,4.118420000000003,3,6,7.954677021213342
CHEMBL5423918,Cc1cc(=O)[nH]c2c1C(=O)C(NCCCCNc1c3c(nc4cc(Cl)ccc14)CCCC3)=CC2=O,active,490.9910000000003,4.508520000000004,3,6,8.25336580106242
CHEMBL95,Nc1c2c(nc3ccccc13)CCCC2,active,198.26899999999992,2.695800000000001,1,2,6.3819519032879075
CHEMBL5431573,Brc1ccc(-c2csc(/C=C/c3ccccc3)n2)cc1,active,342.261,5.743000000000004,0,2,7.105130343254747
CHEMBL5410177,COc1ccc(/C=C/c2nc(-c3ccc(OC)cc3)cs2)cc1,active,323.417,4.997700000000004,0,4,7.196542884351586
CHEMBL4451532,COc1cc2oc(-c3ccc(NCCNc4c5c(nc6cc(Cl)ccc46)CCCC5)cc3)cc(=O)c2c(OC)c1OC,active,586.0880000000003,7.0902000000000065,2,8,8.787812395596042
CHEMBL5408499,CN(CCC1CCCCCC1)Cc1c[nH]c2c(O)cccc12,inactive,300.446,4.665800000000004,2,2,4.935804164135357
CHEMBL5435281,CN(CCC1CCCCCC1)Cc1c[nH]c2c(OC(=O)N(C)C)cccc12,active,371.5250000000001,5.020600000000004,1,3,6.252899068635013
CHEMBL5429608,CN(CCC1CCCCCC1)Cc1c[nH]c2c(OC(=O)N(C)C(C)(C)C)cccc12,inactive,413.60600000000017,6.1893000000000065,1,3,4.998179782961672
CHEMBL5396394,CN(CCC1CCCCCC1)Cc1c[nH]c2c(OC(=O)N(C)Cc3ccccc3)cccc12,active,447.62300000000016,6.591000000000007,1,3,6.274741933640039
CHEMBL5426763,CN(CCC1CCCCCC1)Cc1c[nH]c2c(OC(=O)N3CCCCC3)cccc12,active,411.59000000000026,5.944900000000007,1,3,6.276462238467943
CHEMBL5431791,C#CCN(C)C(=O)Oc1cccc2c(CN(C)CCC3CCCCCC3)c[nH]c12,active,395.54700000000025,5.0240000000000045,1,3,6.468138050904191
CHEMBL5394478,C#CCCCCCCCCCN(C)C(=O)Oc1cccc2c(CN(C)CCC3CCCCCC3)c[nH]c12,active,507.7630000000005,8.14480000000001,1,3,6.909389292171594
CHEMBL5399188,C#CCN(CC#C)C(=O)Oc1cccc2c(CN(C)CCC3CCCCCC3)c[nH]c12,active,419.5690000000003,5.0274000000000045,1,3,6.33338843158097
CHEMBL5394683,CC(C)N(C(=O)Oc1ccc2c(CN(C)CCC3CCCCCC3)c[nH]c2c1)C(C)C,active,427.63300000000027,6.577800000000007,1,3,6.473014931440004
CHEMBL5440445,COc1ccc2sc3c(C)ccc(NCCC4CCN(C)CC4)c3c(=O)c2c1,inactive,396.55600000000027,4.875520000000004,1,5,4.79317412396815
CHEMBL502,COc1cc2c(cc1OC)C(=O)C(CC1CCN(Cc3ccccc3)CC1)C2,active,379.50000000000017,4.361100000000004,0,4,7.769551078621726
CHEMBL5414144,CCN1/C(=C/C(C)=O)Sc2ccc(OC(=O)NC3CCCCC3)cc21,inactive,360.4790000000002,4.470100000000004,1,5,4.958607314841775
CHEMBL5407180,CCCCCCNC(=O)Oc1ccc2c(c1)N(CC)/C(=C/C(C)=O)S2,inactive,362.4950000000001,4.717700000000004,1,5,4.853871964321762
CHEMBL5434888,CCN1/C(=C/C(C)=O)Sc2ccc(OC(=O)NCc3cccnc3)cc21,inactive,369.4460000000001,3.7326000000000024,1,6,4.468521082957745
CHEMBL5407164,CCN1/C(=C/C(C)=O)Sc2ccc(OC(=O)NCCc3ccccc3)cc21,inactive,382.4850000000001,4.380100000000004,1,5,4.698970004336019
CHEMBL502,COc1cc2c(cc1OC)C(=O)C(CC1CCN(Cc3ccccc3)CC1)C2,active,379.50000000000017,4.361100000000004,0,4,8.4089353929735
CHEMBL5433139,S=C(NCCCCNc1c2c(nc3ccccc13)CCCC2)Nc1c[nH]c2ccccc12,active,443.6200000000003,5.7736000000000045,4,3,7.6020599913279625
CHEMBL4856400,CC1=CC2Cc3nc4cc(Cl)ccc4c(NCCCCCCNC(=O)[C@@H](N)Cc4c[nH]c5ccccc45)c3C(C1)C2.Cl.Cl,active,643.1030000000003,7.867600000000005,4,4,7.931814138253839
CHEMBL5412564,Clc1ccc2c(NCCCCCN3c4ccccc4Sc4ccccc43)c3c(nc2c1)CCCC3,active,500.11100000000033,8.6521,1,4,8.096910013008056
CHEMBL5408201,Cl.O=C(NCCCNc1c2c(nc3cc(Cl)ccc13)CCCC2)c1nc2ccc([N+](=O)[O-])cc2s1,active,532.4530000000003,5.938700000000003,2,7,7.7447274948966935
CHEMBL5433193,Cc1ccc(S(=O)(=O)NCCCCCNc2c3c(nc4ccccc24)CCCC3)cc1,active,437.6090000000002,4.982720000000005,2,4,6.886056647693163
CHEMBL5409365,FC(F)(F)c1ccc(-c2nnc(CNC3CCN(Cc4ccccc4)C3)o2)cc1,active,402.42000000000013,4.119500000000003,1,5,7.1938200260161125
CHEMBL5405755,CCOC(=O)C1=C(C)N(CCC2CCN(Cc3ccccc3)CC2)C(=O)NC1c1coc2c(Cl)cc(Cl)cc2c1=O,active,598.5270000000002,6.3055000000000065,1,6,7.221848749616356
CHEMBL5203291,CC1=C(NC2CCN(Cc3ccccc3)CC2)C(=O)c2ccccc2C1=O,inactive,360.4570000000001,3.5938000000000025,1,4,4.323306390375134
CHEMBL5419644,CCN(CCCCCOc1cc(O)c2c(c1)OC(c1ccc(O)cc1)CC2=O)Cc1ccccc1,active,475.58500000000026,5.875500000000007,2,6,6.040958607678906
CHEMBL5426401,O=C(C[n+]1ccc2ccccc2c1)Nc1ccccc1Br.[Cl-],inactive,377.669,0.5325,1,1,4.886056647693163
CHEMBL5435163,c1cc2[nH]c3nc(NCCCCCCN4CCCC4)nnc3c2cc1N1CCCCC1,active,421.59300000000025,4.564500000000004,2,6,6.494850021680094
CHEMBL5411758,CCN(CC)C(=O)c1ccc2c(c1)nc(Cc1ccccc1)n2CCC(C)C,inactive,377.53200000000015,5.155200000000005,0,3,4.6020599913279625
CHEMBL95,Nc1c2c(nc3ccccc13)CCCC2,active,198.26899999999992,2.695800000000001,1,2,6.818156412055227
CHEMBL471980,CCOc1ccc(Cc2nc3cc(C(=O)N(CC)CC)ccc3n2CCC(C)C)cc1,inactive,421.58500000000015,5.553900000000006,0,4,5.0
CHEMBL5403457,CCNC(=O)Oc1ccc(Cc2nc3cc(C(=O)N(CC)CC)ccc3n2CCC(C)C)cc1,inactive,464.61000000000024,5.263500000000006,1,5,4.6020599913279625
CHEMBL5421196,CCN(CC)C(=O)c1ccc2c(c1)nc(Cc1ccc(OC(=O)NC)cc1)n2CCC(C)C,inactive,450.58300000000025,4.873400000000005,1,5,4.6020599913279625
CHEMBL5404463,CCN(CC)C(=O)c1ccc2c(c1)nc(Cc1ccc(OC(=O)NC3CC3)cc1)n2CCC(C)C,inactive,476.6210000000003,5.406000000000005,1,5,4.6020599913279625
CHEMBL5409303,CCN(C)C(=O)Oc1ccc(Cc2nc3cc(C(=O)N(CC)CC)ccc3n2CCC(C)C)cc1,inactive,478.6370000000003,5.605700000000006,0,5,4.6020599913279625
CHEMBL5421463,CCCN(C)C(=O)Oc1ccc(Cc2nc3cc(C(=O)N(CC)CC)ccc3n2CCC(C)C)cc1,inactive,492.6640000000003,5.995800000000007,0,5,4.6020599913279625
CHEMBL5395228,CCN(CC)C(=O)Oc1ccc(Cc2nc3cc(C(=O)N(CC)CC)ccc3n2CCC(C)C)cc1,inactive,492.6640000000003,5.995800000000007,0,5,4.6020599913279625
CHEMBL5429476,CCOc1ccc(Cc2nc3cc(O)ccc3n2CCC(C)C)cc1,inactive,338.4510000000001,4.777500000000004,1,4,4.6020599913279625
CHEMBL5430169,CCOc1ccc(Cc2nc3cc(OC(=O)N(C)C)ccc3n2CCC(C)C)cc1,inactive,409.53000000000014,5.132300000000005,0,5,4.6020599913279625
CHEMBL5411397,CCOc1ccc(Cc2nc3cc(OC(=O)N(C)CC)ccc3n2CCC(C)C)cc1,inactive,423.5570000000002,5.5224000000000055,0,5,4.6020599913279625
CHEMBL5412500,CCOc1ccc(Cc2nc3cc(OC(=O)N4CCCC4)ccc3n2CCC(C)C)cc1,inactive,435.56800000000027,5.666500000000006,0,5,4.6020599913279625
CHEMBL5422050,CCOc1ccc(Cc2nc3cc(OC(=O)N4CCC4)ccc3n2CCC(C)C)cc1,inactive,421.5410000000002,5.276400000000005,0,5,4.6020599913279625
CHEMBL5414873,CCOc1ccc(Cc2nc3cc(OC(=O)NC4CC4)ccc3n2CCC(C)C)cc1,inactive,421.5410000000002,5.3227000000000055,1,5,4.6020599913279625
CHEMBL5411758,CCN(CC)C(=O)c1ccc2c(c1)nc(Cc1ccccc1)n2CCC(C)C,inactive,377.53200000000015,5.155200000000005,0,3,4.600000074606178
CHEMBL95,Nc1c2c(nc3ccccc13)CCCC2,active,198.26899999999992,2.695800000000001,1,2,6.799998134593398
CHEMBL5403457,CCNC(=O)Oc1ccc(Cc2nc3cc(C(=O)N(CC)CC)ccc3n2CCC(C)C)cc1,inactive,464.61000000000024,5.263500000000006,1,5,4.600000074606178
CHEMBL5421196,CCN(CC)C(=O)c1ccc2c(c1)nc(Cc1ccc(OC(=O)NC)cc1)n2CCC(C)C,inactive,450.58300000000025,4.873400000000005,1,5,4.600000074606178
CHEMBL5404463,CCN(CC)C(=O)c1ccc2c(c1)nc(Cc1ccc(OC(=O)NC3CC3)cc1)n2CCC(C)C,inactive,476.6210000000003,5.406000000000005,1,5,4.600000074606178
CHEMBL5409303,CCN(C)C(=O)Oc1ccc(Cc2nc3cc(C(=O)N(CC)CC)ccc3n2CCC(C)C)cc1,inactive,478.6370000000003,5.605700000000006,0,5,4.600000074606178
CHEMBL5421463,CCCN(C)C(=O)Oc1ccc(Cc2nc3cc(C(=O)N(CC)CC)ccc3n2CCC(C)C)cc1,inactive,492.6640000000003,5.995800000000007,0,5,4.600000074606178
CHEMBL5395228,CCN(CC)C(=O)Oc1ccc(Cc2nc3cc(C(=O)N(CC)CC)ccc3n2CCC(C)C)cc1,inactive,492.6640000000003,5.995800000000007,0,5,4.600000074606178
CHEMBL5395270,CCN(CC)C(=O)c1ccc2c(c1)nc(Cc1ccc(OC(=O)N(C)Cc3ccccc3)cc1)n2CCC(C)C,inactive,540.7080000000003,6.786000000000008,0,5,5.0
CHEMBL5429476,CCOc1ccc(Cc2nc3cc(O)ccc3n2CCC(C)C)cc1,inactive,338.4510000000001,4.777500000000004,1,4,4.600000074606178
CHEMBL5430169,CCOc1ccc(Cc2nc3cc(OC(=O)N(C)C)ccc3n2CCC(C)C)cc1,inactive,409.53000000000014,5.132300000000005,0,5,4.600000074606178
CHEMBL5411397,CCOc1ccc(Cc2nc3cc(OC(=O)N(C)CC)ccc3n2CCC(C)C)cc1,inactive,423.5570000000002,5.5224000000000055,0,5,4.600000074606178
CHEMBL5412500,CCOc1ccc(Cc2nc3cc(OC(=O)N4CCCC4)ccc3n2CCC(C)C)cc1,inactive,435.56800000000027,5.666500000000006,0,5,4.600000074606178
CHEMBL5422050,CCOc1ccc(Cc2nc3cc(OC(=O)N4CCC4)ccc3n2CCC(C)C)cc1,inactive,421.5410000000002,5.276400000000005,0,5,4.600000074606178
CHEMBL5414873,CCOc1ccc(Cc2nc3cc(OC(=O)NC4CC4)ccc3n2CCC(C)C)cc1,inactive,421.5410000000002,5.3227000000000055,1,5,4.600000074606178
CHEMBL5409352,O=c1cc(-c2ccc(O)cc2)oc2cccc(OCc3ccccc3)c12,active,344.36600000000004,4.744600000000003,1,4,6.148130399270234
CHEMBL5436875,COC(=O)/C=C/C(=O)Nc1cccc(OCCCCSC(=S)N2CCCCC2)c1,active,436.5990000000003,4.017300000000003,1,6,6.6777807052660805
CHEMBL5440650,COC(=O)/C=C/C(=O)Nc1cccc(OCCCCSC(=S)N2CCCCC2C)c1,active,450.62600000000026,4.405800000000004,1,6,7.275724130399211
CHEMBL5414511,COC(=O)/C=C/C(=O)Nc1ccc(OCCCCSC(=S)N2CCCCC2C)cc1,active,450.6260000000002,4.405800000000004,1,6,6.42021640338319
CHEMBL502,COc1cc2c(cc1OC)C(=O)C(CC1CCN(Cc3ccccc3)CC1)C2,active,379.50000000000017,4.361100000000004,0,4,7.6777807052660805
CHEMBL95,Nc1c2c(nc3ccccc13)CCCC2,active,198.26899999999992,2.695800000000001,1,2,6.769551078621726
CHEMBL5433692,CC[N+](CC)(CCCCCn1c(C)cc(=O)n(CCCCC[N+](CC)(CC)Cc2ccccc2)c1=O)Cc1ccccc1.[Br-].[Br-],active,750.7050000000004,0.7806200000000072,0,4,9.853871964321762
CHEMBL5396497,Br.CC[N+](CC)(CCCCCn1c(=O)cc(C)n(CCCn2c(C)cc(=O)n(C)c2=O)c1=O)Cc1ccccc1[N+](=O)[O-],active,664.6220000000002,3.290740000000002,0,10,8.154901959985743
CHEMBL5434553,Br.CC[N+](CC)(CCCCCn1c(=O)cc(C)n(CCCCn2c(C)cc(=O)n(C)c2=O)c1=O)Cc1ccccc1[N+](=O)[O-],active,678.6490000000002,3.6808400000000026,0,10,9.221848749616356
CHEMBL5440753,Br.CC[N+](CC)(CCCCCn1c(=O)cc(C)n(CCCCCn2c(C)cc(=O)n(C)c2=O)c1=O)Cc1ccccc1[N+](=O)[O-],active,692.6760000000003,4.070940000000003,0,10,9.397940008672037
CHEMBL5417346,Br.CC[N+](CC)(CCCCCn1c(=O)cc(C)n(CCCCCCn2c(C)cc(=O)n(C)c2=O)c1=O)Cc1ccccc1[N+](=O)[O-],active,706.7030000000002,4.461040000000004,0,10,10.0
CHEMBL5418455,CC[N+](CC)(CCCCCn1c(=O)cc(C)n(CCCn2c(C)cc(=O)n(C)c2=O)c1=O)Cc1ccccc1C(F)(F)F.[Br-],active,686.6140000000005,0.827440000000004,0,8,8.698970004336019
CHEMBL5417632,CC[N+](CC)(CCCCCn1c(=O)cc(C)n(CCCCn2c(C)cc(=O)n(C)c2=O)c1=O)Cc1ccccc1C(F)(F)F.[Br-],active,700.6410000000005,1.2175400000000043,0,8,9.0
CHEMBL5426103,CC[N+](CC)(CCCCCn1c(=O)cc(C)n(CCCCCn2c(C)cc(=O)n(C)c2=O)c1=O)Cc1ccccc1C(F)(F)F.[Br-],active,714.6680000000006,1.607640000000004,0,8,9.301029995663981
CHEMBL5419243,CC[N+](CC)(CCCCCn1c(=O)cc(C)n(CCCCCCn2c(C)cc(=O)n(C)c2=O)c1=O)Cc1ccccc1C(F)(F)F.[Br-],active,728.6950000000005,1.9977400000000036,0,8,9.698970004336019
CHEMBL812,CN(C)C(=O)Oc1ccc[n+](C)c1.[Br-],active,261.11899999999997,-2.4244999999999974,0,2,6.455931955649724
CHEMBL294264,O=C1c2ccccc2C(=O)c2c(O)c(O)cc(O)c21,active,256.21299999999997,1.5788000000000004,3,5,6.522878745280337
CHEMBL5424891,COc1cccc(C2c3c(nc(C)[nH]c3=O)Oc3c2n(C(C)=O)c2ccccc32)c1,inactive,401.4220000000001,3.9876200000000024,1,6,4.769806621130955
CHEMBL5427488,CC(=O)n1c2c(c3ccccc31)Oc1nc(C)[nH]c(=O)c1C2c1ccc(Br)cc1,inactive,450.2920000000001,4.741520000000003,1,5,3.9442395353122652
CHEMBL5437596,CC(=O)n1c2c(c3ccccc31)Oc1nc(C)[nH]c(=O)c1C2c1ccc(Cl)cc1,inactive,405.8410000000001,4.632420000000003,1,5,3.501138311007116
CHEMBL5437114,CC(=O)n1c2c(c3ccccc31)Oc1nc(C)[nH]c(=O)c1C2c1ccc(C#N)cc1,inactive,396.4060000000001,3.8507000000000025,1,6,3.4909319549828384
CHEMBL5434381,COc1ccc(C2c3c(nc(C)[nH]c3=O)Oc3c2n(C(C)=O)c2ccccc32)cc1,inactive,401.4220000000001,3.9876200000000024,1,6,3.690199554398266
CHEMBL5425032,CC(=O)n1c2c(c3ccccc31)Oc1nc(C)[nH]c(=O)c1C2c1ccc(C)cc1,inactive,385.4230000000001,4.287440000000003,1,5,3.5578966780685435
CHEMBL5431310,CC(=O)n1c2c(c3ccccc31)Oc1nc(C)[nH]c(=O)c1C2c1ccc([N+](=O)[O-])cc1,inactive,416.39300000000014,3.887220000000002,1,7,3.5122961368362735
CHEMBL5400013,CC(=O)n1c2c(c3ccccc31)Oc1nc(C)[nH]c(=O)c1C2c1cccc([N+](=O)[O-])c1,inactive,416.39300000000014,3.887220000000002,1,7,3.5122961368362735
CHEMBL5426044,CC(=O)n1c2c(c3ccccc31)Oc1nc(C)[nH]c(=O)c1C2c1cccc(Br)c1,inactive,450.2920000000001,4.741520000000002,1,5,3.5462842482992327
CHEMBL5430507,CC(=O)n1c2c(c3ccccc31)Oc1nc(C)[nH]c(=O)c1C2c1ccccc1[N+](=O)[O-],inactive,416.39300000000014,3.887220000000002,1,7,4.318487413361038
CHEMBL5407081,COc1ccc(C2c3c(nc(C)[nH]c3=O)Oc3c2n(C(C)=O)c2ccccc32)cc1[N+](=O)[O-],inactive,446.41900000000015,3.8958200000000023,1,8,4.039814723395389
CHEMBL502,COc1cc2c(cc1OC)C(=O)C(CC1CCN(Cc3ccccc3)CC1)C2,active,379.50000000000017,4.361100000000004,0,4,7.096910013008056
CHEMBL5432462,O=C1Cc2cc(OCc3ccc(F)cc3)ccc2C=C1C(=O)NCCc1c[nH]c2ccccc12,active,454.5010000000002,4.753500000000003,2,3,6.795880017344075
CHEMBL5429715,Cc1cc(-c2cc3cc([N+](=O)[O-])ccc3oc2=O)n[nH]1,active,271.2319999999999,2.3997199999999994,1,5,8.355561410532161
CHEMBL5406359,CCOP(=O)(OCC)C(NCc1cccs1)c1cn(-c2ccccc2)nc1-c1ccc(Cl)cc1,active,516.0030000000002,7.308700000000006,1,7,7.769551078621726
CHEMBL5397824,Cc1ccccc1NC1=C([N+](=O)[O-])C2(NN1)C(=O)Nc1ccc([N+](=O)[O-])cc12,inactive,382.3360000000001,1.7163199999999996,4,8,4.810229043653126
CHEMBL5416407,COc1ccc(OC)c(NC2=C([N+](=O)[O-])C3(NN2)C(=O)Nc2ccc([N+](=O)[O-])cc23)c1,inactive,428.36100000000016,1.4250999999999996,4,10,4.371100435579393
CHEMBL5415532,O=C1Nc2ccc([N+](=O)[O-])cc2C12NNC(Nc1ccc(Cl)cc1)=C2[N+](=O)[O-],inactive,402.75400000000013,2.0612999999999997,4,8,4.430041181903406
CHEMBL5414221,Cc1ccccc1NC1=C([N+](=O)[O-])C2(NN1)C(=O)Nc1c(C(F)(F)F)cccc12,inactive,405.33600000000007,2.8269200000000003,4,6,4.770062314092066
CHEMBL5433082,Cc1ccccc1NC1=C([N+](=O)[O-])C2(NN1)C(=O)Nc1ccc(Br)cc12,inactive,416.23500000000007,2.57062,4,6,4.380072289708532
CHEMBL502,COc1cc2c(cc1OC)C(=O)C(CC1CCN(Cc3ccccc3)CC1)C2,active,379.50000000000017,4.361100000000004,0,4,7.102372908709558
CHEMBL5426641,CN(CCc1ccc(O)cc1)Cc1cc2c(cc1-c1cccc3c1N(C)CC3)OCO2,inactive,416.52100000000024,4.454700000000004,1,5,4.0
CHEMBL5408735,COc1cc(CN(C)CCc2ccc(O)cc2)c(-c2cccc3c2N(C)CC3)cc1OC,inactive,432.5640000000003,4.743200000000004,1,5,4.0
CHEMBL5439067,COc1cccc(CNCCc2ccc(O)cc2)c1OCc1ccccc1,inactive,363.4570000000001,4.312100000000004,2,4,5.0
CHEMBL5440573,COc1cccc(/C=N/CCc2ccc(O)cc2)c1OCc1ccccc1,inactive,361.4410000000001,4.6414000000000035,1,4,5.0
CHEMBL5431372,C=CCN(CCc1ccc(O)cc1)Cc1cccc(OC)c1OCc1ccccc1,inactive,403.52200000000016,5.210500000000005,1,4,5.0
CHEMBL5398025,C#CCN(CCc1ccc(O)cc1)Cc1cccc(OC)c1OCc1ccccc1,inactive,401.50600000000014,4.657700000000005,1,4,5.0
CHEMBL5401121,CCN(CCc1ccc(O)cc1)Cc1cccc(OC)c1OCc1ccccc1,inactive,391.5110000000002,5.044400000000005,1,4,5.0
CHEMBL5420880,CCCN(CCc1ccc(O)cc1)Cc1cccc(OC)c1OCc1ccccc1,inactive,405.5380000000002,5.434500000000005,1,4,5.0
CHEMBL5418052,C=CCOc1ccc(CCN(CC=C)Cc2cccc(OC)c2OCc2ccccc2)cc1,inactive,443.58700000000016,6.069700000000006,0,4,5.0
CHEMBL5397813,C#CCOc1ccc(CCN(CC=C)Cc2cccc(OC)c2OCc2ccccc2)cc1,inactive,441.57100000000014,5.516900000000006,0,4,5.0
CHEMBL5403494,C#CCOc1ccc(CCN(CC#C)Cc2cccc(OC)c2OCc2ccccc2)cc1,inactive,439.5550000000002,4.964100000000005,0,4,5.0
CHEMBL5427121,C#CCN(CCc1ccc(OCC=C)cc1)Cc1cccc(OC)c1OCc1ccccc1,inactive,441.57100000000014,5.516900000000006,0,4,5.0
CHEMBL5430829,CCOc1ccc(CCN(CC)Cc2cccc(OC)c2OCc2ccccc2)cc1,inactive,419.56500000000017,5.737500000000006,0,4,5.0
CHEMBL5404050,COc1cccc(CNCCc2ccccc2)c1OCc1ccccc1,inactive,347.4580000000001,4.606500000000004,1,3,5.0
CHEMBL5428694,COc1ccccc1CCNCc1cccc(OC)c1OCc1ccccc1,inactive,377.4840000000001,4.6151000000000035,1,4,5.0
CHEMBL5416559,COc1cccc(CCNCc2cccc(OC)c2OCc2ccccc2)c1,inactive,377.4840000000001,4.6151000000000035,1,4,5.0
CHEMBL5434763,COc1ccc(CCNCc2cccc(OC)c2OCc2ccccc2)cc1,inactive,377.4840000000001,4.6151000000000035,1,4,5.0
CHEMBL5420342,C=CCN(CCc1ccccc1)Cc1cccc(OC)c1OCc1ccccc1,inactive,387.52300000000014,5.5049000000000055,0,3,5.0
CHEMBL5400426,C#CCN(CCc1ccccc1)Cc1cccc(OC)c1OCc1ccccc1,inactive,385.5070000000001,4.952100000000005,0,3,5.0
CHEMBL5400996,C=CCN(CCc1ccccc1OC)Cc1cccc(OC)c1OCc1ccccc1,inactive,417.5490000000002,5.513500000000006,0,4,5.0
CHEMBL5394805,C#CCN(CCc1ccccc1OC)Cc1cccc(OC)c1OCc1ccccc1,inactive,415.5330000000002,4.9607000000000046,0,4,5.0
CHEMBL5414976,C=CCN(CCc1cccc(OC)c1)Cc1cccc(OC)c1OCc1ccccc1,inactive,417.5490000000002,5.513500000000006,0,4,5.0
CHEMBL5428807,C#CCN(CCc1cccc(OC)c1)Cc1cccc(OC)c1OCc1ccccc1,inactive,415.5330000000002,4.960700000000005,0,4,5.0
CHEMBL5422439,C=CCN(CCc1ccc(OC)cc1)Cc1cccc(OC)c1OCc1ccccc1,inactive,417.5490000000002,5.513500000000006,0,4,5.0
CHEMBL5422164,C#CCN(CCc1ccc(OC)cc1)Cc1cccc(OC)c1OCc1ccccc1,inactive,415.5330000000002,4.960700000000005,0,4,5.0
CHEMBL5436185,CCN(CCc1ccccc1)Cc1cccc(OC)c1OCc1ccccc1,inactive,375.5120000000001,5.338800000000005,0,3,5.0
CHEMBL5441139,CCCN(CCc1ccccc1)Cc1cccc(OC)c1OCc1ccccc1,inactive,389.53900000000016,5.7289000000000065,0,3,5.0
CHEMBL5438175,COc1ccccc1CCN(C)Cc1cccc(OC)c1OCc1ccccc1,inactive,391.51100000000014,4.9573000000000045,0,4,5.0
CHEMBL5434452,CCN(CCc1ccccc1OC)Cc1cccc(OC)c1OCc1ccccc1,inactive,405.5380000000001,5.347400000000006,0,4,5.0
CHEMBL5429766,CCCN(CCc1ccccc1OC)Cc1cccc(OC)c1OCc1ccccc1,inactive,419.56500000000017,5.737500000000006,0,4,5.0
CHEMBL5425341,CCN(CCc1cccc(OC)c1)Cc1cccc(OC)c1OCc1ccccc1,inactive,405.5380000000001,5.347400000000006,0,4,5.0
CHEMBL5434796,CCCN(CCc1cccc(OC)c1)Cc1cccc(OC)c1OCc1ccccc1,inactive,419.56500000000017,5.737500000000006,0,4,5.0
CHEMBL5422875,COc1ccc(CCN(C)Cc2cccc(OC)c2OCc2ccccc2)cc1,inactive,391.51100000000014,4.957300000000005,0,4,5.0
CHEMBL5440083,CCN(CCc1ccc(OC)cc1)Cc1cccc(OC)c1OCc1ccccc1,inactive,405.5380000000002,5.347400000000006,0,4,5.0
CHEMBL5437254,CCCN(CCc1ccc(OC)cc1)Cc1cccc(OC)c1OCc1ccccc1,inactive,419.56500000000017,5.737500000000006,0,4,5.0
CHEMBL94,CNC(=O)Oc1ccc2c(c1)[C@]1(C)CCN(C)[C@@H]1N2C,active,275.352,1.7739,1,4,6.698970004336019
CHEMBL5403562,COc1cccc(CNCc2ccccc2)c1OCc1ccccc1,inactive,333.43100000000004,4.564000000000004,1,3,5.0
CHEMBL5431601,COc1cccc(CNCCCc2ccccc2)c1OCc1ccccc1,inactive,361.48500000000007,4.996600000000004,1,3,5.0
CHEMBL5433937,COc1cccc(CNCCCCc2ccccc2)c1OCc1ccccc1,inactive,375.5120000000001,5.386700000000005,1,3,5.0
CHEMBL5415204,COc1cccc(CNCC(C)c2ccccc2)c1OCc1ccccc1,inactive,361.4850000000001,5.167500000000005,1,3,5.0
CHEMBL5434636,COc1cccc(CNC(C)CCc2ccccc2)c1OCc1ccccc1,inactive,375.5120000000001,5.385100000000005,1,3,5.0
CHEMBL5399726,C=CCN(CCCc1ccccc1)Cc1cccc(OC)c1OCc1ccccc1,inactive,401.5500000000002,5.895000000000006,0,3,5.0
CHEMBL5417071,C#CCN(CCCc1ccccc1)Cc1cccc(OC)c1OCc1ccccc1,inactive,399.53400000000016,5.342200000000005,0,3,5.0
CHEMBL5418400,COc1cccc(CN(C)CCCc2ccccc2)c1OCc1ccccc1,inactive,375.5120000000001,5.338800000000005,0,3,5.0
CHEMBL5429690,CCN(CCCc1ccccc1)Cc1cccc(OC)c1OCc1ccccc1,inactive,389.53900000000016,5.7289000000000065,0,3,5.0
CHEMBL5396049,CCCN(CCCc1ccccc1)Cc1cccc(OC)c1OCc1ccccc1,inactive,403.5660000000002,6.119000000000007,0,3,5.0
CHEMBL5420941,C=CCCN(CCCc1ccccc1)Cc1cccc(OC)c1OCc1ccccc1,inactive,415.5770000000002,6.285100000000007,0,3,5.0
CHEMBL5404420,CCCCCCN(CCCc1ccccc1)Cc1cccc(OC)c1OCc1ccccc1,inactive,445.6470000000002,7.289300000000008,0,3,5.0
CHEMBL5408610,CCCCCCN(CCCCc1ccccc1)Cc1cccc(OC)c1OCc1ccccc1,inactive,459.67400000000026,7.679400000000009,0,3,5.0
CHEMBL5431265,CCCCCCCCCCCCCCN(CCCCc1ccccc1)Cc1cccc(OC)c1OCc1ccccc1,inactive,571.8900000000003,10.800199999999993,0,3,5.0
CHEMBL5417185,COc1cccc(CN(CCCCc2ccccc2)CCCC(C)C)c1OCc1ccccc1,inactive,459.67400000000026,7.535300000000008,0,3,5.0
CHEMBL5406889,CCCN(C/C=C/c1ccccc1)Cc1cccc(OC)c1OCc1ccccc1,inactive,401.5500000000002,6.199600000000006,0,3,5.0
CHEMBL5413699,CCCN(CCCc1ccccc1O)Cc1cccc(OC)c1OCc1ccccc1,inactive,419.5650000000002,5.8246000000000056,1,4,5.0
CHEMBL5398273,CCCN(CCCc1cccc(O)c1)Cc1cccc(OC)c1OCc1ccccc1,inactive,419.5650000000002,5.8246000000000056,1,4,5.0
CHEMBL5409611,CCCN(CCCc1ccc(O)cc1)Cc1cccc(OC)c1OCc1ccccc1,inactive,419.5650000000002,5.8246000000000056,1,4,5.0
CHEMBL5424979,CCCN(CCCc1ccccc1F)Cc1cccc(OC)c1OCc1ccccc1,inactive,421.5560000000002,6.258100000000007,0,3,5.0
CHEMBL5402537,COc1cccc(CN(CCCc2ccccc2F)C2CCC2)c1OCc1ccccc1,inactive,433.56700000000023,6.400600000000007,0,3,5.0
CHEMBL5408893,COc1cccc(CN(CCCc2ccccc2F)C2CCCC2)c1OCc1ccccc1,inactive,447.5940000000003,6.790700000000007,0,3,5.0
CHEMBL5412993,CCCN(CCCc1cccc(F)c1)Cc1cccc(OC)c1OCc1ccccc1,inactive,421.5560000000002,6.258100000000007,0,3,5.0
CHEMBL5420247,CCCN(CCCc1ccc(F)cc1)Cc1cccc(OC)c1OCc1ccccc1,inactive,421.5560000000002,6.258100000000007,0,3,5.0
CHEMBL659,COc1ccc2c3c1O[C@H]1C[C@@H](O)C=C[C@@]31CCN(C)C2,active,287.35900000000004,1.8503,1,4,6.2262135550188065
CHEMBL5396071,COc1cccc(C(c2ccc(F)cc2)N2CCN(c3cnccn3)CC2)c1O,active,394.4500000000001,3.2415000000000016,1,6,6.1487416512809245
CHEMBL5440621,CN(C)CCCN1C(=O)CSC1c1ccc(Cl)cc1.Cl,inactive,335.3,3.2875000000000028,0,3,3.6989700043360187
CHEMBL5397966,CN(C)CCCN1C(=O)CSC1c1cccc(Cl)c1.Cl,inactive,335.3,3.2875000000000028,0,3,4.6020599913279625
CHEMBL5403260,CN(C)CCCN1C(=O)CSC1c1ccccc1Cl.Cl,inactive,335.3,3.2875000000000028,0,3,3.8728952016351923
CHEMBL1202929,COc1ccc(C2SCC(=O)N2CCCN(C)C)cc1.Cl,inactive,330.8809999999999,2.642700000000002,0,4,3.6989700043360187
CHEMBL1202941,COc1cccc(C2SCC(=O)N2CCCN(C)C)c1.Cl,inactive,330.8809999999999,2.642700000000001,0,4,3.6989700043360187
CHEMBL5419417,COc1ccccc1C1SCC(=O)N1CCCN(C)C.Cl,inactive,330.8809999999999,2.642700000000001,0,4,3.6989700043360187
CHEMBL1202939,CN(C)CCCN1C(=O)CSC1c1ccc(F)cc1.Cl,inactive,318.84499999999997,2.7732000000000014,0,3,3.6989700043360187
CHEMBL1202933,CN(C)CCCN1C(=O)CSC1c1cccc(F)c1.Cl,inactive,318.84499999999997,2.7732000000000014,0,3,4.013228265733755
CHEMBL5404393,CN(C)CCCN1C(=O)CSC1c1ccccc1F.Cl,inactive,318.84499999999997,2.7732000000000014,0,3,3.6989700043360187
CHEMBL1202930,CN(C)CCCN1C(=O)CSC1c1ccncc1.Cl,inactive,301.843,2.0291,0,4,3.6989700043360187
CHEMBL5404712,CN(C)CCCN1C(=O)CSC1c1cccnc1.Cl,inactive,301.843,2.0291,0,4,3.701146923590293
CHEMBL5409526,CN(C)CCCN1C(=O)CSC1c1ccccn1.Cl,inactive,301.843,2.0291,0,4,3.6989700043360187
CHEMBL5421973,CN(C)CCCN1C(=O)CSC1c1ccc(Cl)cc1Cl.Cl,inactive,369.74500000000006,3.940900000000003,0,3,4.508638306165727
CHEMBL5416845,CN(C)CCCN1C(=O)CSC1c1ccc(F)cc1F.Cl,inactive,336.835,2.9123000000000014,0,3,4.022276394711152
CHEMBL5427383,CN(C)CCCN1C(=O)CSC1c1ccc(F)cc1Cl.Cl,inactive,353.29,3.4266000000000028,0,3,4.0915149811213505
CHEMBL5405571,CN(C)CCCN1C(=O)CSC1c1ccc2c(c1)OCO2.Cl,inactive,344.8640000000001,2.3628000000000005,0,5,3.9788107009300617
CHEMBL5419436,CN(C)CCCN1C(=O)CSC1c1cccc2ccccc12.Cl,inactive,350.915,3.787300000000003,0,3,3.752026733638193
CHEMBL5401005,CC(C)NCCN1C(=O)CSC1c1ccc(Cl)cc1Cl.Cl,inactive,369.74500000000006,3.9872000000000036,1,3,3.6989700043360187
CHEMBL5415881,Cl.O=C1CSC(c2ccc(Cl)cc2Cl)N1CCNC1CC1,inactive,367.7290000000002,3.7412000000000027,1,3,3.6989700043360187
CHEMBL5413217,CNCCCN1C(=O)CSC1c1ccc(Cl)cc1Cl.Cl,inactive,355.718,3.598700000000003,1,3,4.309803919971486
CHEMBL5409029,CNCCN1C(=O)CSC1c1ccc(Cl)cc1Cl.Cl,inactive,341.691,3.208600000000002,1,3,3.6989700043360187
CHEMBL5440621,CN(C)CCCN1C(=O)CSC1c1ccc(Cl)cc1.Cl,inactive,335.3,3.2875000000000028,0,3,3.700000003258169
CHEMBL5403260,CN(C)CCCN1C(=O)CSC1c1ccccc1Cl.Cl,inactive,335.3,3.2875000000000028,0,3,3.9000000040686618
CHEMBL1202939,CN(C)CCCN1C(=O)CSC1c1ccc(F)cc1.Cl,inactive,318.84499999999997,2.7732000000000014,0,3,3.6000000054478725
CHEMBL5404393,CN(C)CCCN1C(=O)CSC1c1ccccc1F.Cl,inactive,318.84499999999997,2.7732000000000014,0,3,3.4999999945296856
CHEMBL5421973,CN(C)CCCN1C(=O)CSC1c1ccc(Cl)cc1Cl.Cl,inactive,369.74500000000006,3.940900000000003,0,3,4.499999953328896
CHEMBL5416845,CN(C)CCCN1C(=O)CSC1c1ccc(F)cc1F.Cl,inactive,336.835,2.9123000000000014,0,3,4.0
CHEMBL451635,O/N=C/c1cc[n+](COC[n+]2ccc(/C=N/O)cc2)cc1,inactive,288.307,0.5096,2,5,3.0
CHEMBL32778,O/N=C/c1cc[n+](CCC[n+]2ccc(/C=N/O)cc2)cc1,inactive,286.33500000000004,0.9680999999999997,2,4,3.1942952955661355
CHEMBL5414292,O/N=C/c1cc[n+](COC[n+]2ccccc2/C=N/O)cc1,inactive,288.307,0.5095999999999998,2,5,3.0
CHEMBL4749209,Cc1cc(/C=N/O)c(O)c(CN2CCN(c3ccncc3)CC2)c1,inactive,326.40000000000003,2.2259200000000003,2,6,3.3507625276503927
CHEMBL4758307,O/N=C/c1cc(Cl)cc(CN2CCN(c3ccncc3)CC2)c1O,inactive,346.8180000000001,2.5709000000000013,2,6,3.59159042153157
CHEMBL5437711,O/N=C/c1cc(Br)cc(CN2CCN(c3ccncc3)CC2)c1O,inactive,391.2690000000001,2.680000000000001,2,6,3.8941493256148565
CHEMBL5402460,O/N=C/c1cc(F)cc(CN2CCN(c3ccncc3)CC2)c1O,inactive,330.3630000000001,2.0566,2,6,3.6294869104014076
CHEMBL5398991,Cc1cc(/C=N/O)c(O)c(CN2CCN(c3ccccn3)CC2)c1,inactive,326.40000000000003,2.2259200000000003,2,6,3.7399286120149253
CHEMBL5406473,O/N=C/c1cc(Cl)cc(CN2CCN(c3ccccn3)CC2)c1O,inactive,346.8180000000001,2.5709000000000013,2,6,3.6790233226571765
CHEMBL5429752,Cc1cc(/C=N/O)c(O)c(CN2CCC(c3ccncc3)CC2)c1,inactive,325.41200000000003,3.2833200000000016,2,5,3.456180194857342
CHEMBL5401627,O/N=C/c1cc(Cl)cc(CN2CCC(c3ccncc3)CC2)c1O,inactive,345.8300000000001,3.6283000000000025,2,5,3.5826944167554746
CHEMBL5411628,Cc1cc(/C=N/O)c(O)c(CN2CCN(c3ccc([N+](=O)[O-])cc3)CC2)c1,inactive,370.4090000000001,2.7391200000000007,2,7,3.961379838050297
CHEMBL5429288,O=[N+]([O-])c1ccc(N2CCN(Cc3cc(Cl)cc(/C=N/O)c3O)CC2)cc1,inactive,390.8270000000001,3.084100000000001,2,7,3.676129393459491
CHEMBL5427748,O=[N+]([O-])c1ccc(N2CCN(Cc3cc(Br)cc(/C=N/O)c3O)CC2)cc1,inactive,435.27800000000013,3.193200000000002,2,7,3.7349462114959855
CHEMBL5424094,Cc1cc(/C=N/O)c(O)c(CN2CCN(c3ccc([N+](=O)[O-])cc3Cl)CC2)c1,inactive,404.85400000000016,3.392520000000002,2,7,3.6360121702515085
CHEMBL5428301,O=[N+]([O-])c1ccc(N2CCN(Cc3cc(Cl)cc(/C=N/O)c3O)CC2)c(Cl)c1,inactive,425.27200000000016,3.7375000000000025,2,7,3.6428277422769666
CHEMBL5406363,Cc1cc(/C=N/O)c(O)c(CN2CCN(c3ccc(F)cc3)CC2)c1,inactive,343.40200000000004,2.9700200000000017,2,5,3.4928190227397593
CHEMBL5412297,O/N=C/c1cc(Cl)cc(CN2CCN(c3ccc(F)cc3)CC2)c1O,inactive,363.8200000000001,3.3150000000000026,2,5,3.0
CHEMBL5428415,Cc1cc(/C=N/O)c(O)c(CN2CCC(c3ccc(F)cc3)CC2)c1,inactive,342.41400000000004,4.027420000000003,2,4,3.769551078621726
CHEMBL5411077,O/N=C/c1cc(Cl)cc(CN2CCC(c3ccc(F)cc3)CC2)c1O,inactive,362.8320000000001,4.372400000000003,2,4,3.8513973451939068
CHEMBL5431346,Cc1cc(/C=N/O)c(O)c(CN2CCN(c3ccc(Cl)cc3)CC2)c1,inactive,359.8570000000001,3.484320000000002,2,5,3.6794383198047633
CHEMBL5431200,O/N=C/c1cc(Cl)cc(CN2CCN(c3ccc(Cl)cc3)CC2)c1O,inactive,380.2750000000001,3.829300000000003,2,5,3.7456936676687143
CHEMBL5417629,Cc1cc(/C=N/O)c(O)c(CN2CCN(c3ccc(Br)cc3)CC2)c1,inactive,404.30800000000005,3.593420000000002,2,5,3.648590248074561
CHEMBL5402369,O/N=C/c1cc(Cl)cc(CN2CCN(c3ccc(Br)cc3)CC2)c1O,inactive,424.7260000000001,3.938400000000003,2,5,3.5361070110140926
CHEMBL5428266,Cc1cc(/C=N/O)c(O)c(CN2CCN(c3ccc(C(F)(F)F)cc3)CC2)c1,inactive,393.40900000000005,3.8497200000000023,2,5,3.4408118109952244
CHEMBL5424871,O/N=C/c1cc(Cl)cc(CN2CCN(c3ccc(C(F)(F)F)cc3)CC2)c1O,inactive,413.8270000000001,4.194700000000004,2,5,3.0
CHEMBL5422505,O/N=C/c1cc(Br)cc(CN2CCN(c3ccc(C(F)(F)F)cc3)CC2)c1O,inactive,458.27800000000013,4.303800000000003,2,5,3.0
CHEMBL5423171,Cc1cc(/C=N/O)c(O)c(CN2CCN(c3ccc(O)cc3)CC2)c1,inactive,341.41100000000006,2.5365200000000003,3,6,3.686765708305276
CHEMBL5428335,O/N=C/c1cc(Cl)cc(CN2CCN(c3ccc(O)cc3)CC2)c1O,inactive,361.8290000000001,2.8815000000000013,3,6,3.405386490839902
CHEMBL5397804,Cc1ccc(N2CCN(Cc3cc(C)cc(/C=N/O)c3O)CC2)cc1,inactive,339.43900000000014,3.1393400000000016,2,5,3.468393368067278
CHEMBL5412906,Cc1ccc(N2CCN(Cc3cc(Cl)cc(/C=N/O)c3O)CC2)cc1,inactive,359.85700000000014,3.484320000000002,2,5,3.0
CHEMBL5404725,Cc1cc(/C=N/O)c(O)c(CN2CCN(c3ccccc3F)CC2)c1,inactive,343.40200000000004,2.9700200000000017,2,5,3.4188471080337113
CHEMBL5405601,O/N=C/c1cc(Cl)cc(CN2CCN(c3ccccc3F)CC2)c1O,inactive,363.8200000000001,3.3150000000000026,2,5,3.0535968661009454
CHEMBL5399453,Cc1cc(/C=N/O)c(O)c(CN2CCN(c3ccccc3Cl)CC2)c1,inactive,359.8570000000001,3.484320000000002,2,5,3.4313290219901034
CHEMBL5403619,O/N=C/c1cc(Cl)cc(CN2CCN(c3ccccc3Cl)CC2)c1O,inactive,380.2750000000001,3.829300000000004,2,5,3.1334763744671563
CHEMBL5429403,Cc1cc(/C=N/O)c(O)c(CN2CCN(c3ccccc3)CC2)c1,inactive,325.41200000000003,2.8309200000000008,2,5,3.189901959318857
CHEMBL5415364,O/N=C/c1cc(Cl)cc(CN2CCN(c3ccccc3)CC2)c1O,inactive,345.8300000000001,3.1759000000000026,2,5,3.0
CHEMBL5430188,O=C1C(=O)N2CCc3cc4c(c5c3c2c1c1ccccc15)OCO4,inactive,317.30000000000007,2.807100000000001,0,4,4.289882634888183
CHEMBL5404812,COc1ccc2c(c1OC)c1c3c4c(cc5c(c42)OCO5)CCN3C(=O)C1=O,inactive,377.3520000000002,2.824300000000001,0,6,4.481486060122112
CHEMBL5427350,COc1cc(O)cc2c1-c1c3c(cc4c1[C@@H](C2)N(C)CC4)OCO3,inactive,325.36400000000015,2.8816000000000015,1,5,3.5228787452803374
CHEMBL5411734,COc1cc(O)c2c(c1)C[C@@H]1c3c(cc4c(c3-2)OCO4)CCN1C,inactive,325.3640000000001,2.8816000000000015,1,5,4.070581074285707
CHEMBL452201,COc1ccc2c(c1)C[C@H]1NCCc3cc4c(c-2c31)OCO4,inactive,295.338,2.833800000000001,1,4,3.8999742698921374
CHEMBL5416128,COc1cc(O)c2c(c1)C[C@H]1NCCc3cc4c(c-2c31)OCO4,inactive,311.33700000000005,2.5394000000000005,2,5,3.5228787452803374
CHEMBL5408625,COc1cc(O)c2c(c1)C[C@H]1NCCc3c(OC)c4c(c-2c31)OCO4,inactive,341.3630000000001,2.548000000000001,2,6,3.7907531512466264
CHEMBL510954,COc1ccc2c(c1)C[C@@H]1c3c(cc4c(c3-2)OCO4)CCN1C,inactive,309.36500000000007,3.176000000000002,0,4,4.581698708680254
CHEMBL5427951,COc1cc(O)c2c(c1)C[C@@H]1c3c(cc4c(c3-2)OCO4)CC[N@+]1(C)[O-],inactive,341.3630000000001,2.8942000000000014,1,5,3.5228787452803374
CHEMBL5415340,COc1cc(O)c2c(c1)C[C@@H]1c3c(cc4c(c3-2)OCO4)CC[N@@+]1(C)[O-],inactive,341.3630000000001,2.8942000000000014,1,5,3.5228787452803374
CHEMBL5435367,COC1=CC(=O)c2c(cc3c4c(cc5c(c24)OCO5)CCN3C)C1=O,inactive,337.3310000000001,2.4701000000000004,0,6,3.655411257421286
CHEMBL389400,COc1ccc2c(c1)C(=O)c1nccc3cc4c(c-2c13)OCO4,inactive,305.2890000000001,3.183500000000002,0,5,4.962573502059376
CHEMBL5414196,COc1ccc(C[C@H]2c3c(ccc(OC)c3O)CCN2C)cc1,inactive,313.39700000000005,3.1811000000000016,1,4,4.59176003468815
CHEMBL5402370,COc1cc2c(c(O)c1OC)CCN1Cc3c(ccc(O)c3OC)C[C@@H]21,inactive,357.40600000000006,2.7791000000000006,2,6,4.050609993355087
CHEMBL448891,COc1cc2c(cc1OC)[C@@H]1Cc3ccc(O)c(OC)c3CN1CC2,inactive,341.40700000000015,3.073500000000001,1,5,3.6753060861382254
CHEMBL1235966,COc1cc2c(cc1O)[C@@H]1Cc3ccc(OC)c(O)c3CN1CC2,inactive,327.3800000000001,2.770500000000001,2,5,3.8437538096026556
CHEMBL5420095,COc1cc2c(c(O)c1OC)CC[N@+]1(C)Cc3c(ccc(O)c3OC)C[C@@H]21.[OH-],inactive,389.4480000000001,2.7469,2,6,3.8827287043442356
CHEMBL5425587,COc1cc2c(c(O)c1OC)CC[n+]1cc3c(OC)c(O)ccc3cc1-2,inactive,354.38200000000006,2.7874000000000008,2,5,4.785156151952302
CHEMBL5434024,COc1cc2c(cc1O)CC[n+]1cc3c(OC)c(O)ccc3cc1-2,inactive,324.356,2.7788000000000013,2,4,4.7495799976911055
CHEMBL5411138,COC1=C(CC(=O)CCc2ccccc2)C(=O)O[C@@H]1O,inactive,276.288,1.3541,1,5,3.5228787452803374
CHEMBL5397379,O=C1c2c(ccc(O)c2O)CCn2cccc21,inactive,229.23499999999996,1.6864,2,4,4.296794629304514
CHEMBL5435795,O=Cc1ccc2n1CCc1cc(O)c(O)cc1C2,inactive,243.262,1.8586999999999996,2,4,4.23381030668984
CHEMBL5398421,COc1cc(O)c2c(c1)C(=O)c1cc(O)c(O)cc1CCN2,inactive,301.29800000000006,2.0109999999999997,4,6,4.337242168318426
CHEMBL11298,N[C@@H](CO)C(=O)O,inactive,105.09299999999999,-1.6093999999999997,3,3,4.416687848016922
CHEMBL5399112,O=C(Nc1cc(-c2nc3ccccc3[nH]2)n[nH]1)c1ccc(N2CCNCC2)cc1,inactive,387.44700000000023,2.6149000000000004,4,5,5.0
CHEMBL5402411,O=C(Nc1cc(-c2nc3ccccc3[nH]2)[nH]n1)c1ccc(N2CCOCC2)cc1,inactive,388.43100000000027,3.041900000000001,3,5,5.0
